image_id,true_label,final_prediction,pixels_changed,pixels_changed_percent
34913,100 km/h,120 km/h,1,0.043402777777777776
34090,Proib. Ultrapassar,Proib. P/ >3.5t,1,0.043402777777777776
32174,100 km/h,80 km/h,1,0.043402777777777776
7172,100 km/h,70 km/h,1,0.043402777777777776
21775,Animais Selvagens,Obras,1,0.043402777777777776
7114,100 km/h,70 km/h,1,0.043402777777777776
2462,50 km/h,80 km/h,1,0.043402777777777776
29655,Animais Selvagens,Obras,1,0.043402777777777776
30300,120 km/h,60 km/h,1,0.043402777777777776
36606,Animais Selvagens,Cuidado Geral,1,0.043402777777777776
20351,Semáforo,Cuidado Geral,1,0.043402777777777776
8375,120 km/h,70 km/h,1,0.043402777777777776
28395,80 km/h,60 km/h,1,0.043402777777777776
27058,Proib. Ultrapassar,Proibido >3.5t,1,0.043402777777777776
35184,Mantenha-se à Esquerda,Vire à Direita,1,0.043402777777777776
34678,Animais Selvagens,Cuidado Geral,1,0.043402777777777776
27339,50 km/h,80 km/h,2,0.08680555555555555
7117,100 km/h,70 km/h,2,0.08680555555555555
31429,100 km/h,120 km/h,2,0.08680555555555555
36818,Proibido Veículos,50 km/h,2,0.08680555555555555
33068,100 km/h,120 km/h,2,0.08680555555555555
7111,100 km/h,70 km/h,2,0.08680555555555555
29667,120 km/h,60 km/h,2,0.08680555555555555
29322,Neve/Gelo,Curva Perigosa (D),2,0.08680555555555555
38553,Pista Escorregadia,Neve/Gelo,2,0.08680555555555555
2465,50 km/h,80 km/h,2,0.08680555555555555
34557,Pista Irregular,Semáforo,2,0.08680555555555555
846,30 km/h,70 km/h,2,0.08680555555555555
7138,100 km/h,70 km/h,2,0.08680555555555555
37126,100 km/h,Fim de Proibições,2,0.08680555555555555
26249,Rotatória,100 km/h,2,0.08680555555555555
32827,80 km/h,60 km/h,2,0.08680555555555555
20454,Semáforo,Mantenha-se à Direita,2,0.08680555555555555
29594,Pista Escorregadia,Curva Perigosa (E),2,0.08680555555555555
31144,20 km/h,120 km/h,2,0.08680555555555555
29161,Proibido Veículos,Proib. Ultrapassar,2,0.08680555555555555
18567,Pista Irregular,Ciclistas,2,0.08680555555555555
38616,Pista Irregular,Obras,2,0.08680555555555555
35700,Proibido Veículos,Proib. Ultrapassar,2,0.08680555555555555
27564,Curva Perigosa (E),Pista Escorregadia,2,0.08680555555555555
34353,Fim 80,100 km/h,2,0.08680555555555555
33919,Via Prioritária,50 km/h,2,0.08680555555555555
26950,Curva Perigosa (E),Pista Escorregadia,2,0.08680555555555555
35994,Proibido Veículos,50 km/h,2,0.08680555555555555
8035,120 km/h,70 km/h,2,0.08680555555555555
34311,80 km/h,70 km/h,2,0.08680555555555555
5775,80 km/h,60 km/h,3,0.13020833333333331
6179,80 km/h,60 km/h,3,0.13020833333333331
7152,100 km/h,120 km/h,3,0.13020833333333331
6154,80 km/h,60 km/h,3,0.13020833333333331
5764,80 km/h,60 km/h,3,0.13020833333333331
27466,Proibido Veículos,50 km/h,3,0.13020833333333331
36242,50 km/h,80 km/h,3,0.13020833333333331
29623,100 km/h,120 km/h,3,0.13020833333333331
4830,70 km/h,60 km/h,3,0.13020833333333331
32123,100 km/h,120 km/h,3,0.13020833333333331
7262,100 km/h,70 km/h,3,0.13020833333333331
7177,100 km/h,120 km/h,3,0.13020833333333331
22141,Animais Selvagens,Curva Dupla,3,0.13020833333333331
31395,100 km/h,80 km/h,3,0.13020833333333331
18422,Curva Dupla,Pedestres,3,0.13020833333333331
37240,50 km/h,30 km/h,3,0.13020833333333331
34605,Proibido Veículos,50 km/h,3,0.13020833333333331
36829,Proib. Ultrapassar,Proib. P/ >3.5t,3,0.13020833333333331
9846,Proib. Ultrapassar,Proib. P/ >3.5t,3,0.13020833333333331
9845,Proib. Ultrapassar,60 km/h,3,0.13020833333333331
7185,100 km/h,120 km/h,3,0.13020833333333331
21814,Animais Selvagens,Obras,3,0.13020833333333331
29454,Mantenha-se à Esquerda,70 km/h,3,0.13020833333333331
21813,Animais Selvagens,Obras,3,0.13020833333333331
20177,Obras,Semáforo,3,0.13020833333333331
5882,80 km/h,50 km/h,3,0.13020833333333331
8701,120 km/h,60 km/h,3,0.13020833333333331
37826,120 km/h,100 km/h,3,0.13020833333333331
30981,Via Prioritária,30 km/h,3,0.13020833333333331
27574,30 km/h,50 km/h,3,0.13020833333333331
29143,Mantenha-se à Esquerda,70 km/h,3,0.13020833333333331
531,30 km/h,50 km/h,3,0.13020833333333331
33185,120 km/h,80 km/h,3,0.13020833333333331
2165,50 km/h,80 km/h,3,0.13020833333333331
31733,Pista Escorregadia,Crianças,3,0.13020833333333331
34675,Proib. Ultrapassar,Proib. P/ >3.5t,3,0.13020833333333331
33195,100 km/h,80 km/h,3,0.13020833333333331
39200,Proib. Ultrapassar,Proib. P/ >3.5t,3,0.13020833333333331
5851,80 km/h,60 km/h,3,0.13020833333333331
6127,80 km/h,60 km/h,3,0.13020833333333331
5776,80 km/h,60 km/h,3,0.13020833333333331
7178,100 km/h,120 km/h,3,0.13020833333333331
9180,Proib. Ultrapassar,60 km/h,3,0.13020833333333331
7289,100 km/h,120 km/h,4,0.1736111111111111
4816,70 km/h,60 km/h,4,0.1736111111111111
5660,80 km/h,60 km/h,4,0.1736111111111111
7912,100 km/h,120 km/h,4,0.1736111111111111
9851,Proib. Ultrapassar,Proib. P/ >3.5t,4,0.1736111111111111
9211,Proib. Ultrapassar,50 km/h,4,0.1736111111111111
6203,80 km/h,60 km/h,4,0.1736111111111111
5859,80 km/h,60 km/h,4,0.1736111111111111
34316,Curva Dupla,Obras,4,0.1736111111111111
35291,50 km/h,60 km/h,4,0.1736111111111111
32947,Proibido Veículos,50 km/h,4,0.1736111111111111
29951,Proibido Veículos,Proib. Ultrapassar,4,0.1736111111111111
32269,Pista Escorregadia,120 km/h,4,0.1736111111111111
35005,Pista Escorregadia,Crianças,4,0.1736111111111111
11250,Prioridade Cruzamento,Dê a Preferência,4,0.1736111111111111
8611,120 km/h,60 km/h,4,0.1736111111111111
7149,100 km/h,120 km/h,4,0.1736111111111111
516,30 km/h,60 km/h,4,0.1736111111111111
786,30 km/h,50 km/h,4,0.1736111111111111
34576,50 km/h,80 km/h,4,0.1736111111111111
7190,100 km/h,120 km/h,4,0.1736111111111111
28527,120 km/h,70 km/h,4,0.1736111111111111
1111,30 km/h,80 km/h,4,0.1736111111111111
7108,100 km/h,120 km/h,4,0.1736111111111111
29003,Animais Selvagens,Obras,4,0.1736111111111111
36409,Neve/Gelo,Obras,4,0.1736111111111111
2979,50 km/h,60 km/h,4,0.1736111111111111
9096,Proib. Ultrapassar,60 km/h,4,0.1736111111111111
21805,Animais Selvagens,Obras,4,0.1736111111111111
18558,Pista Irregular,Obras,4,0.1736111111111111
3720,60 km/h,80 km/h,4,0.1736111111111111
18633,Pista Irregular,Obras,4,0.1736111111111111
18643,Pista Irregular,Obras,4,0.1736111111111111
18559,Pista Irregular,Obras,4,0.1736111111111111
9856,Proib. Ultrapassar,Proib. P/ >3.5t,4,0.1736111111111111
30880,100 km/h,120 km/h,4,0.1736111111111111
38883,Proibido Veículos,30 km/h,4,0.1736111111111111
7359,100 km/h,30 km/h,4,0.1736111111111111
39268,100 km/h,120 km/h,4,0.1736111111111111
31355,Proibido >3.5t,60 km/h,4,0.1736111111111111
2566,50 km/h,80 km/h,4,0.1736111111111111
7742,100 km/h,120 km/h,4,0.1736111111111111
28889,100 km/h,120 km/h,4,0.1736111111111111
7412,100 km/h,120 km/h,4,0.1736111111111111
33341,Proibido Veículos,30 km/h,4,0.1736111111111111
17024,Cuidado Geral,Prioridade Cruzamento,4,0.1736111111111111
2324,50 km/h,60 km/h,4,0.1736111111111111
29119,Animais Selvagens,Cuidado Geral,4,0.1736111111111111
9468,Proib. Ultrapassar,Proib. P/ >3.5t,4,0.1736111111111111
6610,80 km/h,60 km/h,4,0.1736111111111111
29558,Pista Escorregadia,Obras,5,0.2170138888888889
36185,Fim 80,Fim de Proibições,5,0.2170138888888889
7414,100 km/h,120 km/h,5,0.2170138888888889
32830,Curva Dupla,Estreitamento (D),5,0.2170138888888889
32573,50 km/h,60 km/h,5,0.2170138888888889
3137,50 km/h,80 km/h,5,0.2170138888888889
26846,50 km/h,80 km/h,5,0.2170138888888889
993,30 km/h,80 km/h,5,0.2170138888888889
8758,120 km/h,80 km/h,5,0.2170138888888889
5886,80 km/h,60 km/h,5,0.2170138888888889
5619,80 km/h,60 km/h,5,0.2170138888888889
16051,Proibido >3.5t,80 km/h,5,0.2170138888888889
35815,80 km/h,60 km/h,5,0.2170138888888889
28178,80 km/h,60 km/h,5,0.2170138888888889
5677,80 km/h,60 km/h,5,0.2170138888888889
6271,80 km/h,60 km/h,5,0.2170138888888889
2289,50 km/h,60 km/h,5,0.2170138888888889
27029,Proib. Ultrapassar,Proib. P/ >3.5t,5,0.2170138888888889
5868,80 km/h,60 km/h,5,0.2170138888888889
9438,Proib. Ultrapassar,60 km/h,5,0.2170138888888889
426,30 km/h,80 km/h,5,0.2170138888888889
27951,120 km/h,20 km/h,5,0.2170138888888889
38911,120 km/h,60 km/h,5,0.2170138888888889
8043,120 km/h,80 km/h,5,0.2170138888888889
37894,Animais Selvagens,Obras,5,0.2170138888888889
30303,Animais Selvagens,Curva Perigosa (D),5,0.2170138888888889
29295,Neve/Gelo,Crianças,5,0.2170138888888889
27674,Proib. P/ >3.5t,Dê a Preferência,5,0.2170138888888889
18102,Curva Perigosa (D),Cuidado Geral,5,0.2170138888888889
8675,120 km/h,70 km/h,5,0.2170138888888889
29527,70 km/h,100 km/h,5,0.2170138888888889
4125,70 km/h,30 km/h,5,0.2170138888888889
4123,70 km/h,30 km/h,5,0.2170138888888889
4126,70 km/h,30 km/h,5,0.2170138888888889
7898,100 km/h,120 km/h,5,0.2170138888888889
7160,100 km/h,120 km/h,5,0.2170138888888889
7620,100 km/h,120 km/h,5,0.2170138888888889
34923,Animais Selvagens,80 km/h,5,0.2170138888888889
7243,100 km/h,120 km/h,5,0.2170138888888889
7934,100 km/h,120 km/h,5,0.2170138888888889
7086,100 km/h,120 km/h,5,0.2170138888888889
9308,Proib. Ultrapassar,50 km/h,5,0.2170138888888889
7216,100 km/h,120 km/h,5,0.2170138888888889
2584,50 km/h,80 km/h,5,0.2170138888888889
39170,50 km/h,80 km/h,5,0.2170138888888889
17031,Cuidado Geral,Prioridade Cruzamento,5,0.2170138888888889
36336,100 km/h,120 km/h,5,0.2170138888888889
2496,50 km/h,80 km/h,5,0.2170138888888889
35996,Proibido >3.5t,80 km/h,5,0.2170138888888889
17220,Cuidado Geral,Estreitamento (D),5,0.2170138888888889
31050,Fim 80,100 km/h,5,0.2170138888888889
36312,50 km/h,80 km/h,5,0.2170138888888889
30985,Proibido Veículos,30 km/h,5,0.2170138888888889
30014,Proibido Veículos,30 km/h,5,0.2170138888888889
31611,Proibido Veículos,30 km/h,5,0.2170138888888889
29648,Curva Dupla,Animais Selvagens,5,0.2170138888888889
34824,Curva Perigosa (E),Curva Dupla,5,0.2170138888888889
7187,100 km/h,120 km/h,5,0.2170138888888889
33129,Proibido Veículos,30 km/h,5,0.2170138888888889
35553,Mantenha-se à Direita,Vire à Esquerda,5,0.2170138888888889
6757,Fim 80,Fim de Proibições,5,0.2170138888888889
2841,50 km/h,80 km/h,5,0.2170138888888889
15786,Proibido Veículos,60 km/h,5,0.2170138888888889
35921,Proibido Veículos,30 km/h,5,0.2170138888888889
15729,Proibido Veículos,50 km/h,5,0.2170138888888889
1865,50 km/h,60 km/h,5,0.2170138888888889
2415,50 km/h,80 km/h,5,0.2170138888888889
21791,Animais Selvagens,Curva Dupla,5,0.2170138888888889
32062,Animais Selvagens,Obras,5,0.2170138888888889
3736,60 km/h,80 km/h,5,0.2170138888888889
33210,Semáforo,Cuidado Geral,5,0.2170138888888889
20882,Crianças,Estreitamento (D),5,0.2170138888888889
16029,Proibido >3.5t,80 km/h,5,0.2170138888888889
4819,70 km/h,60 km/h,5,0.2170138888888889
4920,70 km/h,60 km/h,5,0.2170138888888889
30276,100 km/h,120 km/h,5,0.2170138888888889
36618,Proib. Ultrapassar,60 km/h,5,0.2170138888888889
7134,100 km/h,70 km/h,5,0.2170138888888889
30723,Proibido Veículos,30 km/h,5,0.2170138888888889
28158,Proibido >3.5t,80 km/h,5,0.2170138888888889
7441,100 km/h,120 km/h,5,0.2170138888888889
34488,Rotatória,Siga em Frente,5,0.2170138888888889
9868,Proib. Ultrapassar,Proib. P/ >3.5t,5,0.2170138888888889
6207,80 km/h,60 km/h,5,0.2170138888888889
6627,80 km/h,60 km/h,5,0.2170138888888889
6556,80 km/h,60 km/h,5,0.2170138888888889
6226,80 km/h,60 km/h,5,0.2170138888888889
37107,70 km/h,120 km/h,6,0.26041666666666663
29702,Pista Irregular,Ciclistas,6,0.26041666666666663
6562,80 km/h,60 km/h,6,0.26041666666666663
35538,Proib. Ultrapassar,Proib. P/ >3.5t,6,0.26041666666666663
7896,100 km/h,120 km/h,6,0.26041666666666663
32922,100 km/h,120 km/h,6,0.26041666666666663
5719,80 km/h,60 km/h,6,0.26041666666666663
30202,80 km/h,100 km/h,6,0.26041666666666663
6186,80 km/h,60 km/h,6,0.26041666666666663
37507,Proib. Ultrapassar,Proib. P/ >3.5t,6,0.26041666666666663
38023,100 km/h,60 km/h,6,0.26041666666666663
31708,Curva Perigosa (E),Pista Escorregadia,6,0.26041666666666663
21816,Animais Selvagens,Crianças,6,0.26041666666666663
34088,Neve/Gelo,Crianças,6,0.26041666666666663
27665,Neve/Gelo,Prioridade Cruzamento,6,0.26041666666666663
7415,100 km/h,120 km/h,6,0.26041666666666663
5061,70 km/h,120 km/h,6,0.26041666666666663
4272,70 km/h,30 km/h,6,0.26041666666666663
38583,70 km/h,60 km/h,6,0.26041666666666663
7454,100 km/h,120 km/h,6,0.26041666666666663
2474,50 km/h,60 km/h,6,0.26041666666666663
29439,120 km/h,70 km/h,6,0.26041666666666663
7440,100 km/h,120 km/h,6,0.26041666666666663
1115,30 km/h,80 km/h,6,0.26041666666666663
7426,100 km/h,120 km/h,6,0.26041666666666663
38307,Proib. Ultrapassar,Proib. P/ >3.5t,6,0.26041666666666663
8924,Proib. Ultrapassar,Proib. P/ >3.5t,6,0.26041666666666663
2069,50 km/h,100 km/h,6,0.26041666666666663
20971,Crianças,Ciclistas,6,0.26041666666666663
29040,Crianças,Estreitamento (D),6,0.26041666666666663
6753,Fim 80,Fim de Proibições,6,0.26041666666666663
30810,70 km/h,60 km/h,6,0.26041666666666663
26749,70 km/h,80 km/h,6,0.26041666666666663
8238,120 km/h,100 km/h,6,0.26041666666666663
1355,30 km/h,80 km/h,6,0.26041666666666663
29809,70 km/h,60 km/h,6,0.26041666666666663
31914,Animais Selvagens,Obras,6,0.26041666666666663
33926,Crianças,Estreitamento (D),6,0.26041666666666663
37299,Neve/Gelo,Crianças,6,0.26041666666666663
21794,Animais Selvagens,Obras,6,0.26041666666666663
21817,Animais Selvagens,Crianças,6,0.26041666666666663
31414,Animais Selvagens,Obras,6,0.26041666666666663
21753,Animais Selvagens,Obras,6,0.26041666666666663
32456,Animais Selvagens,80 km/h,6,0.26041666666666663
21806,Animais Selvagens,Obras,6,0.26041666666666663
21790,Animais Selvagens,Obras,6,0.26041666666666663
17028,Cuidado Geral,Prioridade Cruzamento,6,0.26041666666666663
17997,Curva Perigosa (D),Crianças,6,0.26041666666666663
36323,70 km/h,80 km/h,6,0.26041666666666663
2234,50 km/h,60 km/h,6,0.26041666666666663
29870,Animais Selvagens,80 km/h,6,0.26041666666666663
19830,Obras,Curva Dupla,6,0.26041666666666663
10202,Proib. P/ >3.5t,60 km/h,6,0.26041666666666663
33597,60 km/h,80 km/h,6,0.26041666666666663
32088,Proibido Veículos,30 km/h,6,0.26041666666666663
39044,50 km/h,30 km/h,6,0.26041666666666663
2226,50 km/h,60 km/h,6,0.26041666666666663
34929,50 km/h,80 km/h,6,0.26041666666666663
2365,50 km/h,80 km/h,6,0.26041666666666663
30670,Fim 80,100 km/h,6,0.26041666666666663
21822,Animais Selvagens,Crianças,6,0.26041666666666663
2411,50 km/h,60 km/h,6,0.26041666666666663
33046,Proibido Entrar,30 km/h,6,0.26041666666666663
10566,Proib. P/ >3.5t,60 km/h,6,0.26041666666666663
28942,Via Prioritária,30 km/h,6,0.26041666666666663
8203,120 km/h,100 km/h,6,0.26041666666666663
31264,120 km/h,80 km/h,6,0.26041666666666663
5043,70 km/h,60 km/h,6,0.26041666666666663
5041,70 km/h,60 km/h,6,0.26041666666666663
21831,Animais Selvagens,Pista Escorregadia,6,0.26041666666666663
2222,50 km/h,60 km/h,6,0.26041666666666663
17961,Curva Perigosa (E),100 km/h,6,0.26041666666666663
28966,Curva Perigosa (E),Neve/Gelo,6,0.26041666666666663
17948,Curva Perigosa (E),100 km/h,6,0.26041666666666663
30468,100 km/h,120 km/h,6,0.26041666666666663
34188,Via Prioritária,50 km/h,6,0.26041666666666663
36916,Curva Dupla,Obras,6,0.26041666666666663
4183,70 km/h,30 km/h,6,0.26041666666666663
27578,Fim Proib. >3.5t,Fim 80,6,0.26041666666666663
26325,Fim Proib. Ultrapassar,Fim 80,6,0.26041666666666663
16060,Proibido >3.5t,80 km/h,6,0.26041666666666663
5774,80 km/h,60 km/h,6,0.26041666666666663
31752,PARE,Dê a Preferência,6,0.26041666666666663
29707,Siga em Frente,Vire à Direita,6,0.26041666666666663
31331,Curva Dupla,Obras,6,0.26041666666666663
7476,100 km/h,120 km/h,6,0.26041666666666663
7474,100 km/h,120 km/h,6,0.26041666666666663
39095,Proibido >3.5t,80 km/h,6,0.26041666666666663
28396,Proib. Ultrapassar,Proib. P/ >3.5t,6,0.26041666666666663
33212,Proib. Ultrapassar,Proib. P/ >3.5t,6,0.26041666666666663
6353,80 km/h,60 km/h,6,0.26041666666666663
16059,Proibido >3.5t,80 km/h,7,0.3038194444444445
16038,Proibido >3.5t,80 km/h,7,0.3038194444444445
35675,70 km/h,Fim de Proibições,7,0.3038194444444445
5657,80 km/h,60 km/h,7,0.3038194444444445
6277,80 km/h,60 km/h,7,0.3038194444444445
7213,100 km/h,120 km/h,7,0.3038194444444445
7503,100 km/h,120 km/h,7,0.3038194444444445
32904,Curva Dupla,Obras,7,0.3038194444444445
37933,Pista Irregular,Obras,7,0.3038194444444445
7242,100 km/h,120 km/h,7,0.3038194444444445
17944,Curva Perigosa (E),120 km/h,7,0.3038194444444445
17852,Curva Perigosa (E),Pista Escorregadia,7,0.3038194444444445
4928,70 km/h,60 km/h,7,0.3038194444444445
37491,Proib. P/ >3.5t,Mantenha-se à Direita,7,0.3038194444444445
34418,100 km/h,120 km/h,7,0.3038194444444445
28557,Proibido >3.5t,80 km/h,7,0.3038194444444445
7897,100 km/h,120 km/h,7,0.3038194444444445
7424,100 km/h,120 km/h,7,0.3038194444444445
28561,Pista Irregular,Obras,7,0.3038194444444445
29533,Pista Irregular,Obras,7,0.3038194444444445
28493,20 km/h,70 km/h,7,0.3038194444444445
28956,Curva Dupla,Obras,7,0.3038194444444445
17309,Cuidado Geral,Estreitamento (D),7,0.3038194444444445
19849,Obras,Neve/Gelo,7,0.3038194444444445
3091,50 km/h,30 km/h,7,0.3038194444444445
2530,50 km/h,80 km/h,7,0.3038194444444445
577,30 km/h,80 km/h,7,0.3038194444444445
29855,70 km/h,120 km/h,7,0.3038194444444445
18648,Pista Irregular,Obras,7,0.3038194444444445
34142,120 km/h,80 km/h,7,0.3038194444444445
35230,Cuidado Geral,Semáforo,7,0.3038194444444445
33096,Semáforo,Cuidado Geral,7,0.3038194444444445
3754,60 km/h,30 km/h,7,0.3038194444444445
5131,70 km/h,60 km/h,7,0.3038194444444445
34349,70 km/h,60 km/h,7,0.3038194444444445
4898,70 km/h,60 km/h,7,0.3038194444444445
37607,50 km/h,80 km/h,7,0.3038194444444445
20981,Crianças,Ciclistas,7,0.3038194444444445
20919,Crianças,Neve/Gelo,7,0.3038194444444445
36500,50 km/h,80 km/h,7,0.3038194444444445
34582,Proibido Veículos,50 km/h,7,0.3038194444444445
28208,50 km/h,60 km/h,7,0.3038194444444445
29562,100 km/h,120 km/h,7,0.3038194444444445
38145,50 km/h,60 km/h,7,0.3038194444444445
22817,Vire à Direita,Mantenha-se à Direita,7,0.3038194444444445
37029,Vire à Direita,Mantenha-se à Esquerda,7,0.3038194444444445
33122,30 km/h,20 km/h,7,0.3038194444444445
11323,Prioridade Cruzamento,Cuidado Geral,7,0.3038194444444445
28571,120 km/h,80 km/h,7,0.3038194444444445
2835,50 km/h,80 km/h,7,0.3038194444444445
31712,Proibido >3.5t,80 km/h,7,0.3038194444444445
16039,Proibido >3.5t,80 km/h,7,0.3038194444444445
19858,Obras,Neve/Gelo,7,0.3038194444444445
9218,Proib. Ultrapassar,50 km/h,7,0.3038194444444445
18392,Curva Dupla,Estreitamento (D),7,0.3038194444444445
18393,Curva Dupla,Estreitamento (D),7,0.3038194444444445
30855,Proibido >3.5t,80 km/h,7,0.3038194444444445
8981,Proib. Ultrapassar,Proib. P/ >3.5t,7,0.3038194444444445
7493,100 km/h,120 km/h,7,0.3038194444444445
6595,80 km/h,60 km/h,7,0.3038194444444445
33476,Neve/Gelo,Crianças,7,0.3038194444444445
29239,Neve/Gelo,Obras,7,0.3038194444444445
31394,Curva Perigosa (E),Curva Dupla,8,0.3472222222222222
9488,Proib. Ultrapassar,Proib. P/ >3.5t,8,0.3472222222222222
34779,Proib. Ultrapassar,Proib. P/ >3.5t,8,0.3472222222222222
16065,Proibido >3.5t,60 km/h,8,0.3472222222222222
36858,70 km/h,60 km/h,8,0.3472222222222222
35548,30 km/h,50 km/h,8,0.3472222222222222
8243,120 km/h,100 km/h,8,0.3472222222222222
31467,Pista Irregular,Obras,8,0.3472222222222222
1089,30 km/h,80 km/h,8,0.3472222222222222
13432,Via Prioritária,Dê a Preferência,8,0.3472222222222222
19987,Obras,Neve/Gelo,8,0.3472222222222222
36180,Proib. P/ >3.5t,60 km/h,8,0.3472222222222222
29813,Mantenha-se à Direita,Vire à Esquerda,8,0.3472222222222222
9216,Proib. Ultrapassar,50 km/h,8,0.3472222222222222
6578,80 km/h,60 km/h,8,0.3472222222222222
33157,Proib. Ultrapassar,Proib. P/ >3.5t,8,0.3472222222222222
9719,Proib. Ultrapassar,80 km/h,8,0.3472222222222222
6762,Fim 80,Rotatória,8,0.3472222222222222
33243,Neve/Gelo,Crianças,8,0.3472222222222222
10565,Proib. P/ >3.5t,60 km/h,8,0.3472222222222222
27822,Animais Selvagens,80 km/h,8,0.3472222222222222
9188,Proib. Ultrapassar,60 km/h,8,0.3472222222222222
5895,80 km/h,60 km/h,8,0.3472222222222222
35021,120 km/h,70 km/h,8,0.3472222222222222
29380,Pista Escorregadia,Neve/Gelo,8,0.3472222222222222
29959,Prioridade Cruzamento,Obras,8,0.3472222222222222
29000,Neve/Gelo,Crianças,8,0.3472222222222222
6954,Fim 80,Prioridade Cruzamento,8,0.3472222222222222
18551,Pista Irregular,Obras,8,0.3472222222222222
34859,Pista Irregular,Obras,8,0.3472222222222222
64,20 km/h,80 km/h,8,0.3472222222222222
20452,Semáforo,60 km/h,8,0.3472222222222222
31165,Neve/Gelo,Crianças,8,0.3472222222222222
8722,120 km/h,80 km/h,8,0.3472222222222222
37950,120 km/h,80 km/h,8,0.3472222222222222
8041,120 km/h,80 km/h,8,0.3472222222222222
8352,120 km/h,80 km/h,8,0.3472222222222222
20610,Semáforo,Cuidado Geral,8,0.3472222222222222
26530,Fim Proib. >3.5t,Fim 80,8,0.3472222222222222
37532,Fim Proib. Ultrapassar,Fim Proib. >3.5t,8,0.3472222222222222
37879,Pista Escorregadia,Ciclistas,8,0.3472222222222222
29878,Pista Escorregadia,Neve/Gelo,8,0.3472222222222222
22180,Animais Selvagens,Curva Dupla,8,0.3472222222222222
33650,Curva Perigosa (E),120 km/h,8,0.3472222222222222
8619,120 km/h,30 km/h,8,0.3472222222222222
8117,120 km/h,80 km/h,8,0.3472222222222222
38565,Neve/Gelo,Crianças,8,0.3472222222222222
27621,100 km/h,120 km/h,8,0.3472222222222222
18399,Curva Dupla,Estreitamento (D),8,0.3472222222222222
18346,Curva Dupla,Pista Escorregadia,8,0.3472222222222222
17896,Curva Perigosa (E),Pista Escorregadia,8,0.3472222222222222
17898,Curva Perigosa (E),Estreitamento (D),8,0.3472222222222222
33273,Curva Perigosa (E),Neve/Gelo,8,0.3472222222222222
10721,Proib. P/ >3.5t,60 km/h,8,0.3472222222222222
19999,Obras,Neve/Gelo,8,0.3472222222222222
18282,Curva Dupla,Ciclistas,8,0.3472222222222222
37040,100 km/h,80 km/h,8,0.3472222222222222
7635,100 km/h,120 km/h,8,0.3472222222222222
18425,Curva Dupla,Pedestres,8,0.3472222222222222
17874,Curva Perigosa (E),Curva Dupla,8,0.3472222222222222
880,30 km/h,80 km/h,8,0.3472222222222222
6223,80 km/h,60 km/h,8,0.3472222222222222
7431,100 km/h,120 km/h,8,0.3472222222222222
9187,Proib. Ultrapassar,60 km/h,8,0.3472222222222222
5877,80 km/h,60 km/h,9,0.390625
7945,100 km/h,120 km/h,9,0.390625
9793,Proib. Ultrapassar,Proib. P/ >3.5t,9,0.390625
30167,Proib. Ultrapassar,Proib. P/ >3.5t,9,0.390625
8979,Proib. Ultrapassar,Proib. P/ >3.5t,9,0.390625
18058,Curva Perigosa (D),Cuidado Geral,9,0.390625
33301,Via Prioritária,30 km/h,9,0.390625
33821,Pista Irregular,Ciclistas,9,0.390625
35795,Pista Irregular,Obras,9,0.390625
26564,Fim Proib. >3.5t,Fim de Proibições,9,0.390625
31662,Fim Proib. >3.5t,Fim de Proibições,9,0.390625
29790,Pista Irregular,Obras,9,0.390625
38899,100 km/h,120 km/h,9,0.390625
18285,Curva Dupla,Estreitamento (D),9,0.390625
38485,Proib. Ultrapassar,80 km/h,9,0.390625
26843,30 km/h,80 km/h,9,0.390625
18662,Pista Irregular,Obras,9,0.390625
31092,Animais Selvagens,80 km/h,9,0.390625
10588,Proib. P/ >3.5t,Proib. Ultrapassar,9,0.390625
34791,Proib. P/ >3.5t,60 km/h,9,0.390625
21784,Animais Selvagens,80 km/h,9,0.390625
1927,50 km/h,100 km/h,9,0.390625
18347,Curva Dupla,Pista Escorregadia,9,0.390625
17862,Curva Perigosa (E),Neve/Gelo,9,0.390625
8874,120 km/h,80 km/h,9,0.390625
28534,50 km/h,80 km/h,9,0.390625
2850,50 km/h,80 km/h,9,0.390625
31741,Cuidado Geral,Estreitamento (D),9,0.390625
38890,Pista Escorregadia,Obras,9,0.390625
39113,Animais Selvagens,80 km/h,9,0.390625
10695,Proib. P/ >3.5t,60 km/h,9,0.390625
10654,Proib. P/ >3.5t,60 km/h,9,0.390625
8497,120 km/h,60 km/h,9,0.390625
20441,Semáforo,120 km/h,9,0.390625
38357,Semáforo,Cuidado Geral,9,0.390625
20407,Semáforo,120 km/h,9,0.390625
27736,Neve/Gelo,Crianças,9,0.390625
21649,Neve/Gelo,Crianças,9,0.390625
35027,120 km/h,80 km/h,9,0.390625
488,30 km/h,80 km/h,9,0.390625
5081,70 km/h,120 km/h,9,0.390625
8366,120 km/h,80 km/h,9,0.390625
8691,120 km/h,80 km/h,9,0.390625
8369,120 km/h,100 km/h,9,0.390625
34951,30 km/h,80 km/h,9,0.390625
22001,Animais Selvagens,Curva Dupla,9,0.390625
25714,Mantenha-se à Direita,Vire à Direita,9,0.390625
2978,50 km/h,60 km/h,9,0.390625
28648,70 km/h,120 km/h,9,0.390625
6248,80 km/h,60 km/h,9,0.390625
5791,80 km/h,60 km/h,9,0.390625
20710,Pedestres,Cuidado Geral,9,0.390625
28579,80 km/h,30 km/h,9,0.390625
17832,Curva Perigosa (E),Pista Escorregadia,9,0.390625
37937,Proib. P/ >3.5t,60 km/h,9,0.390625
33420,Proib. P/ >3.5t,60 km/h,9,0.390625
21792,Animais Selvagens,80 km/h,9,0.390625
26959,70 km/h,60 km/h,9,0.390625
37576,Pista Irregular,Obras,9,0.390625
1357,30 km/h,80 km/h,9,0.390625
485,30 km/h,50 km/h,9,0.390625
518,30 km/h,60 km/h,9,0.390625
29024,Pista Irregular,Obras,9,0.390625
4419,70 km/h,30 km/h,9,0.390625
18109,Curva Perigosa (D),80 km/h,9,0.390625
28146,30 km/h,80 km/h,9,0.390625
35101,30 km/h,80 km/h,9,0.390625
19112,Estreitamento (D),Curva Dupla,9,0.390625
31539,100 km/h,120 km/h,9,0.390625
15617,Proibido Veículos,60 km/h,9,0.390625
9390,Proib. Ultrapassar,Proib. P/ >3.5t,9,0.390625
8912,Proib. Ultrapassar,Proib. P/ >3.5t,9,0.390625
16033,Proibido >3.5t,60 km/h,9,0.390625
20841,Pedestres,Cuidado Geral,9,0.390625
33203,80 km/h,60 km/h,9,0.390625
6225,80 km/h,60 km/h,9,0.390625
28985,Fim de Proibições,Fim Proib. Ultrapassar,9,0.390625
29749,Mantenha-se à Esquerda,80 km/h,10,0.4340277777777778
5758,80 km/h,60 km/h,10,0.4340277777777778
36792,Proibido Veículos,Proib. Ultrapassar,10,0.4340277777777778
4208,70 km/h,60 km/h,10,0.4340277777777778
29428,120 km/h,100 km/h,10,0.4340277777777778
7961,120 km/h,80 km/h,10,0.4340277777777778
5068,70 km/h,60 km/h,10,0.4340277777777778
18452,Pista Irregular,Obras,10,0.4340277777777778
37020,70 km/h,60 km/h,10,0.4340277777777778
35419,Siga em Frente,Vire à Direita,10,0.4340277777777778
5838,80 km/h,60 km/h,10,0.4340277777777778
5648,80 km/h,60 km/h,10,0.4340277777777778
35378,Pista Irregular,Ciclistas,10,0.4340277777777778
31498,100 km/h,120 km/h,10,0.4340277777777778
4241,70 km/h,30 km/h,10,0.4340277777777778
35402,Proib. Ultrapassar,Proib. P/ >3.5t,10,0.4340277777777778
28430,Rotatória,Siga em Frente,10,0.4340277777777778
6335,80 km/h,60 km/h,10,0.4340277777777778
32151,100 km/h,120 km/h,10,0.4340277777777778
35943,Cuidado Geral,Curva Perigosa (E),10,0.4340277777777778
13092,Via Prioritária,Obras,10,0.4340277777777778
20414,Semáforo,120 km/h,10,0.4340277777777778
8100,120 km/h,60 km/h,10,0.4340277777777778
30882,50 km/h,60 km/h,10,0.4340277777777778
6779,Fim 80,30 km/h,10,0.4340277777777778
35935,Fim 80,100 km/h,10,0.4340277777777778
2305,50 km/h,Proib. P/ >3.5t,10,0.4340277777777778
15733,Proibido Veículos,Proib. Ultrapassar,10,0.4340277777777778
2307,50 km/h,80 km/h,10,0.4340277777777778
1791,50 km/h,60 km/h,10,0.4340277777777778
8042,120 km/h,80 km/h,10,0.4340277777777778
3,20 km/h,50 km/h,10,0.4340277777777778
6110,80 km/h,60 km/h,10,0.4340277777777778
4967,70 km/h,60 km/h,10,0.4340277777777778
6759,Fim 80,120 km/h,10,0.4340277777777778
8694,120 km/h,70 km/h,10,0.4340277777777778
8879,120 km/h,80 km/h,10,0.4340277777777778
34120,Animais Selvagens,Crianças,10,0.4340277777777778
31756,Proibido Veículos,Proib. Ultrapassar,10,0.4340277777777778
7504,100 km/h,120 km/h,10,0.4340277777777778
8693,120 km/h,70 km/h,10,0.4340277777777778
26939,Semáforo,Cuidado Geral,10,0.4340277777777778
27725,120 km/h,80 km/h,10,0.4340277777777778
8612,120 km/h,80 km/h,10,0.4340277777777778
31401,120 km/h,80 km/h,10,0.4340277777777778
18666,Pista Irregular,Ciclistas,10,0.4340277777777778
18642,Pista Irregular,Obras,10,0.4340277777777778
33641,120 km/h,80 km/h,10,0.4340277777777778
28684,60 km/h,50 km/h,10,0.4340277777777778
20435,Semáforo,120 km/h,10,0.4340277777777778
8125,120 km/h,80 km/h,10,0.4340277777777778
8137,120 km/h,30 km/h,10,0.4340277777777778
23282,Siga em Frente,Vire à Direita,10,0.4340277777777778
28426,Animais Selvagens,Pista Escorregadia,10,0.4340277777777778
6425,80 km/h,60 km/h,10,0.4340277777777778
30725,100 km/h,120 km/h,10,0.4340277777777778
27000,Proib. Ultrapassar,Proib. P/ >3.5t,10,0.4340277777777778
35783,120 km/h,80 km/h,10,0.4340277777777778
1754,50 km/h,80 km/h,10,0.4340277777777778
27222,100 km/h,120 km/h,10,0.4340277777777778
33952,100 km/h,120 km/h,10,0.4340277777777778
33044,100 km/h,120 km/h,10,0.4340277777777778
37045,70 km/h,120 km/h,10,0.4340277777777778
35699,Proibido Veículos,50 km/h,10,0.4340277777777778
9375,Proib. Ultrapassar,Proib. P/ >3.5t,11,0.4774305555555556
9385,Proib. Ultrapassar,Proib. P/ >3.5t,11,0.4774305555555556
9108,Proib. Ultrapassar,Proib. P/ >3.5t,11,0.4774305555555556
17826,Curva Perigosa (E),Estreitamento (D),11,0.4774305555555556
9371,Proib. Ultrapassar,Proib. P/ >3.5t,11,0.4774305555555556
9678,Proib. Ultrapassar,Proib. P/ >3.5t,11,0.4774305555555556
18298,Curva Dupla,Obras,11,0.4774305555555556
22201,Animais Selvagens,Obras,11,0.4774305555555556
18213,Curva Dupla,Obras,11,0.4774305555555556
20002,Obras,Neve/Gelo,11,0.4774305555555556
2268,50 km/h,80 km/h,11,0.4774305555555556
2590,50 km/h,80 km/h,11,0.4774305555555556
22197,Animais Selvagens,Curva Dupla,11,0.4774305555555556
20314,Semáforo,Cuidado Geral,11,0.4774305555555556
3731,60 km/h,80 km/h,11,0.4774305555555556
35472,Fim Proib. Ultrapassar,Fim Proib. >3.5t,11,0.4774305555555556
3752,60 km/h,30 km/h,11,0.4774305555555556
28452,Via Prioritária,Dê a Preferência,11,0.4774305555555556
22207,Animais Selvagens,Obras,11,0.4774305555555556
29144,Siga em Frente,Vire à Direita,11,0.4774305555555556
19948,Obras,Crianças,11,0.4774305555555556
9072,Proib. Ultrapassar,Proib. P/ >3.5t,11,0.4774305555555556
20307,Semáforo,Cuidado Geral,11,0.4774305555555556
8757,120 km/h,80 km/h,11,0.4774305555555556
17829,Curva Perigosa (E),Pista Escorregadia,11,0.4774305555555556
17844,Curva Perigosa (E),Estreitamento (D),11,0.4774305555555556
18500,Pista Irregular,Ciclistas,11,0.4774305555555556
35629,30 km/h,80 km/h,11,0.4774305555555556
34687,Estreitamento (D),100 km/h,11,0.4774305555555556
21624,Neve/Gelo,Crianças,11,0.4774305555555556
17878,Curva Perigosa (E),Estreitamento (D),11,0.4774305555555556
18288,Curva Dupla,Estreitamento (D),11,0.4774305555555556
15712,Proibido Veículos,Proib. Ultrapassar,11,0.4774305555555556
1763,50 km/h,80 km/h,11,0.4774305555555556
22056,Animais Selvagens,Curva Dupla,11,0.4774305555555556
37258,Proib. Ultrapassar,Proib. P/ >3.5t,11,0.4774305555555556
15946,Proibido Veículos,Proib. Ultrapassar,11,0.4774305555555556
15936,Proibido Veículos,60 km/h,11,0.4774305555555556
15602,Proibido Veículos,Proib. Ultrapassar,11,0.4774305555555556
32364,Fim 80,100 km/h,11,0.4774305555555556
6723,Fim 80,80 km/h,11,0.4774305555555556
31953,Neve/Gelo,Prioridade Cruzamento,11,0.4774305555555556
9370,Proib. Ultrapassar,Proib. P/ >3.5t,11,0.4774305555555556
26044,Rotatória,Vire à Direita,11,0.4774305555555556
9376,Proib. Ultrapassar,Proib. P/ >3.5t,11,0.4774305555555556
31888,Rotatória,Frente ou Esquerda,11,0.4774305555555556
15941,Proibido Veículos,Proib. Ultrapassar,11,0.4774305555555556
35743,Pista Irregular,Ciclistas,11,0.4774305555555556
36294,Proibido Veículos,Proib. Ultrapassar,11,0.4774305555555556
34000,Pista Irregular,Crianças,11,0.4774305555555556
35382,30 km/h,80 km/h,11,0.4774305555555556
31617,Fim de Proibições,Fim Proib. Ultrapassar,11,0.4774305555555556
9070,Proib. Ultrapassar,Proib. P/ >3.5t,11,0.4774305555555556
8926,Proib. Ultrapassar,Proib. P/ >3.5t,12,0.5208333333333333
9247,Proib. Ultrapassar,Proib. P/ >3.5t,12,0.5208333333333333
7585,100 km/h,120 km/h,12,0.5208333333333333
9676,Proib. Ultrapassar,Proib. P/ >3.5t,12,0.5208333333333333
15959,Proibido Veículos,Proib. Ultrapassar,12,0.5208333333333333
29266,100 km/h,120 km/h,12,0.5208333333333333
8148,120 km/h,100 km/h,12,0.5208333333333333
32808,120 km/h,100 km/h,12,0.5208333333333333
8158,120 km/h,80 km/h,12,0.5208333333333333
30198,Pista Irregular,Crianças,12,0.5208333333333333
9478,Proib. Ultrapassar,Proib. P/ >3.5t,12,0.5208333333333333
31298,Frente ou Esquerda,Siga em Frente,12,0.5208333333333333
8051,120 km/h,80 km/h,12,0.5208333333333333
12894,Via Prioritária,Prioridade Cruzamento,12,0.5208333333333333
21655,Neve/Gelo,Crianças,12,0.5208333333333333
20637,Semáforo,Cuidado Geral,12,0.5208333333333333
29973,Animais Selvagens,Curva Dupla,12,0.5208333333333333
8138,120 km/h,60 km/h,12,0.5208333333333333
10665,Proib. P/ >3.5t,Proib. Ultrapassar,12,0.5208333333333333
22204,Animais Selvagens,Curva Dupla,12,0.5208333333333333
22061,Animais Selvagens,Curva Dupla,12,0.5208333333333333
29492,Animais Selvagens,Curva Dupla,12,0.5208333333333333
22052,Animais Selvagens,Prioridade Cruzamento,12,0.5208333333333333
22208,Animais Selvagens,Obras,12,0.5208333333333333
22182,Animais Selvagens,Curva Dupla,12,0.5208333333333333
22070,Animais Selvagens,Curva Dupla,12,0.5208333333333333
23498,Siga em Frente,Rotatória,12,0.5208333333333333
17900,Curva Perigosa (E),Estreitamento (D),12,0.5208333333333333
27955,Siga em Frente,Vire à Direita,12,0.5208333333333333
6694,Fim 80,80 km/h,12,0.5208333333333333
34987,Siga em Frente,Vire à Direita,12,0.5208333333333333
34081,120 km/h,100 km/h,12,0.5208333333333333
8228,120 km/h,30 km/h,12,0.5208333333333333
30726,Curva Dupla,Crianças,12,0.5208333333333333
6775,Fim 80,30 km/h,12,0.5208333333333333
22213,Animais Selvagens,Curva Dupla,12,0.5208333333333333
37931,Cuidado Geral,80 km/h,12,0.5208333333333333
2309,50 km/h,80 km/h,12,0.5208333333333333
29848,30 km/h,Cuidado Geral,12,0.5208333333333333
877,30 km/h,80 km/h,12,0.5208333333333333
38257,Neve/Gelo,Prioridade Cruzamento,12,0.5208333333333333
20628,Semáforo,Cuidado Geral,12,0.5208333333333333
20297,Semáforo,Cuidado Geral,12,0.5208333333333333
27579,Via Prioritária,Fim de Proibições,12,0.5208333333333333
17640,Cuidado Geral,Crianças,12,0.5208333333333333
15638,Proibido Veículos,60 km/h,12,0.5208333333333333
21603,Neve/Gelo,Cuidado Geral,12,0.5208333333333333
8707,120 km/h,30 km/h,12,0.5208333333333333
20825,Pedestres,Cuidado Geral,12,0.5208333333333333
18534,Pista Irregular,Obras,12,0.5208333333333333
37238,Pista Irregular,Obras,12,0.5208333333333333
8687,120 km/h,100 km/h,12,0.5208333333333333
8880,120 km/h,80 km/h,12,0.5208333333333333
6243,80 km/h,60 km/h,12,0.5208333333333333
8233,120 km/h,100 km/h,12,0.5208333333333333
8747,120 km/h,100 km/h,12,0.5208333333333333
4598,70 km/h,80 km/h,12,0.5208333333333333
1023,30 km/h,60 km/h,12,0.5208333333333333
7506,100 km/h,120 km/h,13,0.564236111111111
8143,120 km/h,70 km/h,13,0.564236111111111
35292,30 km/h,80 km/h,13,0.564236111111111
8873,120 km/h,80 km/h,13,0.564236111111111
13058,Via Prioritária,Dê a Preferência,13,0.564236111111111
8013,120 km/h,80 km/h,13,0.564236111111111
6764,Fim 80,Fim de Proibições,13,0.564236111111111
6767,Fim 80,Rotatória,13,0.564236111111111
34937,Prioridade Cruzamento,Neve/Gelo,13,0.564236111111111
6745,Fim 80,30 km/h,13,0.564236111111111
20317,Semáforo,Cuidado Geral,13,0.564236111111111
8256,120 km/h,30 km/h,13,0.564236111111111
26854,Obras,Estreitamento (D),13,0.564236111111111
22190,Animais Selvagens,Curva Dupla,13,0.564236111111111
33395,Proib. P/ >3.5t,60 km/h,13,0.564236111111111
1875,50 km/h,Dê a Preferência,13,0.564236111111111
22188,Animais Selvagens,Curva Dupla,13,0.564236111111111
17848,Curva Perigosa (E),Estreitamento (D),13,0.564236111111111
18418,Curva Dupla,Estreitamento (D),13,0.564236111111111
18440,Curva Dupla,Crianças,13,0.564236111111111
39161,50 km/h,80 km/h,13,0.564236111111111
34550,Curva Dupla,Estreitamento (D),13,0.564236111111111
19944,Obras,Neve/Gelo,13,0.564236111111111
15656,Proibido Veículos,Proib. Ultrapassar,13,0.564236111111111
26492,Fim Proib. >3.5t,Fim de Proibições,13,0.564236111111111
10697,Proib. P/ >3.5t,Via Prioritária,13,0.564236111111111
37465,Neve/Gelo,Crianças,13,0.564236111111111
22055,Animais Selvagens,Prioridade Cruzamento,13,0.564236111111111
32634,Proib. P/ >3.5t,60 km/h,13,0.564236111111111
10188,Proib. P/ >3.5t,Proib. Ultrapassar,13,0.564236111111111
19928,Obras,Vire à Direita,13,0.564236111111111
19984,Obras,80 km/h,13,0.564236111111111
3739,60 km/h,80 km/h,13,0.564236111111111
3946,60 km/h,30 km/h,13,0.564236111111111
20632,Semáforo,Cuidado Geral,13,0.564236111111111
26697,Semáforo,Cuidado Geral,13,0.564236111111111
8494,120 km/h,80 km/h,13,0.564236111111111
13169,Via Prioritária,Dê a Preferência,13,0.564236111111111
9264,Proib. Ultrapassar,Proib. P/ >3.5t,13,0.564236111111111
31452,80 km/h,50 km/h,13,0.564236111111111
27689,Siga em Frente,Frente ou Esquerda,13,0.564236111111111
29735,Siga em Frente,Vire à Esquerda,13,0.564236111111111
35393,Proibido Veículos,50 km/h,13,0.564236111111111
9202,Proib. Ultrapassar,Proib. P/ >3.5t,13,0.564236111111111
9249,Proib. Ultrapassar,Proib. P/ >3.5t,13,0.564236111111111
35973,Proib. Ultrapassar,Proib. P/ >3.5t,13,0.564236111111111
2154,50 km/h,80 km/h,13,0.564236111111111
15948,Proibido Veículos,Proib. Ultrapassar,13,0.564236111111111
35079,Proibido Veículos,Proib. Ultrapassar,13,0.564236111111111
28020,Proib. Ultrapassar,Proibido >3.5t,13,0.564236111111111
9071,Proib. Ultrapassar,Proib. P/ >3.5t,13,0.564236111111111
5845,80 km/h,60 km/h,13,0.564236111111111
9391,Proib. Ultrapassar,Proib. P/ >3.5t,13,0.564236111111111
37654,Proib. Ultrapassar,Proib. P/ >3.5t,13,0.564236111111111
8982,Proib. Ultrapassar,Proib. P/ >3.5t,13,0.564236111111111
35168,80 km/h,50 km/h,13,0.564236111111111
6269,80 km/h,120 km/h,13,0.564236111111111
32167,Fim de Proibições,Fim Proib. Ultrapassar,13,0.564236111111111
20822,Pedestres,Cuidado Geral,13,0.564236111111111
15719,Proibido Veículos,Proib. Ultrapassar,13,0.564236111111111
23093,Vire à Esquerda,Mantenha-se à Direita,14,0.607638888888889
34199,Neve/Gelo,Prioridade Cruzamento,14,0.607638888888889
6763,Fim 80,Rotatória,14,0.607638888888889
15655,Proibido Veículos,Proib. Ultrapassar,14,0.607638888888889
15704,Proibido Veículos,Proib. Ultrapassar,14,0.607638888888889
15658,Proibido Veículos,Proib. Ultrapassar,14,0.607638888888889
29140,Fim de Proibições,Fim Proib. Ultrapassar,14,0.607638888888889
5650,80 km/h,60 km/h,14,0.607638888888889
20722,Pedestres,Cuidado Geral,14,0.607638888888889
22327,Fim de Proibições,Fim Proib. Ultrapassar,14,0.607638888888889
27790,Fim de Proibições,Fim Proib. Ultrapassar,14,0.607638888888889
22219,Animais Selvagens,Obras,14,0.607638888888889
15654,Proibido Veículos,Proib. Ultrapassar,14,0.607638888888889
31508,Fim de Proibições,Fim Proib. Ultrapassar,14,0.607638888888889
22068,Animais Selvagens,Curva Dupla,14,0.607638888888889
8871,120 km/h,80 km/h,14,0.607638888888889
20321,Semáforo,Cuidado Geral,14,0.607638888888889
17029,Cuidado Geral,Curva Perigosa (E),14,0.607638888888889
20282,Semáforo,Cuidado Geral,14,0.607638888888889
10180,Proib. P/ >3.5t,80 km/h,14,0.607638888888889
30868,Proib. Ultrapassar,Proib. P/ >3.5t,14,0.607638888888889
38909,Proib. Ultrapassar,Proib. P/ >3.5t,14,0.607638888888889
9254,Proib. Ultrapassar,Proib. P/ >3.5t,14,0.607638888888889
4254,70 km/h,30 km/h,14,0.607638888888889
17018,Cuidado Geral,Curva Perigosa (E),14,0.607638888888889
3058,50 km/h,80 km/h,14,0.607638888888889
28546,50 km/h,60 km/h,14,0.607638888888889
6698,Fim 80,70 km/h,14,0.607638888888889
34584,100 km/h,80 km/h,14,0.607638888888889
2516,50 km/h,80 km/h,14,0.607638888888889
2436,50 km/h,60 km/h,14,0.607638888888889
1797,50 km/h,80 km/h,14,0.607638888888889
10659,Proib. P/ >3.5t,60 km/h,14,0.607638888888889
20494,Semáforo,Cuidado Geral,14,0.607638888888889
17834,Curva Perigosa (E),Estreitamento (D),14,0.607638888888889
18290,Curva Dupla,Estreitamento (D),14,0.607638888888889
10693,Proib. P/ >3.5t,60 km/h,14,0.607638888888889
28685,20 km/h,70 km/h,14,0.607638888888889
34422,120 km/h,100 km/h,14,0.607638888888889
8361,120 km/h,80 km/h,14,0.607638888888889
8101,120 km/h,60 km/h,14,0.607638888888889
24096,Frente ou Direita,Siga em Frente,14,0.607638888888889
21902,Animais Selvagens,Curva Perigosa (E),14,0.607638888888889
8231,120 km/h,100 km/h,14,0.607638888888889
31574,120 km/h,80 km/h,14,0.607638888888889
13165,Via Prioritária,Dê a Preferência,14,0.607638888888889
10261,Proib. P/ >3.5t,Proib. Ultrapassar,14,0.607638888888889
21299,Ciclistas,Crianças,14,0.607638888888889
33173,Proib. P/ >3.5t,80 km/h,14,0.607638888888889
34524,Neve/Gelo,Crianças,14,0.607638888888889
27998,50 km/h,80 km/h,14,0.607638888888889
25417,Mantenha-se à Direita,Vire à Esquerda,14,0.607638888888889
1508,30 km/h,Dê a Preferência,14,0.607638888888889
26650,Via Prioritária,Frente ou Esquerda,14,0.607638888888889
21969,Animais Selvagens,Obras,14,0.607638888888889
18439,Curva Dupla,Crianças,14,0.607638888888889
8217,120 km/h,100 km/h,14,0.607638888888889
8721,120 km/h,100 km/h,14,0.607638888888889
6721,Fim 80,Rotatória,14,0.607638888888889
17835,Curva Perigosa (E),Estreitamento (D),14,0.607638888888889
2481,50 km/h,80 km/h,14,0.607638888888889
31424,50 km/h,80 km/h,14,0.607638888888889
33133,50 km/h,80 km/h,14,0.607638888888889
19430,Obras,Crianças,14,0.607638888888889
6238,80 km/h,60 km/h,14,0.607638888888889
22339,Fim de Proibições,Fim Proib. Ultrapassar,14,0.607638888888889
20850,Pedestres,Semáforo,15,0.6510416666666667
20706,Pedestres,Cuidado Geral,15,0.6510416666666667
22326,Fim de Proibições,Fim Proib. Ultrapassar,15,0.6510416666666667
15698,Proibido Veículos,Proib. Ultrapassar,15,0.6510416666666667
15645,Proibido Veículos,Proib. Ultrapassar,15,0.6510416666666667
34200,Proib. Ultrapassar,80 km/h,15,0.6510416666666667
15634,Proibido Veículos,Proib. Ultrapassar,15,0.6510416666666667
34346,Siga em Frente,Frente ou Direita,15,0.6510416666666667
23944,Siga em Frente,Frente ou Direita,15,0.6510416666666667
33994,50 km/h,80 km/h,15,0.6510416666666667
33892,Pista Irregular,Obras,15,0.6510416666666667
26310,Fim Proib. Ultrapassar,80 km/h,15,0.6510416666666667
36477,Proibido Entrar,30 km/h,15,0.6510416666666667
35318,Fim 80,100 km/h,15,0.6510416666666667
8164,120 km/h,80 km/h,15,0.6510416666666667
23942,Siga em Frente,Frente ou Direita,15,0.6510416666666667
38611,Pista Irregular,Obras,15,0.6510416666666667
10114,Proib. P/ >3.5t,Proib. Ultrapassar,15,0.6510416666666667
20077,Obras,Neve/Gelo,15,0.6510416666666667
32779,Neve/Gelo,Crianças,15,0.6510416666666667
15699,Proibido Veículos,Proib. Ultrapassar,15,0.6510416666666667
1150,30 km/h,80 km/h,15,0.6510416666666667
36023,Cuidado Geral,Estreitamento (D),15,0.6510416666666667
7965,120 km/h,80 km/h,15,0.6510416666666667
10251,Proib. P/ >3.5t,Proib. Ultrapassar,15,0.6510416666666667
10856,Proib. P/ >3.5t,80 km/h,15,0.6510416666666667
10118,Proib. P/ >3.5t,Proib. Ultrapassar,15,0.6510416666666667
2894,50 km/h,80 km/h,15,0.6510416666666667
38428,Curva Dupla,Estreitamento (D),15,0.6510416666666667
3793,60 km/h,30 km/h,15,0.6510416666666667
20098,Obras,Estreitamento (D),15,0.6510416666666667
31688,Siga em Frente,Mantenha-se à Direita,15,0.6510416666666667
875,30 km/h,Dê a Preferência,15,0.6510416666666667
8019,120 km/h,80 km/h,15,0.6510416666666667
20372,Semáforo,Cuidado Geral,15,0.6510416666666667
6722,Fim 80,Rotatória,15,0.6510416666666667
17388,Cuidado Geral,70 km/h,15,0.6510416666666667
18223,Curva Dupla,Obras,15,0.6510416666666667
17824,Curva Perigosa (E),Crianças,15,0.6510416666666667
2277,50 km/h,80 km/h,15,0.6510416666666667
38433,Proib. Ultrapassar,80 km/h,15,0.6510416666666667
21851,Animais Selvagens,Obras,15,0.6510416666666667
22169,Animais Selvagens,Curva Dupla,15,0.6510416666666667
22198,Animais Selvagens,Curva Dupla,16,0.6944444444444444
11324,Prioridade Cruzamento,Dê a Preferência,16,0.6944444444444444
1958,50 km/h,60 km/h,16,0.6944444444444444
31115,50 km/h,80 km/h,16,0.6944444444444444
33907,Rotatória,Mantenha-se à Direita,16,0.6944444444444444
29059,Animais Selvagens,Curva Dupla,16,0.6944444444444444
22063,Animais Selvagens,Obras,16,0.6944444444444444
26698,Proib. Ultrapassar,Proib. P/ >3.5t,16,0.6944444444444444
15755,Proibido Veículos,Proib. Ultrapassar,16,0.6944444444444444
15701,Proibido Veículos,Proib. Ultrapassar,16,0.6944444444444444
15860,Proibido Veículos,Proib. Ultrapassar,16,0.6944444444444444
751,30 km/h,80 km/h,16,0.6944444444444444
22075,Animais Selvagens,Obras,16,0.6944444444444444
22019,Animais Selvagens,Curva Dupla,16,0.6944444444444444
8091,120 km/h,80 km/h,16,0.6944444444444444
8673,120 km/h,80 km/h,16,0.6944444444444444
1021,30 km/h,60 km/h,16,0.6944444444444444
18539,Pista Irregular,Obras,16,0.6944444444444444
1453,30 km/h,80 km/h,16,0.6944444444444444
6741,Fim 80,Curva Perigosa (E),16,0.6944444444444444
8025,120 km/h,70 km/h,16,0.6944444444444444
17581,Cuidado Geral,Estreitamento (D),16,0.6944444444444444
37414,Siga em Frente,Frente ou Direita,16,0.6944444444444444
8661,120 km/h,80 km/h,16,0.6944444444444444
8258,120 km/h,30 km/h,16,0.6944444444444444
8726,120 km/h,80 km/h,16,0.6944444444444444
22194,Animais Selvagens,Curva Dupla,16,0.6944444444444444
20161,Obras,Crianças,16,0.6944444444444444
33675,Cuidado Geral,Semáforo,16,0.6944444444444444
37602,70 km/h,120 km/h,16,0.6944444444444444
34240,60 km/h,30 km/h,16,0.6944444444444444
3818,60 km/h,30 km/h,16,0.6944444444444444
3770,60 km/h,30 km/h,16,0.6944444444444444
3763,60 km/h,30 km/h,16,0.6944444444444444
3497,60 km/h,70 km/h,16,0.6944444444444444
2538,50 km/h,80 km/h,16,0.6944444444444444
21712,Neve/Gelo,Crianças,16,0.6944444444444444
34963,Fim 80,Rotatória,16,0.6944444444444444
3849,60 km/h,50 km/h,16,0.6944444444444444
2592,50 km/h,80 km/h,16,0.6944444444444444
2278,50 km/h,80 km/h,16,0.6944444444444444
29740,Siga em Frente,Vire à Direita,16,0.6944444444444444
35507,Siga em Frente,Vire à Esquerda,16,0.6944444444444444
37762,60 km/h,30 km/h,16,0.6944444444444444
333,30 km/h,70 km/h,16,0.6944444444444444
28695,30 km/h,80 km/h,16,0.6944444444444444
30664,Proib. P/ >3.5t,Proib. Ultrapassar,16,0.6944444444444444
39010,60 km/h,30 km/h,16,0.6944444444444444
3850,60 km/h,30 km/h,16,0.6944444444444444
2052,50 km/h,60 km/h,16,0.6944444444444444
21905,Animais Selvagens,80 km/h,16,0.6944444444444444
23951,Siga em Frente,Frente ou Direita,16,0.6944444444444444
398,30 km/h,80 km/h,16,0.6944444444444444
18603,Pista Irregular,Obras,16,0.6944444444444444
15606,Proibido Veículos,Proib. Ultrapassar,16,0.6944444444444444
9680,Proib. Ultrapassar,Proib. P/ >3.5t,16,0.6944444444444444
9075,Proib. Ultrapassar,Proib. P/ >3.5t,16,0.6944444444444444
7463,100 km/h,120 km/h,17,0.7378472222222222
15746,Proibido Veículos,Proib. Ultrapassar,17,0.7378472222222222
28992,80 km/h,50 km/h,17,0.7378472222222222
6738,Fim 80,Rotatória,17,0.7378472222222222
27306,PARE,Dê a Preferência,17,0.7378472222222222
5350,70 km/h,50 km/h,17,0.7378472222222222
27657,70 km/h,120 km/h,17,0.7378472222222222
10033,Proib. P/ >3.5t,Proib. Ultrapassar,17,0.7378472222222222
10668,Proib. P/ >3.5t,Proib. Ultrapassar,17,0.7378472222222222
35196,Siga em Frente,Vire à Direita,17,0.7378472222222222
29990,60 km/h,30 km/h,17,0.7378472222222222
34753,50 km/h,80 km/h,17,0.7378472222222222
10250,Proib. P/ >3.5t,Proibido >3.5t,17,0.7378472222222222
32089,Proib. P/ >3.5t,Proib. Ultrapassar,17,0.7378472222222222
37558,Proib. P/ >3.5t,60 km/h,17,0.7378472222222222
21981,Animais Selvagens,Obras,17,0.7378472222222222
10893,Proib. P/ >3.5t,60 km/h,17,0.7378472222222222
33259,120 km/h,80 km/h,17,0.7378472222222222
34679,Proib. P/ >3.5t,Proib. Ultrapassar,17,0.7378472222222222
7467,100 km/h,120 km/h,17,0.7378472222222222
3505,60 km/h,80 km/h,17,0.7378472222222222
39048,Fim 80,Rotatória,17,0.7378472222222222
37316,Fim 80,Rotatória,17,0.7378472222222222
26399,Fim Proib. Ultrapassar,Mantenha-se à Direita,17,0.7378472222222222
19427,Obras,Crianças,17,0.7378472222222222
12889,Via Prioritária,Dê a Preferência,17,0.7378472222222222
18447,Curva Dupla,Crianças,17,0.7378472222222222
37918,50 km/h,80 km/h,17,0.7378472222222222
22099,Animais Selvagens,Obras,17,0.7378472222222222
22078,Animais Selvagens,Obras,17,0.7378472222222222
6695,Fim 80,Rotatória,17,0.7378472222222222
35236,Proib. P/ >3.5t,80 km/h,17,0.7378472222222222
33117,Animais Selvagens,Curva Dupla,17,0.7378472222222222
8606,120 km/h,80 km/h,17,0.7378472222222222
22210,Animais Selvagens,Obras,17,0.7378472222222222
22342,Fim de Proibições,Fim Proib. Ultrapassar,17,0.7378472222222222
28019,Animais Selvagens,Curva Dupla,17,0.7378472222222222
18983,Pista Escorregadia,Obras,17,0.7378472222222222
8190,120 km/h,80 km/h,17,0.7378472222222222
20820,Pedestres,Cuidado Geral,18,0.78125
22324,Fim de Proibições,Fim Proib. Ultrapassar,18,0.78125
2443,50 km/h,80 km/h,18,0.78125
37709,80 km/h,30 km/h,18,0.78125
2544,50 km/h,80 km/h,18,0.78125
2895,50 km/h,80 km/h,18,0.78125
20838,Pedestres,Semáforo,18,0.78125
10087,Proib. P/ >3.5t,Proib. Ultrapassar,18,0.78125
22196,Animais Selvagens,Curva Dupla,18,0.78125
10688,Proib. P/ >3.5t,80 km/h,18,0.78125
36011,Cuidado Geral,70 km/h,18,0.78125
23281,Siga em Frente,Frente ou Direita,18,0.78125
20217,Obras,Crianças,18,0.78125
39086,Proib. P/ >3.5t,100 km/h,18,0.78125
19884,Obras,Estreitamento (D),18,0.78125
18049,Curva Perigosa (D),Crianças,18,0.78125
27090,Proib. Ultrapassar,Proib. P/ >3.5t,18,0.78125
20327,Semáforo,Cuidado Geral,18,0.78125
20290,Semáforo,Cuidado Geral,18,0.78125
15761,Proibido Veículos,Proib. Ultrapassar,18,0.78125
9507,Proib. Ultrapassar,Proib. P/ >3.5t,18,0.78125
10702,Proib. P/ >3.5t,Proib. Ultrapassar,18,0.78125
33930,Obras,Crianças,18,0.78125
31242,Ciclistas,Cuidado Geral,18,0.78125
12349,Via Prioritária,Obras,18,0.78125
8508,120 km/h,100 km/h,18,0.78125
8302,120 km/h,100 km/h,18,0.78125
4429,70 km/h,50 km/h,18,0.78125
6737,Fim 80,Rotatória,18,0.78125
8634,120 km/h,50 km/h,18,0.78125
34066,120 km/h,100 km/h,18,0.78125
13082,Via Prioritária,Cuidado Geral,18,0.78125
36214,80 km/h,Obras,18,0.78125
36218,Proib. Ultrapassar,Proib. P/ >3.5t,18,0.78125
38585,50 km/h,80 km/h,18,0.78125
25320,Mantenha-se à Direita,Vire à Esquerda,19,0.8246527777777778
31501,60 km/h,50 km/h,19,0.8246527777777778
29171,Obras,Cuidado Geral,19,0.8246527777777778
8292,120 km/h,100 km/h,19,0.8246527777777778
21859,Animais Selvagens,Curva Dupla,19,0.8246527777777778
28931,PARE,Dê a Preferência,19,0.8246527777777778
22233,Animais Selvagens,Curva Dupla,19,0.8246527777777778
15768,Proibido Veículos,Proib. Ultrapassar,19,0.8246527777777778
38138,Proibido Veículos,50 km/h,19,0.8246527777777778
9826,Proib. Ultrapassar,Proib. P/ >3.5t,19,0.8246527777777778
6350,80 km/h,60 km/h,19,0.8246527777777778
1382,30 km/h,80 km/h,19,0.8246527777777778
15863,Proibido Veículos,Proib. Ultrapassar,19,0.8246527777777778
672,30 km/h,80 km/h,19,0.8246527777777778
27837,Proib. Ultrapassar,Proib. P/ >3.5t,19,0.8246527777777778
8119,120 km/h,80 km/h,19,0.8246527777777778
27510,Fim Proib. >3.5t,Fim 80,19,0.8246527777777778
15762,Proibido Veículos,Proib. Ultrapassar,19,0.8246527777777778
19880,Obras,Estreitamento (D),19,0.8246527777777778
35956,PARE,Dê a Preferência,19,0.8246527777777778
28814,Proib. Ultrapassar,Proib. P/ >3.5t,19,0.8246527777777778
31921,Obras,Estreitamento (D),19,0.8246527777777778
11312,Prioridade Cruzamento,Dê a Preferência,19,0.8246527777777778
3809,60 km/h,80 km/h,19,0.8246527777777778
21218,Crianças,Cuidado Geral,19,0.8246527777777778
20970,Crianças,Ciclistas,20,0.8680555555555556
4936,70 km/h,80 km/h,20,0.8680555555555556
9348,Proib. Ultrapassar,Proib. P/ >3.5t,20,0.8680555555555556
35370,Fim Proib. >3.5t,Fim Proib. Ultrapassar,20,0.8680555555555556
27978,Fim Proib. >3.5t,Dê a Preferência,20,0.8680555555555556
25536,Mantenha-se à Direita,Vire à Esquerda,20,0.8680555555555556
37499,Mantenha-se à Direita,Vire à Esquerda,20,0.8680555555555556
8012,120 km/h,80 km/h,20,0.8680555555555556
27563,30 km/h,80 km/h,20,0.8680555555555556
22238,Animais Selvagens,Obras,20,0.8680555555555556
2438,50 km/h,80 km/h,20,0.8680555555555556
4977,70 km/h,120 km/h,20,0.8680555555555556
22100,Animais Selvagens,Obras,20,0.8680555555555556
22150,Animais Selvagens,Curva Dupla,20,0.8680555555555556
25424,Mantenha-se à Direita,Vire à Esquerda,20,0.8680555555555556
18046,Curva Perigosa (D),Crianças,20,0.8680555555555556
7465,100 km/h,120 km/h,20,0.8680555555555556
36602,80 km/h,60 km/h,20,0.8680555555555556
9825,Proib. Ultrapassar,Proib. P/ >3.5t,21,0.9114583333333334
12896,Via Prioritária,Mantenha-se à Direita,21,0.9114583333333334
28833,Prioridade Cruzamento,Dê a Preferência,21,0.9114583333333334
34141,60 km/h,Dê a Preferência,21,0.9114583333333334
17987,Curva Perigosa (D),Crianças,21,0.9114583333333334
32673,Fim 80,Fim de Proibições,21,0.9114583333333334
36820,80 km/h,50 km/h,21,0.9114583333333334
4618,70 km/h,50 km/h,21,0.9114583333333334
18476,Pista Irregular,Ciclistas,21,0.9114583333333334
18055,Curva Perigosa (D),Cuidado Geral,21,0.9114583333333334
11972,Prioridade Cruzamento,Cuidado Geral,21,0.9114583333333334
19623,Obras,Ciclistas,21,0.9114583333333334
28373,30 km/h,70 km/h,21,0.9114583333333334
9685,Proib. Ultrapassar,Proib. P/ >3.5t,21,0.9114583333333334
1906,50 km/h,30 km/h,21,0.9114583333333334
33360,Proib. P/ >3.5t,Proib. Ultrapassar,21,0.9114583333333334
17982,Curva Perigosa (D),Crianças,21,0.9114583333333334
39089,Obras,Estreitamento (D),21,0.9114583333333334
15793,Proibido Veículos,Dê a Preferência,21,0.9114583333333334
35541,Proib. P/ >3.5t,Proib. Ultrapassar,22,0.9548611111111112
32647,Ciclistas,Neve/Gelo,22,0.9548611111111112
10483,Proib. P/ >3.5t,Proib. Ultrapassar,22,0.9548611111111112
6956,Fim 80,Fim de Proibições,22,0.9548611111111112
9319,Proib. Ultrapassar,Proib. P/ >3.5t,22,0.9548611111111112
9440,Proib. Ultrapassar,Proib. P/ >3.5t,22,0.9548611111111112
37001,70 km/h,30 km/h,22,0.9548611111111112
3940,60 km/h,30 km/h,22,0.9548611111111112
21433,Neve/Gelo,Obras,22,0.9548611111111112
10899,Proib. P/ >3.5t,60 km/h,22,0.9548611111111112
10220,Proib. P/ >3.5t,Proib. Ultrapassar,22,0.9548611111111112
38231,Proib. P/ >3.5t,Proib. Ultrapassar,22,0.9548611111111112
3423,60 km/h,30 km/h,22,0.9548611111111112
15812,Proibido Veículos,70 km/h,22,0.9548611111111112
17985,Curva Perigosa (D),Crianças,22,0.9548611111111112
390,30 km/h,70 km/h,22,0.9548611111111112
21510,Neve/Gelo,Obras,22,0.9548611111111112
21449,Neve/Gelo,Obras,22,0.9548611111111112
21716,Neve/Gelo,Obras,22,0.9548611111111112
32060,Frente ou Esquerda,Siga em Frente,22,0.9548611111111112
8603,120 km/h,80 km/h,22,0.9548611111111112
7468,100 km/h,120 km/h,22,0.9548611111111112
22155,Animais Selvagens,Curva Dupla,22,0.9548611111111112
10900,Proib. P/ >3.5t,60 km/h,22,0.9548611111111112
3428,60 km/h,50 km/h,22,0.9548611111111112
3623,60 km/h,70 km/h,22,0.9548611111111112
6590,80 km/h,60 km/h,22,0.9548611111111112
37935,Proib. P/ >3.5t,60 km/h,22,0.9548611111111112
33390,70 km/h,80 km/h,23,0.9982638888888888
28498,Proib. P/ >3.5t,Proib. Ultrapassar,23,0.9982638888888888
4915,70 km/h,80 km/h,23,0.9982638888888888
26831,Ciclistas,Estreitamento (D),23,0.9982638888888888
28623,100 km/h,120 km/h,23,0.9982638888888888
20890,Crianças,Neve/Gelo,23,0.9982638888888888
10904,Proib. P/ >3.5t,Proib. Ultrapassar,23,0.9982638888888888
35794,Via Prioritária,Proib. P/ >3.5t,23,0.9982638888888888
33559,30 km/h,70 km/h,23,0.9982638888888888
28220,Fim 80,Fim de Proibições,23,0.9982638888888888
12208,Via Prioritária,Obras,23,0.9982638888888888
6915,Fim 80,Fim de Proibições,23,0.9982638888888888
34978,Proib. P/ >3.5t,Proib. Ultrapassar,23,0.9982638888888888
25990,Mantenha-se à Esquerda,Frente ou Esquerda,23,0.9982638888888888
34109,Via Prioritária,Obras,24,1.0416666666666665
17984,Curva Perigosa (D),Crianças,24,1.0416666666666665
18053,Curva Perigosa (D),Crianças,24,1.0416666666666665
1878,50 km/h,Dê a Preferência,24,1.0416666666666665
32755,80 km/h,60 km/h,24,1.0416666666666665
36033,120 km/h,80 km/h,24,1.0416666666666665
5164,70 km/h,30 km/h,24,1.0416666666666665
17970,Curva Perigosa (D),Dê a Preferência,24,1.0416666666666665
2898,50 km/h,80 km/h,24,1.0416666666666665
20438,Semáforo,Obras,24,1.0416666666666665
37601,Pista Escorregadia,Neve/Gelo,24,1.0416666666666665
21430,Neve/Gelo,Obras,24,1.0416666666666665
27756,120 km/h,80 km/h,24,1.0416666666666665
28069,100 km/h,120 km/h,24,1.0416666666666665
26546,Fim Proib. >3.5t,Fim 80,25,1.0850694444444444
22123,Animais Selvagens,Curva Dupla,25,1.0850694444444444
19358,Obras,Crianças,25,1.0850694444444444
18488,Pista Irregular,Obras,25,1.0850694444444444
4253,70 km/h,30 km/h,25,1.0850694444444444
38153,30 km/h,80 km/h,25,1.0850694444444444
36813,Semáforo,Pista Irregular,25,1.0850694444444444
19567,Obras,Estreitamento (D),25,1.0850694444444444
29395,80 km/h,60 km/h,25,1.0850694444444444
37243,30 km/h,20 km/h,25,1.0850694444444444
33782,Semáforo,Obras,25,1.0850694444444444
22028,Animais Selvagens,Obras,25,1.0850694444444444
15748,Proibido Veículos,30 km/h,25,1.0850694444444444
27904,Proib. P/ >3.5t,Proib. Ultrapassar,25,1.0850694444444444
31033,Proib. P/ >3.5t,Proib. Ultrapassar,25,1.0850694444444444
32251,Proib. P/ >3.5t,60 km/h,25,1.0850694444444444
21445,Neve/Gelo,Obras,25,1.0850694444444444
24134,Frente ou Direita,Siga em Frente,25,1.0850694444444444
33345,Proib. P/ >3.5t,Proib. Ultrapassar,25,1.0850694444444444
20847,Pedestres,Semáforo,25,1.0850694444444444
34632,Prioridade Cruzamento,Curva Perigosa (D),25,1.0850694444444444
20790,Pedestres,Curva Dupla,25,1.0850694444444444
8551,120 km/h,60 km/h,25,1.0850694444444444
20204,Obras,Estreitamento (D),25,1.0850694444444444
32661,Proib. P/ >3.5t,Proib. Ultrapassar,25,1.0850694444444444
37898,120 km/h,80 km/h,25,1.0850694444444444
36912,Proib. P/ >3.5t,Proib. Ultrapassar,25,1.0850694444444444
16151,Proibido >3.5t,Cuidado Geral,26,1.128472222222222
30843,Proibido >3.5t,60 km/h,26,1.128472222222222
21725,Animais Selvagens,Curva Dupla,26,1.128472222222222
28951,Siga em Frente,Vire à Esquerda,26,1.128472222222222
2737,50 km/h,30 km/h,26,1.128472222222222
36353,Via Prioritária,Proib. P/ >3.5t,26,1.128472222222222
34319,120 km/h,80 km/h,26,1.128472222222222
29336,Prioridade Cruzamento,Semáforo,26,1.128472222222222
12386,Via Prioritária,Obras,26,1.128472222222222
36213,70 km/h,30 km/h,26,1.128472222222222
36331,70 km/h,30 km/h,26,1.128472222222222
19119,Estreitamento (D),Neve/Gelo,26,1.128472222222222
11634,Prioridade Cruzamento,Curva Perigosa (D),26,1.128472222222222
13838,Dê a Preferência,Proib. P/ >3.5t,26,1.128472222222222
22077,Animais Selvagens,Curva Dupla,26,1.128472222222222
1360,30 km/h,70 km/h,26,1.128472222222222
31866,30 km/h,20 km/h,26,1.128472222222222
21312,Ciclistas,Neve/Gelo,26,1.128472222222222
2632,50 km/h,30 km/h,26,1.128472222222222
28445,Crianças,Estreitamento (D),26,1.128472222222222
26981,Ciclistas,Estreitamento (D),26,1.128472222222222
36808,50 km/h,30 km/h,26,1.128472222222222
21723,Animais Selvagens,Neve/Gelo,26,1.128472222222222
30,20 km/h,30 km/h,26,1.128472222222222
37102,Proib. P/ >3.5t,Proib. Ultrapassar,26,1.128472222222222
29491,Proib. P/ >3.5t,Proib. Ultrapassar,26,1.128472222222222
10295,Proib. P/ >3.5t,Proib. Ultrapassar,26,1.128472222222222
21747,Animais Selvagens,Curva Dupla,26,1.128472222222222
6878,Fim 80,Fim de Proibições,26,1.128472222222222
18486,Pista Irregular,Ciclistas,26,1.128472222222222
10041,Proib. P/ >3.5t,Proib. Ultrapassar,26,1.128472222222222
239,30 km/h,20 km/h,26,1.128472222222222
2001,50 km/h,80 km/h,26,1.128472222222222
36117,120 km/h,80 km/h,27,1.171875
28176,Mantenha-se à Direita,Vire à Esquerda,27,1.171875
11581,Prioridade Cruzamento,Fim de Proibições,27,1.171875
3077,50 km/h,30 km/h,27,1.171875
3618,60 km/h,30 km/h,27,1.171875
1714,50 km/h,80 km/h,27,1.171875
1116,30 km/h,80 km/h,27,1.171875
5163,70 km/h,30 km/h,27,1.171875
18045,Curva Perigosa (D),Cuidado Geral,27,1.171875
18812,Pista Escorregadia,Neve/Gelo,27,1.171875
32367,Fim Proib. >3.5t,Fim 80,27,1.171875
25801,Mantenha-se à Direita,Vire à Direita,27,1.171875
0,20 km/h,30 km/h,27,1.171875
172,30 km/h,Dê a Preferência,27,1.171875
38115,Proib. P/ >3.5t,Proib. Ultrapassar,27,1.171875
20201,Obras,Estreitamento (D),27,1.171875
1687,50 km/h,30 km/h,27,1.171875
5108,70 km/h,80 km/h,27,1.171875
34175,Prioridade Cruzamento,Curva Perigosa (D),27,1.171875
12032,Prioridade Cruzamento,Crianças,27,1.171875
29936,60 km/h,120 km/h,27,1.171875
12342,Via Prioritária,Proib. P/ >3.5t,27,1.171875
19356,Obras,Crianças,27,1.171875
3064,50 km/h,80 km/h,27,1.171875
16152,Proibido >3.5t,Cuidado Geral,27,1.171875
20894,Crianças,Neve/Gelo,27,1.171875
11766,Prioridade Cruzamento,Neve/Gelo,27,1.171875
10558,Proib. P/ >3.5t,Pista Escorregadia,27,1.171875
1,20 km/h,30 km/h,28,1.215277777777778
4206,70 km/h,30 km/h,28,1.215277777777778
122,20 km/h,30 km/h,28,1.215277777777778
376,30 km/h,Dê a Preferência,28,1.215277777777778
32293,PARE,30 km/h,28,1.215277777777778
21221,Crianças,Cuidado Geral,28,1.215277777777778
127,20 km/h,30 km/h,28,1.215277777777778
28056,60 km/h,20 km/h,28,1.215277777777778
29768,Proib. P/ >3.5t,Proib. Ultrapassar,28,1.215277777777778
378,30 km/h,50 km/h,28,1.215277777777778
10406,Proib. P/ >3.5t,Proib. Ultrapassar,28,1.215277777777778
9901,Proib. P/ >3.5t,Proib. Ultrapassar,28,1.215277777777778
19052,Pista Escorregadia,Prioridade Cruzamento,28,1.215277777777778
31669,60 km/h,Dê a Preferência,28,1.215277777777778
21429,Neve/Gelo,Obras,28,1.215277777777778
10343,Proib. P/ >3.5t,Proib. Ultrapassar,28,1.215277777777778
822,30 km/h,20 km/h,28,1.215277777777778
11888,Prioridade Cruzamento,Neve/Gelo,28,1.215277777777778
3683,60 km/h,Fim de Proibições,29,1.2586805555555556
31706,Estreitamento (D),Curva Perigosa (D),29,1.2586805555555556
38419,60 km/h,30 km/h,29,1.2586805555555556
21632,Neve/Gelo,Obras,29,1.2586805555555556
21633,Neve/Gelo,Obras,29,1.2586805555555556
18621,Pista Irregular,Crianças,29,1.2586805555555556
38311,70 km/h,60 km/h,29,1.2586805555555556
25726,Mantenha-se à Direita,Vire à Esquerda,29,1.2586805555555556
9911,Proib. P/ >3.5t,Proib. Ultrapassar,29,1.2586805555555556
29251,Estreitamento (D),120 km/h,29,1.2586805555555556
13924,Dê a Preferência,Proib. P/ >3.5t,29,1.2586805555555556
33951,Mantenha-se à Direita,Vire à Esquerda,29,1.2586805555555556
381,30 km/h,50 km/h,29,1.2586805555555556
11141,Proib. P/ >3.5t,Proib. Ultrapassar,29,1.2586805555555556
36412,Animais Selvagens,Curva Dupla,29,1.2586805555555556
27284,50 km/h,30 km/h,29,1.2586805555555556
35873,Fim Proib. >3.5t,Fim 80,29,1.2586805555555556
27762,Siga em Frente,Mantenha-se à Direita,29,1.2586805555555556
26050,Rotatória,Mantenha-se à Esquerda,29,1.2586805555555556
3636,60 km/h,30 km/h,29,1.2586805555555556
3769,60 km/h,70 km/h,29,1.2586805555555556
2988,50 km/h,60 km/h,29,1.2586805555555556
3525,60 km/h,Mantenha-se à Direita,29,1.2586805555555556
33844,Crianças,Neve/Gelo,29,1.2586805555555556
29572,Dê a Preferência,Pista Escorregadia,29,1.2586805555555556
18037,Curva Perigosa (D),Cuidado Geral,29,1.2586805555555556
36739,Mantenha-se à Direita,Vire à Esquerda,29,1.2586805555555556
22159,Animais Selvagens,Curva Dupla,29,1.2586805555555556
9251,Proib. Ultrapassar,Proib. P/ >3.5t,29,1.2586805555555556
25531,Mantenha-se à Direita,Vire à Esquerda,29,1.2586805555555556
26051,Rotatória,Vire à Direita,29,1.2586805555555556
3822,60 km/h,70 km/h,29,1.2586805555555556
9905,Proib. P/ >3.5t,Proib. Ultrapassar,29,1.2586805555555556
37522,Dê a Preferência,Pista Escorregadia,29,1.2586805555555556
21634,Neve/Gelo,Obras,29,1.2586805555555556
21663,Neve/Gelo,Obras,29,1.2586805555555556
24088,Frente ou Direita,Siga em Frente,29,1.2586805555555556
33165,60 km/h,Dê a Preferência,29,1.2586805555555556
3824,60 km/h,70 km/h,29,1.2586805555555556
25988,Mantenha-se à Esquerda,Rotatória,29,1.2586805555555556
6636,80 km/h,60 km/h,29,1.2586805555555556
375,30 km/h,50 km/h,30,1.3020833333333335
168,30 km/h,50 km/h,30,1.3020833333333335
3422,60 km/h,70 km/h,30,1.3020833333333335
13922,Dê a Preferência,Proib. P/ >3.5t,30,1.3020833333333335
30249,Mantenha-se à Direita,Vire à Esquerda,30,1.3020833333333335
21268,Ciclistas,Obras,30,1.3020833333333335
34592,Siga em Frente,Vire à Esquerda,30,1.3020833333333335
9915,Proib. P/ >3.5t,Proib. Ultrapassar,30,1.3020833333333335
28679,Via Prioritária,Obras,30,1.3020833333333335
5585,80 km/h,50 km/h,30,1.3020833333333335
11136,Proib. P/ >3.5t,Proib. Ultrapassar,30,1.3020833333333335
34588,Siga em Frente,Vire à Esquerda,30,1.3020833333333335
20870,Pedestres,Cuidado Geral,30,1.3020833333333335
13524,Via Prioritária,Obras,30,1.3020833333333335
26061,Rotatória,Frente ou Esquerda,30,1.3020833333333335
20874,Pedestres,Cuidado Geral,30,1.3020833333333335
30764,30 km/h,70 km/h,30,1.3020833333333335
238,30 km/h,20 km/h,30,1.3020833333333335
36785,Frente ou Direita,Siga em Frente,30,1.3020833333333335
10339,Proib. P/ >3.5t,Proib. Ultrapassar,30,1.3020833333333335
12353,Via Prioritária,Obras,30,1.3020833333333335
3644,60 km/h,Dê a Preferência,30,1.3020833333333335
29365,Siga em Frente,60 km/h,30,1.3020833333333335
3703,60 km/h,Fim de Proibições,30,1.3020833333333335
9223,Proib. Ultrapassar,Proib. P/ >3.5t,31,1.3454861111111112
4274,70 km/h,50 km/h,31,1.3454861111111112
32381,120 km/h,80 km/h,31,1.3454861111111112
2619,50 km/h,30 km/h,31,1.3454861111111112
28157,Fim Proib. >3.5t,Fim 80,31,1.3454861111111112
29808,60 km/h,70 km/h,31,1.3454861111111112
20456,Semáforo,Obras,31,1.3454861111111112
3945,60 km/h,30 km/h,31,1.3454861111111112
15089,PARE,30 km/h,31,1.3454861111111112
3707,60 km/h,Fim de Proibições,31,1.3454861111111112
27607,60 km/h,30 km/h,31,1.3454861111111112
1647,30 km/h,20 km/h,31,1.3454861111111112
6515,80 km/h,30 km/h,31,1.3454861111111112
1493,30 km/h,70 km/h,31,1.3454861111111112
395,30 km/h,70 km/h,31,1.3454861111111112
3685,60 km/h,Dê a Preferência,31,1.3454861111111112
31053,Fim Proib. >3.5t,Fim 80,31,1.3454861111111112
21893,Animais Selvagens,Pista Escorregadia,31,1.3454861111111112
2025,50 km/h,Proib. P/ >3.5t,31,1.3454861111111112
3153,60 km/h,30 km/h,31,1.3454861111111112
26805,Proib. Ultrapassar,Proib. P/ >3.5t,31,1.3454861111111112
3868,60 km/h,Dê a Preferência,31,1.3454861111111112
18777,Pista Escorregadia,Proib. Ultrapassar,31,1.3454861111111112
26531,Fim Proib. >3.5t,Obras,31,1.3454861111111112
5132,70 km/h,30 km/h,31,1.3454861111111112
17979,Curva Perigosa (D),Cuidado Geral,31,1.3454861111111112
17981,Curva Perigosa (D),Semáforo,31,1.3454861111111112
18894,Pista Escorregadia,Neve/Gelo,31,1.3454861111111112
21266,Ciclistas,Obras,31,1.3454861111111112
39035,70 km/h,60 km/h,31,1.3454861111111112
31109,Animais Selvagens,Curva Dupla,32,1.3888888888888888
3920,60 km/h,30 km/h,32,1.3888888888888888
35972,50 km/h,30 km/h,32,1.3888888888888888
17434,Cuidado Geral,80 km/h,32,1.3888888888888888
36816,Estreitamento (D),Cuidado Geral,32,1.3888888888888888
6514,80 km/h,30 km/h,32,1.3888888888888888
24523,Mantenha-se à Direita,Vire à Esquerda,32,1.3888888888888888
24392,Frente ou Esquerda,Vire à Direita,32,1.3888888888888888
22161,Animais Selvagens,Curva Dupla,32,1.3888888888888888
17868,Curva Perigosa (E),Ciclistas,32,1.3888888888888888
9726,Proib. Ultrapassar,60 km/h,32,1.3888888888888888
38283,Cuidado Geral,Crianças,32,1.3888888888888888
13090,Via Prioritária,Obras,32,1.3888888888888888
34999,30 km/h,80 km/h,32,1.3888888888888888
21745,Animais Selvagens,Curva Dupla,32,1.3888888888888888
26579,Fim Proib. >3.5t,Proib. P/ >3.5t,32,1.3888888888888888
34933,70 km/h,60 km/h,32,1.3888888888888888
30894,PARE,30 km/h,32,1.3888888888888888
26166,Rotatória,Mantenha-se à Direita,32,1.3888888888888888
39178,Estreitamento (D),Cuidado Geral,32,1.3888888888888888
30161,Estreitamento (D),Cuidado Geral,32,1.3888888888888888
13086,Via Prioritária,Obras,32,1.3888888888888888
38852,Crianças,Estreitamento (D),32,1.3888888888888888
8973,Proib. Ultrapassar,Proib. P/ >3.5t,32,1.3888888888888888
33357,Cuidado Geral,80 km/h,32,1.3888888888888888
3932,60 km/h,80 km/h,32,1.3888888888888888
16844,Proibido Entrar,Dê a Preferência,32,1.3888888888888888
26709,Crianças,30 km/h,32,1.3888888888888888
3524,60 km/h,Mantenha-se à Direita,33,1.4322916666666665
37438,60 km/h,70 km/h,33,1.4322916666666665
31622,50 km/h,30 km/h,33,1.4322916666666665
3014,50 km/h,30 km/h,33,1.4322916666666665
8989,Proib. Ultrapassar,Proib. P/ >3.5t,33,1.4322916666666665
17975,Curva Perigosa (D),Cuidado Geral,33,1.4322916666666665
34194,Via Prioritária,Fim Proib. >3.5t,33,1.4322916666666665
13470,Via Prioritária,Dê a Preferência,33,1.4322916666666665
18038,Curva Perigosa (D),Cuidado Geral,33,1.4322916666666665
25985,Mantenha-se à Esquerda,70 km/h,33,1.4322916666666665
3921,60 km/h,30 km/h,33,1.4322916666666665
26396,Fim Proib. Ultrapassar,Mantenha-se à Direita,33,1.4322916666666665
26392,Fim Proib. Ultrapassar,Mantenha-se à Direita,33,1.4322916666666665
16603,Proibido Entrar,Obras,33,1.4322916666666665
16812,Proibido Entrar,Obras,33,1.4322916666666665
28088,120 km/h,80 km/h,33,1.4322916666666665
13505,Via Prioritária,Obras,33,1.4322916666666665
12993,Via Prioritária,Dê a Preferência,33,1.4322916666666665
9002,Proib. Ultrapassar,Dê a Preferência,33,1.4322916666666665
21392,Ciclistas,Crianças,33,1.4322916666666665
31579,50 km/h,80 km/h,33,1.4322916666666665
18749,Pista Escorregadia,Crianças,33,1.4322916666666665
26577,Fim Proib. >3.5t,Pista Escorregadia,33,1.4322916666666665
1912,50 km/h,70 km/h,33,1.4322916666666665
5535,80 km/h,50 km/h,33,1.4322916666666665
9228,Proib. Ultrapassar,Proib. P/ >3.5t,33,1.4322916666666665
26817,Rotatória,Mantenha-se à Direita,34,1.4756944444444444
8944,Proib. Ultrapassar,Proib. P/ >3.5t,34,1.4756944444444444
10134,Proib. P/ >3.5t,Proib. Ultrapassar,34,1.4756944444444444
24669,Mantenha-se à Direita,Vire à Esquerda,34,1.4756944444444444
6061,80 km/h,60 km/h,34,1.4756944444444444
21158,Crianças,30 km/h,34,1.4756944444444444
22789,Vire à Direita,Frente ou Esquerda,34,1.4756944444444444
30182,Prioridade Cruzamento,Crianças,34,1.4756944444444444
27164,Prioridade Cruzamento,Semáforo,34,1.4756944444444444
35201,Pista Escorregadia,Neve/Gelo,34,1.4756944444444444
4411,70 km/h,50 km/h,34,1.4756944444444444
18481,Pista Irregular,Obras,34,1.4756944444444444
18315,Curva Dupla,Estreitamento (D),34,1.4756944444444444
3928,60 km/h,30 km/h,34,1.4756944444444444
11315,Prioridade Cruzamento,Cuidado Geral,34,1.4756944444444444
9527,Proib. Ultrapassar,Proib. P/ >3.5t,34,1.4756944444444444
26768,30 km/h,20 km/h,34,1.4756944444444444
26398,Fim Proib. Ultrapassar,Mantenha-se à Direita,34,1.4756944444444444
31646,30 km/h,20 km/h,34,1.4756944444444444
28351,30 km/h,70 km/h,34,1.4756944444444444
22129,Animais Selvagens,Curva Dupla,34,1.4756944444444444
22045,Animais Selvagens,Obras,34,1.4756944444444444
18843,Pista Escorregadia,Proib. P/ >3.5t,34,1.4756944444444444
6566,80 km/h,Mantenha-se à Direita,34,1.4756944444444444
32379,70 km/h,60 km/h,34,1.4756944444444444
10521,Proib. P/ >3.5t,Proib. Ultrapassar,34,1.4756944444444444
29954,Proib. P/ >3.5t,Proib. Ultrapassar,34,1.4756944444444444
18060,Curva Perigosa (D),Cuidado Geral,34,1.4756944444444444
25323,Mantenha-se à Direita,Vire à Esquerda,34,1.4756944444444444
30162,30 km/h,70 km/h,34,1.4756944444444444
14823,Dê a Preferência,Obras,34,1.4756944444444444
34639,30 km/h,20 km/h,34,1.4756944444444444
11153,Proib. P/ >3.5t,Proib. Ultrapassar,34,1.4756944444444444
5205,70 km/h,60 km/h,34,1.4756944444444444
29435,Proib. P/ >3.5t,Proib. Ultrapassar,34,1.4756944444444444
37841,Fim Proib. Ultrapassar,60 km/h,35,1.519097222222222
36038,50 km/h,Dê a Preferência,35,1.519097222222222
1494,30 km/h,70 km/h,35,1.519097222222222
3395,60 km/h,30 km/h,35,1.519097222222222
33355,Frente ou Direita,Siga em Frente,35,1.519097222222222
28277,50 km/h,70 km/h,35,1.519097222222222
5085,70 km/h,60 km/h,35,1.519097222222222
30686,Via Prioritária,Obras,35,1.519097222222222
36583,50 km/h,120 km/h,35,1.519097222222222
3876,60 km/h,70 km/h,35,1.519097222222222
21922,Animais Selvagens,80 km/h,35,1.519097222222222
19628,Obras,Neve/Gelo,35,1.519097222222222
3866,60 km/h,Dê a Preferência,35,1.519097222222222
3163,60 km/h,30 km/h,35,1.519097222222222
28839,70 km/h,60 km/h,35,1.519097222222222
648,30 km/h,Animais Selvagens,35,1.519097222222222
12802,Via Prioritária,Obras,35,1.519097222222222
25443,Mantenha-se à Direita,Vire à Esquerda,35,1.519097222222222
14030,Dê a Preferência,Obras,35,1.519097222222222
16854,Proibido Entrar,70 km/h,35,1.519097222222222
12750,Via Prioritária,120 km/h,35,1.519097222222222
18068,Curva Perigosa (D),Cuidado Geral,35,1.519097222222222
27134,Proib. P/ >3.5t,Dê a Preferência,35,1.519097222222222
19194,Estreitamento (D),Cuidado Geral,35,1.519097222222222
32240,Crianças,Neve/Gelo,35,1.519097222222222
19108,Estreitamento (D),Curva Perigosa (D),35,1.519097222222222
13506,Via Prioritária,Obras,35,1.519097222222222
24532,Mantenha-se à Direita,Vire à Esquerda,35,1.519097222222222
32329,50 km/h,120 km/h,35,1.519097222222222
25778,Mantenha-se à Direita,Vire à Esquerda,36,1.5625
7049,100 km/h,80 km/h,36,1.5625
28738,Cuidado Geral,80 km/h,36,1.5625
2736,50 km/h,70 km/h,36,1.5625
18042,Curva Perigosa (D),Cuidado Geral,36,1.5625
30196,50 km/h,30 km/h,36,1.5625
22857,Vire à Direita,Siga em Frente,36,1.5625
21168,Crianças,30 km/h,36,1.5625
19069,Pista Escorregadia,Crianças,36,1.5625
24639,Mantenha-se à Direita,Vire à Esquerda,36,1.5625
2672,50 km/h,70 km/h,36,1.5625
1369,30 km/h,20 km/h,36,1.5625
545,30 km/h,70 km/h,36,1.5625
5911,80 km/h,50 km/h,36,1.5625
28512,Proib. Ultrapassar,Dê a Preferência,36,1.5625
3944,60 km/h,30 km/h,36,1.5625
11970,Prioridade Cruzamento,Crianças,36,1.5625
24294,Frente ou Direita,Siga em Frente,36,1.5625
34860,30 km/h,70 km/h,36,1.5625
25690,Mantenha-se à Direita,Vire à Esquerda,36,1.5625
31061,Animais Selvagens,Obras,36,1.5625
21530,Neve/Gelo,Obras,36,1.5625
25425,Mantenha-se à Direita,Vire à Esquerda,36,1.5625
21329,Ciclistas,Obras,36,1.5625
17042,Cuidado Geral,Dê a Preferência,36,1.5625
35851,Proib. Ultrapassar,Vire à Esquerda,36,1.5625
22047,Animais Selvagens,Obras,36,1.5625
33216,Mantenha-se à Direita,Vire à Esquerda,36,1.5625
32759,Frente ou Direita,Siga em Frente,36,1.5625
16599,Proibido Entrar,Obras,36,1.5625
473,30 km/h,70 km/h,36,1.5625
15983,Proibido >3.5t,80 km/h,36,1.5625
6062,80 km/h,60 km/h,37,1.6059027777777777
3861,60 km/h,30 km/h,37,1.6059027777777777
19370,Obras,Prioridade Cruzamento,37,1.6059027777777777
671,30 km/h,50 km/h,37,1.6059027777777777
32837,Frente ou Direita,Siga em Frente,37,1.6059027777777777
2392,50 km/h,80 km/h,37,1.6059027777777777
1197,30 km/h,80 km/h,37,1.6059027777777777
969,30 km/h,20 km/h,37,1.6059027777777777
19343,Obras,Crianças,37,1.6059027777777777
205,30 km/h,Animais Selvagens,37,1.6059027777777777
200,30 km/h,80 km/h,37,1.6059027777777777
21067,Crianças,Neve/Gelo,37,1.6059027777777777
32453,30 km/h,70 km/h,37,1.6059027777777777
21764,Animais Selvagens,Cuidado Geral,37,1.6059027777777777
944,30 km/h,80 km/h,37,1.6059027777777777
36326,30 km/h,50 km/h,37,1.6059027777777777
341,30 km/h,80 km/h,37,1.6059027777777777
444,30 km/h,80 km/h,38,1.6493055555555556
21956,Animais Selvagens,Curva Dupla,38,1.6493055555555556
36289,60 km/h,Mantenha-se à Esquerda,38,1.6493055555555556
1400,30 km/h,20 km/h,38,1.6493055555555556
11978,Prioridade Cruzamento,Pedestres,38,1.6493055555555556
16121,Proibido >3.5t,60 km/h,38,1.6493055555555556
17051,Cuidado Geral,Estreitamento (D),38,1.6493055555555556
32220,30 km/h,50 km/h,38,1.6493055555555556
3705,60 km/h,Mantenha-se à Esquerda,38,1.6493055555555556
28879,Siga em Frente,Vire à Esquerda,38,1.6493055555555556
21742,Animais Selvagens,Curva Dupla,38,1.6493055555555556
21901,Animais Selvagens,80 km/h,38,1.6493055555555556
13935,Dê a Preferência,Pista Escorregadia,38,1.6493055555555556
11347,Prioridade Cruzamento,Crianças,38,1.6493055555555556
16601,Proibido Entrar,Proib. P/ >3.5t,38,1.6493055555555556
29152,80 km/h,50 km/h,38,1.6493055555555556
16614,Proibido Entrar,Obras,38,1.6493055555555556
2394,50 km/h,Proib. P/ >3.5t,38,1.6493055555555556
34054,Crianças,Neve/Gelo,38,1.6493055555555556
3445,60 km/h,30 km/h,38,1.6493055555555556
696,30 km/h,80 km/h,38,1.6493055555555556
22034,Animais Selvagens,Obras,38,1.6493055555555556
2848,50 km/h,80 km/h,39,1.6927083333333333
20982,Crianças,Ciclistas,39,1.6927083333333333
2106,50 km/h,Proib. P/ >3.5t,39,1.6927083333333333
29724,Dê a Preferência,50 km/h,39,1.6927083333333333
339,30 km/h,80 km/h,39,1.6927083333333333
33311,Via Prioritária,Obras,39,1.6927083333333333
2729,50 km/h,Proib. P/ >3.5t,39,1.6927083333333333
981,30 km/h,20 km/h,39,1.6927083333333333
37604,Animais Selvagens,Crianças,39,1.6927083333333333
35256,Crianças,Neve/Gelo,39,1.6927083333333333
33572,Crianças,Neve/Gelo,39,1.6927083333333333
20975,Crianças,Neve/Gelo,39,1.6927083333333333
18846,Pista Escorregadia,Curva Perigosa (D),39,1.6927083333333333
14022,Dê a Preferência,Proib. P/ >3.5t,39,1.6927083333333333
5380,70 km/h,80 km/h,39,1.6927083333333333
35597,Animais Selvagens,Curva Perigosa (D),39,1.6927083333333333
21870,Animais Selvagens,Ciclistas,39,1.6927083333333333
19198,Estreitamento (D),Cuidado Geral,39,1.6927083333333333
11904,Prioridade Cruzamento,Neve/Gelo,39,1.6927083333333333
4380,70 km/h,80 km/h,39,1.6927083333333333
20998,Crianças,Pista Escorregadia,40,1.7361111111111112
20934,Crianças,Neve/Gelo,40,1.7361111111111112
36291,80 km/h,60 km/h,40,1.7361111111111112
22229,Animais Selvagens,Obras,40,1.7361111111111112
20860,Pedestres,Semáforo,40,1.7361111111111112
14003,Dê a Preferência,Proib. P/ >3.5t,40,1.7361111111111112
29169,80 km/h,60 km/h,40,1.7361111111111112
13982,Dê a Preferência,50 km/h,40,1.7361111111111112
21919,Animais Selvagens,Cuidado Geral,40,1.7361111111111112
30774,50 km/h,80 km/h,40,1.7361111111111112
35686,Animais Selvagens,Cuidado Geral,40,1.7361111111111112
31507,Prioridade Cruzamento,Pedestres,40,1.7361111111111112
20995,Crianças,Obras,40,1.7361111111111112
36754,Prioridade Cruzamento,Semáforo,40,1.7361111111111112
37736,Dê a Preferência,Pista Escorregadia,40,1.7361111111111112
14005,Dê a Preferência,Proib. P/ >3.5t,40,1.7361111111111112
18858,Pista Escorregadia,Crianças,40,1.7361111111111112
38856,30 km/h,20 km/h,40,1.7361111111111112
935,30 km/h,80 km/h,40,1.7361111111111112
2155,50 km/h,80 km/h,40,1.7361111111111112
711,30 km/h,20 km/h,40,1.7361111111111112
27236,70 km/h,60 km/h,40,1.7361111111111112
12902,Via Prioritária,Proib. P/ >3.5t,40,1.7361111111111112
20950,Crianças,Neve/Gelo,41,1.7795138888888888
12010,Prioridade Cruzamento,Pedestres,41,1.7795138888888888
30856,Animais Selvagens,80 km/h,41,1.7795138888888888
33901,Animais Selvagens,Obras,41,1.7795138888888888
23837,Siga em Frente,Vire à Esquerda,41,1.7795138888888888
13318,Via Prioritária,Obras,41,1.7795138888888888
22846,Vire à Direita,Frente ou Esquerda,41,1.7795138888888888
5807,80 km/h,60 km/h,41,1.7795138888888888
33946,Cuidado Geral,Estreitamento (D),41,1.7795138888888888
22039,Animais Selvagens,Obras,41,1.7795138888888888
2117,50 km/h,Proib. P/ >3.5t,41,1.7795138888888888
26287,Fim Proib. Ultrapassar,Fim Proib. >3.5t,41,1.7795138888888888
33209,Crianças,Neve/Gelo,41,1.7795138888888888
38344,Siga em Frente,Vire à Esquerda,41,1.7795138888888888
6433,80 km/h,60 km/h,41,1.7795138888888888
11134,Proib. P/ >3.5t,60 km/h,41,1.7795138888888888
17049,Cuidado Geral,Estreitamento (D),41,1.7795138888888888
955,30 km/h,80 km/h,41,1.7795138888888888
26628,Fim Proib. >3.5t,Curva Perigosa (D),41,1.7795138888888888
20949,Crianças,Neve/Gelo,41,1.7795138888888888
36324,Dê a Preferência,50 km/h,41,1.7795138888888888
5352,70 km/h,80 km/h,41,1.7795138888888888
17057,Cuidado Geral,Estreitamento (D),41,1.7795138888888888
4387,70 km/h,80 km/h,41,1.7795138888888888
37055,70 km/h,80 km/h,41,1.7795138888888888
17069,Cuidado Geral,Estreitamento (D),41,1.7795138888888888
7370,100 km/h,80 km/h,41,1.7795138888888888
5373,70 km/h,80 km/h,41,1.7795138888888888
3996,60 km/h,30 km/h,42,1.8229166666666667
7599,100 km/h,80 km/h,42,1.8229166666666667
17284,Cuidado Geral,Estreitamento (D),42,1.8229166666666667
28341,80 km/h,60 km/h,42,1.8229166666666667
710,30 km/h,20 km/h,42,1.8229166666666667
4327,70 km/h,80 km/h,42,1.8229166666666667
35495,70 km/h,80 km/h,42,1.8229166666666667
31384,70 km/h,80 km/h,42,1.8229166666666667
39025,Prioridade Cruzamento,Pedestres,42,1.8229166666666667
34596,Dê a Preferência,Proib. P/ >3.5t,42,1.8229166666666667
16086,Proibido >3.5t,60 km/h,42,1.8229166666666667
16122,Proibido >3.5t,60 km/h,42,1.8229166666666667
30106,Prioridade Cruzamento,Pedestres,42,1.8229166666666667
37550,Fim Proib. Ultrapassar,Fim Proib. >3.5t,42,1.8229166666666667
13782,Dê a Preferência,Obras,42,1.8229166666666667
30530,Dê a Preferência,Proib. P/ >3.5t,42,1.8229166666666667
22205,Animais Selvagens,Obras,42,1.8229166666666667
22786,Vire à Direita,Frente ou Esquerda,42,1.8229166666666667
948,30 km/h,80 km/h,43,1.8663194444444444
4589,70 km/h,80 km/h,43,1.8663194444444444
225,30 km/h,80 km/h,43,1.8663194444444444
949,30 km/h,80 km/h,43,1.8663194444444444
20987,Crianças,Neve/Gelo,43,1.8663194444444444
12202,Via Prioritária,Obras,43,1.8663194444444444
30906,30 km/h,20 km/h,43,1.8663194444444444
35838,Dê a Preferência,Proib. P/ >3.5t,43,1.8663194444444444
30771,Prioridade Cruzamento,Pedestres,43,1.8663194444444444
13308,Via Prioritária,Obras,43,1.8663194444444444
771,30 km/h,80 km/h,43,1.8663194444444444
31175,Cuidado Geral,Estreitamento (D),43,1.8663194444444444
26725,Siga em Frente,Frente ou Esquerda,43,1.8663194444444444
1017,30 km/h,50 km/h,43,1.8663194444444444
191,30 km/h,60 km/h,43,1.8663194444444444
508,30 km/h,80 km/h,43,1.8663194444444444
26295,Fim Proib. Ultrapassar,Fim Proib. >3.5t,43,1.8663194444444444
38041,Dê a Preferência,50 km/h,43,1.8663194444444444
21884,Animais Selvagens,Crianças,43,1.8663194444444444
31110,Semáforo,70 km/h,43,1.8663194444444444
26289,Fim Proib. Ultrapassar,Fim Proib. >3.5t,43,1.8663194444444444
27793,30 km/h,80 km/h,44,1.9097222222222223
943,30 km/h,80 km/h,44,1.9097222222222223
5387,70 km/h,80 km/h,44,1.9097222222222223
35758,Frente ou Direita,Siga em Frente,44,1.9097222222222223
4631,70 km/h,80 km/h,44,1.9097222222222223
36307,70 km/h,80 km/h,44,1.9097222222222223
14942,Dê a Preferência,50 km/h,44,1.9097222222222223
6528,80 km/h,60 km/h,44,1.9097222222222223
1162,30 km/h,80 km/h,44,1.9097222222222223
27752,Prioridade Cruzamento,Pedestres,44,1.9097222222222223
26219,Rotatória,Siga em Frente,44,1.9097222222222223
32510,Crianças,Neve/Gelo,44,1.9097222222222223
833,30 km/h,20 km/h,44,1.9097222222222223
29640,Prioridade Cruzamento,Curva Perigosa (D),44,1.9097222222222223
19236,Estreitamento (D),Prioridade Cruzamento,45,1.953125
5405,70 km/h,80 km/h,45,1.953125
445,30 km/h,80 km/h,45,1.953125
19093,Estreitamento (D),Cuidado Geral,45,1.953125
10845,Proib. P/ >3.5t,60 km/h,45,1.953125
29326,70 km/h,20 km/h,45,1.953125
4660,70 km/h,80 km/h,45,1.953125
17649,Cuidado Geral,Estreitamento (D),45,1.953125
21872,Animais Selvagens,Crianças,45,1.953125
17601,Cuidado Geral,Estreitamento (D),45,1.953125
17083,Cuidado Geral,Curva Dupla,45,1.953125
627,30 km/h,80 km/h,45,1.953125
12012,Prioridade Cruzamento,Pedestres,45,1.953125
11815,Prioridade Cruzamento,Cuidado Geral,45,1.953125
5157,70 km/h,60 km/h,45,1.953125
27254,Prioridade Cruzamento,Pedestres,45,1.953125
17721,Cuidado Geral,Estreitamento (D),45,1.953125
17193,Cuidado Geral,Estreitamento (D),45,1.953125
17934,Curva Perigosa (E),Neve/Gelo,45,1.953125
17120,Cuidado Geral,Estreitamento (D),45,1.953125
17651,Cuidado Geral,Estreitamento (D),45,1.953125
5325,70 km/h,80 km/h,45,1.953125
5909,80 km/h,60 km/h,45,1.953125
26211,Rotatória,Vire à Direita,45,1.953125
37321,Prioridade Cruzamento,Pedestres,45,1.953125
39171,80 km/h,60 km/h,45,1.953125
21868,Animais Selvagens,Curva Dupla,45,1.953125
4564,70 km/h,80 km/h,45,1.953125
5183,70 km/h,60 km/h,45,1.953125
5314,70 km/h,80 km/h,45,1.953125
35156,Prioridade Cruzamento,Pedestres,45,1.953125
10831,Proib. P/ >3.5t,60 km/h,45,1.953125
26200,Rotatória,Siga em Frente,45,1.953125
16074,Proibido >3.5t,80 km/h,46,1.9965277777777777
1257,30 km/h,80 km/h,46,1.9965277777777777
17564,Cuidado Geral,Estreitamento (D),46,1.9965277777777777
11927,Prioridade Cruzamento,Cuidado Geral,46,1.9965277777777777
18151,Curva Perigosa (D),Semáforo,46,1.9965277777777777
11255,Prioridade Cruzamento,Dê a Preferência,46,1.9965277777777777
14657,Dê a Preferência,Mantenha-se à Direita,46,1.9965277777777777
18468,Pista Irregular,Ciclistas,46,1.9965277777777777
1049,30 km/h,80 km/h,46,1.9965277777777777
17119,Cuidado Geral,Estreitamento (D),46,1.9965277777777777
18067,Curva Perigosa (D),Cuidado Geral,46,1.9965277777777777
1342,30 km/h,20 km/h,46,1.9965277777777777
39224,Prioridade Cruzamento,Pedestres,46,1.9965277777777777
32433,Animais Selvagens,80 km/h,46,1.9965277777777777
21515,Neve/Gelo,Pista Irregular,46,1.9965277777777777
33059,Prioridade Cruzamento,Pedestres,47,2.039930555555556
18739,Pista Escorregadia,Crianças,47,2.039930555555556
7055,100 km/h,80 km/h,47,2.039930555555556
11925,Prioridade Cruzamento,Cuidado Geral,47,2.039930555555556
21227,Crianças,Cuidado Geral,47,2.039930555555556
11923,Prioridade Cruzamento,Cuidado Geral,47,2.039930555555556
7387,100 km/h,80 km/h,47,2.039930555555556
35806,Dê a Preferência,50 km/h,47,2.039930555555556
36521,Pista Escorregadia,Ciclistas,47,2.039930555555556
4280,70 km/h,50 km/h,47,2.039930555555556
27848,Siga em Frente,Vire à Direita,47,2.039930555555556
27684,Via Prioritária,Dê a Preferência,47,2.039930555555556
5378,70 km/h,80 km/h,47,2.039930555555556
11922,Prioridade Cruzamento,Cuidado Geral,47,2.039930555555556
685,30 km/h,80 km/h,47,2.039930555555556
18074,Curva Perigosa (D),Cuidado Geral,47,2.039930555555556
5336,70 km/h,80 km/h,47,2.039930555555556
21060,Crianças,Neve/Gelo,47,2.039930555555556
4366,70 km/h,80 km/h,47,2.039930555555556
1224,30 km/h,20 km/h,47,2.039930555555556
20966,Crianças,Neve/Gelo,47,2.039930555555556
2089,50 km/h,70 km/h,47,2.039930555555556
4279,70 km/h,30 km/h,47,2.039930555555556
699,30 km/h,80 km/h,47,2.039930555555556
29930,Semáforo,70 km/h,48,2.083333333333333
11722,Prioridade Cruzamento,Curva Perigosa (D),48,2.083333333333333
11664,Prioridade Cruzamento,Crianças,48,2.083333333333333
35381,Proib. P/ >3.5t,Proib. Ultrapassar,48,2.083333333333333
1101,30 km/h,80 km/h,48,2.083333333333333
3886,60 km/h,20 km/h,48,2.083333333333333
13776,Dê a Preferência,50 km/h,48,2.083333333333333
4148,70 km/h,30 km/h,48,2.083333333333333
12000,Prioridade Cruzamento,Pedestres,48,2.083333333333333
38607,Prioridade Cruzamento,Crianças,48,2.083333333333333
26363,Fim Proib. Ultrapassar,Fim Proib. >3.5t,48,2.083333333333333
20883,Crianças,Prioridade Cruzamento,48,2.083333333333333
30264,Prioridade Cruzamento,Pedestres,48,2.083333333333333
19090,Estreitamento (D),Cuidado Geral,49,2.126736111111111
34306,50 km/h,30 km/h,49,2.126736111111111
26204,Rotatória,Mantenha-se à Direita,49,2.126736111111111
3158,60 km/h,50 km/h,49,2.126736111111111
26641,30 km/h,80 km/h,49,2.126736111111111
14602,Dê a Preferência,Proib. P/ >3.5t,49,2.126736111111111
4377,70 km/h,80 km/h,49,2.126736111111111
4400,70 km/h,80 km/h,49,2.126736111111111
17565,Cuidado Geral,Estreitamento (D),49,2.126736111111111
12014,Prioridade Cruzamento,Pedestres,49,2.126736111111111
26299,Fim Proib. Ultrapassar,Fim Proib. >3.5t,49,2.126736111111111
26065,Rotatória,Mantenha-se à Direita,50,2.170138888888889
20964,Crianças,Neve/Gelo,50,2.170138888888889
3220,60 km/h,50 km/h,50,2.170138888888889
35103,50 km/h,70 km/h,50,2.170138888888889
18313,Curva Dupla,Estreitamento (D),50,2.170138888888889
18311,Curva Dupla,Estreitamento (D),50,2.170138888888889
17136,Cuidado Geral,Estreitamento (D),50,2.170138888888889
37093,Pista Escorregadia,Obras,50,2.170138888888889
14960,Dê a Preferência,Obras,50,2.170138888888889
13732,Dê a Preferência,Proib. P/ >3.5t,50,2.170138888888889
1034,30 km/h,80 km/h,50,2.170138888888889
36245,70 km/h,80 km/h,50,2.170138888888889
24205,Frente ou Direita,Siga em Frente,50,2.170138888888889
1285,30 km/h,20 km/h,50,2.170138888888889
2577,50 km/h,Proib. P/ >3.5t,50,2.170138888888889
22796,Vire à Direita,Frente ou Esquerda,50,2.170138888888889
13083,Via Prioritária,Dê a Preferência,50,2.170138888888889
11521,Prioridade Cruzamento,Neve/Gelo,50,2.170138888888889
6872,Fim 80,Fim Proib. >3.5t,50,2.170138888888889
22441,Vire à Direita,60 km/h,50,2.170138888888889
36206,Proib. P/ >3.5t,Proib. Ultrapassar,51,2.213541666666667
38503,Prioridade Cruzamento,Neve/Gelo,51,2.213541666666667
10378,Proib. P/ >3.5t,Proib. Ultrapassar,51,2.213541666666667
4455,70 km/h,80 km/h,51,2.213541666666667
4663,70 km/h,80 km/h,51,2.213541666666667
6116,80 km/h,60 km/h,51,2.213541666666667
4338,70 km/h,80 km/h,51,2.213541666666667
28766,Proib. P/ >3.5t,Proib. Ultrapassar,51,2.213541666666667
32430,Proib. P/ >3.5t,60 km/h,52,2.256944444444444
26294,Fim Proib. Ultrapassar,Fim Proib. >3.5t,52,2.256944444444444
623,30 km/h,80 km/h,52,2.256944444444444
11575,Prioridade Cruzamento,Cuidado Geral,52,2.256944444444444
17777,Cuidado Geral,Pedestres,52,2.256944444444444
4494,70 km/h,30 km/h,52,2.256944444444444
1073,30 km/h,80 km/h,52,2.256944444444444
37556,Frente ou Direita,Siga em Frente,52,2.256944444444444
38925,Frente ou Direita,Dê a Preferência,52,2.256944444444444
10636,Proib. P/ >3.5t,Proib. Ultrapassar,52,2.256944444444444
13825,Dê a Preferência,Pista Escorregadia,52,2.256944444444444
32298,Frente ou Esquerda,Siga em Frente,52,2.256944444444444
13472,Via Prioritária,Proib. P/ >3.5t,52,2.256944444444444
23963,Siga em Frente,Vire à Esquerda,52,2.256944444444444
22847,Vire à Direita,Frente ou Esquerda,52,2.256944444444444
17567,Cuidado Geral,Estreitamento (D),52,2.256944444444444
2194,50 km/h,70 km/h,53,2.3003472222222223
30395,Proib. Ultrapassar,60 km/h,53,2.3003472222222223
11483,Prioridade Cruzamento,Pedestres,53,2.3003472222222223
36621,Siga em Frente,Vire à Esquerda,53,2.3003472222222223
35447,Prioridade Cruzamento,Pedestres,53,2.3003472222222223
17771,Cuidado Geral,Pedestres,53,2.3003472222222223
22840,Vire à Direita,Frente ou Esquerda,53,2.3003472222222223
18830,Pista Escorregadia,Neve/Gelo,53,2.3003472222222223
11376,Prioridade Cruzamento,Cuidado Geral,53,2.3003472222222223
22774,Vire à Direita,60 km/h,53,2.3003472222222223
4403,70 km/h,80 km/h,53,2.3003472222222223
19012,Pista Escorregadia,Ciclistas,53,2.3003472222222223
34823,50 km/h,70 km/h,53,2.3003472222222223
3151,60 km/h,50 km/h,53,2.3003472222222223
11379,Prioridade Cruzamento,Cuidado Geral,53,2.3003472222222223
22798,Vire à Direita,Frente ou Esquerda,54,2.34375
18466,Pista Irregular,Ciclistas,54,2.34375
22455,Vire à Direita,60 km/h,54,2.34375
17229,Cuidado Geral,Estreitamento (D),54,2.34375
34957,Prioridade Cruzamento,Pedestres,54,2.34375
4160,70 km/h,30 km/h,54,2.34375
35122,Prioridade Cruzamento,Pedestres,54,2.34375
3774,60 km/h,30 km/h,54,2.34375
19013,Pista Escorregadia,Ciclistas,54,2.34375
23061,Vire à Esquerda,Siga em Frente,54,2.34375
23077,Vire à Esquerda,80 km/h,54,2.34375
36537,50 km/h,70 km/h,54,2.34375
33864,70 km/h,80 km/h,54,2.34375
4365,70 km/h,80 km/h,54,2.34375
7861,100 km/h,120 km/h,54,2.34375
22708,Vire à Direita,Frente ou Esquerda,54,2.34375
11306,Prioridade Cruzamento,Cuidado Geral,54,2.34375
9009,Proib. Ultrapassar,Dê a Preferência,54,2.34375
22849,Vire à Direita,60 km/h,54,2.34375
10855,Proib. P/ >3.5t,60 km/h,55,2.3871527777777777
14013,Dê a Preferência,Obras,55,2.3871527777777777
16090,Proibido >3.5t,60 km/h,55,2.3871527777777777
12138,Prioridade Cruzamento,Neve/Gelo,55,2.3871527777777777
22792,Vire à Direita,Frente ou Esquerda,55,2.3871527777777777
11838,Prioridade Cruzamento,Neve/Gelo,55,2.3871527777777777
23185,Vire à Esquerda,Siga em Frente,55,2.3871527777777777
11799,Prioridade Cruzamento,Cuidado Geral,56,2.430555555555556
16172,Proibido >3.5t,60 km/h,56,2.430555555555556
1828,50 km/h,80 km/h,56,2.430555555555556
11294,Prioridade Cruzamento,Pedestres,56,2.430555555555556
36462,Semáforo,Cuidado Geral,56,2.430555555555556
9775,Proib. Ultrapassar,Proib. P/ >3.5t,56,2.430555555555556
30720,Prioridade Cruzamento,Pedestres,56,2.430555555555556
6643,80 km/h,20 km/h,56,2.430555555555556
11803,Prioridade Cruzamento,Cuidado Geral,56,2.430555555555556
35955,50 km/h,30 km/h,56,2.430555555555556
27418,20 km/h,120 km/h,56,2.430555555555556
17292,Cuidado Geral,Estreitamento (D),56,2.430555555555556
26858,70 km/h,80 km/h,56,2.430555555555556
18075,Curva Perigosa (D),Cuidado Geral,56,2.430555555555556
5129,70 km/h,120 km/h,56,2.430555555555556
4766,70 km/h,120 km/h,56,2.430555555555556
11446,Prioridade Cruzamento,Neve/Gelo,57,2.473958333333333
22461,Vire à Direita,Frente ou Esquerda,57,2.473958333333333
11835,Prioridade Cruzamento,Neve/Gelo,57,2.473958333333333
62,20 km/h,80 km/h,57,2.473958333333333
24185,Frente ou Direita,Siga em Frente,57,2.473958333333333
18860,Pista Escorregadia,Ciclistas,57,2.473958333333333
34023,Fim 80,Mantenha-se à Direita,57,2.473958333333333
3857,60 km/h,30 km/h,57,2.473958333333333
11485,Prioridade Cruzamento,Pedestres,57,2.473958333333333
22688,Vire à Direita,Frente ou Esquerda,57,2.473958333333333
20700,Pedestres,Cuidado Geral,57,2.473958333333333
34262,Proib. Ultrapassar,Proib. P/ >3.5t,57,2.473958333333333
7,20 km/h,60 km/h,58,2.517361111111111
20331,Semáforo,Estreitamento (D),58,2.517361111111111
22468,Vire à Direita,Frente ou Esquerda,58,2.517361111111111
11488,Prioridade Cruzamento,Pedestres,58,2.517361111111111
11806,Prioridade Cruzamento,Pedestres,58,2.517361111111111
4294,70 km/h,80 km/h,58,2.517361111111111
9688,Proib. Ultrapassar,Proib. P/ >3.5t,58,2.517361111111111
16237,Proibido >3.5t,60 km/h,58,2.517361111111111
16091,Proibido >3.5t,60 km/h,58,2.517361111111111
7671,100 km/h,80 km/h,58,2.517361111111111
32642,20 km/h,80 km/h,58,2.517361111111111
706,30 km/h,Fim 80,59,2.560763888888889
34379,Crianças,Semáforo,59,2.560763888888889
9329,Proib. Ultrapassar,Proib. P/ >3.5t,59,2.560763888888889
33773,Obras,Curva Perigosa (D),59,2.560763888888889
27882,Frente ou Esquerda,Siga em Frente,59,2.560763888888889
7308,100 km/h,80 km/h,59,2.560763888888889
23188,Vire à Esquerda,Siga em Frente,59,2.560763888888889
22778,Vire à Direita,Frente ou Esquerda,59,2.560763888888889
4577,70 km/h,80 km/h,59,2.560763888888889
16080,Proibido >3.5t,60 km/h,59,2.560763888888889
6707,Fim 80,Mantenha-se à Direita,59,2.560763888888889
11453,Prioridade Cruzamento,Neve/Gelo,60,2.604166666666667
9236,Proib. Ultrapassar,Proib. P/ >3.5t,60,2.604166666666667
28663,70 km/h,120 km/h,60,2.604166666666667
20338,Semáforo,Estreitamento (D),60,2.604166666666667
18820,Pista Escorregadia,Neve/Gelo,60,2.604166666666667
27494,Estreitamento (D),Cuidado Geral,60,2.604166666666667
34976,50 km/h,80 km/h,60,2.604166666666667
38993,Frente ou Direita,Siga em Frente,60,2.604166666666667
11458,Prioridade Cruzamento,Neve/Gelo,60,2.604166666666667
15867,Proibido Veículos,Dê a Preferência,61,2.647569444444444
21532,Neve/Gelo,Crianças,61,2.647569444444444
14439,Dê a Preferência,50 km/h,61,2.647569444444444
17650,Cuidado Geral,Estreitamento (D),61,2.647569444444444
20398,Semáforo,Estreitamento (D),61,2.647569444444444
24161,Frente ou Direita,Siga em Frente,61,2.647569444444444
19047,Pista Escorregadia,Neve/Gelo,61,2.647569444444444
17199,Cuidado Geral,Estreitamento (D),61,2.647569444444444
33896,Frente ou Direita,Siga em Frente,61,2.647569444444444
35187,Dê a Preferência,Proib. P/ >3.5t,61,2.647569444444444
11839,Prioridade Cruzamento,Neve/Gelo,61,2.647569444444444
11940,Prioridade Cruzamento,Neve/Gelo,61,2.647569444444444
11399,Prioridade Cruzamento,Cuidado Geral,61,2.647569444444444
17724,Cuidado Geral,Estreitamento (D),61,2.647569444444444
11613,Prioridade Cruzamento,Neve/Gelo,61,2.647569444444444
33279,20 km/h,30 km/h,61,2.647569444444444
24208,Frente ou Direita,Siga em Frente,62,2.6909722222222223
16244,Proibido >3.5t,60 km/h,62,2.6909722222222223
19378,Obras,Curva Perigosa (D),62,2.6909722222222223
21533,Neve/Gelo,Crianças,62,2.6909722222222223
11881,Prioridade Cruzamento,Crianças,62,2.6909722222222223
12143,Prioridade Cruzamento,Neve/Gelo,62,2.6909722222222223
9779,Proib. Ultrapassar,Proib. P/ >3.5t,62,2.6909722222222223
28599,Prioridade Cruzamento,Cuidado Geral,62,2.6909722222222223
17248,Cuidado Geral,Pedestres,62,2.6909722222222223
17205,Cuidado Geral,Pedestres,62,2.6909722222222223
14526,Dê a Preferência,50 km/h,62,2.6909722222222223
4462,70 km/h,80 km/h,62,2.6909722222222223
19508,Obras,Curva Perigosa (D),62,2.6909722222222223
17733,Cuidado Geral,Estreitamento (D),62,2.6909722222222223
30597,Fim 80,Mantenha-se à Direita,62,2.6909722222222223
16241,Proibido >3.5t,Cuidado Geral,62,2.6909722222222223
37369,Siga em Frente,Vire à Direita,62,2.6909722222222223
22697,Vire à Direita,Frente ou Esquerda,63,2.734375
18826,Pista Escorregadia,Neve/Gelo,63,2.734375
31451,Cuidado Geral,Semáforo,63,2.734375
23099,Vire à Esquerda,Vire à Direita,64,2.7777777777777777
19095,Estreitamento (D),Semáforo,64,2.7777777777777777
17207,Cuidado Geral,Pedestres,64,2.7777777777777777
17607,Cuidado Geral,Pedestres,64,2.7777777777777777
29608,Proibido >3.5t,80 km/h,64,2.7777777777777777
6996,100 km/h,80 km/h,64,2.7777777777777777
3807,60 km/h,Dê a Preferência,64,2.7777777777777777
12510,Via Prioritária,Proib. P/ >3.5t,64,2.7777777777777777
11261,Prioridade Cruzamento,Pedestres,65,2.821180555555556
23204,Vire à Esquerda,Siga em Frente,65,2.821180555555556
102,20 km/h,80 km/h,65,2.821180555555556
32789,Cuidado Geral,Estreitamento (D),65,2.821180555555556
7400,100 km/h,80 km/h,65,2.821180555555556
7314,100 km/h,80 km/h,65,2.821180555555556
7305,100 km/h,80 km/h,65,2.821180555555556
24293,Frente ou Direita,Siga em Frente,66,2.864583333333333
6957,Fim 80,Mantenha-se à Direita,66,2.864583333333333
31210,20 km/h,30 km/h,66,2.864583333333333
7776,100 km/h,70 km/h,66,2.864583333333333
36689,20 km/h,30 km/h,66,2.864583333333333
38058,Prioridade Cruzamento,Crianças,66,2.864583333333333
32481,Prioridade Cruzamento,Crianças,66,2.864583333333333
22280,Fim de Proibições,Fim Proib. >3.5t,66,2.864583333333333
29780,80 km/h,120 km/h,66,2.864583333333333
11745,Prioridade Cruzamento,Neve/Gelo,67,2.907986111111111
24206,Frente ou Direita,Siga em Frente,67,2.907986111111111
49,20 km/h,30 km/h,67,2.907986111111111
18307,Curva Dupla,Curva Perigosa (E),67,2.907986111111111
24,20 km/h,30 km/h,67,2.907986111111111
7404,100 km/h,80 km/h,67,2.907986111111111
18861,Pista Escorregadia,Ciclistas,67,2.907986111111111
17280,Cuidado Geral,Estreitamento (D),67,2.907986111111111
17185,Cuidado Geral,Estreitamento (D),67,2.907986111111111
899,30 km/h,20 km/h,67,2.907986111111111
5038,70 km/h,20 km/h,67,2.907986111111111
18305,Curva Dupla,Estreitamento (D),68,2.951388888888889
17819,Cuidado Geral,Pedestres,68,2.951388888888889
20766,Pedestres,Prioridade Cruzamento,68,2.951388888888889
22839,Vire à Direita,Frente ou Esquerda,68,2.951388888888889
37173,Prioridade Cruzamento,Pedestres,68,2.951388888888889
17818,Cuidado Geral,Pedestres,68,2.951388888888889
18821,Pista Escorregadia,Neve/Gelo,68,2.951388888888889
18259,Curva Dupla,Estreitamento (D),68,2.951388888888889
32806,Frente ou Direita,Siga em Frente,68,2.951388888888889
18324,Curva Dupla,Estreitamento (D),68,2.951388888888889
22644,Vire à Direita,Frente ou Esquerda,68,2.951388888888889
11606,Prioridade Cruzamento,Neve/Gelo,68,2.951388888888889
22689,Vire à Direita,Frente ou Esquerda,68,2.951388888888889
18752,Pista Escorregadia,Curva Perigosa (E),69,2.994791666666667
19022,Pista Escorregadia,Neve/Gelo,69,2.994791666666667
17688,Cuidado Geral,Pedestres,69,2.994791666666667
30661,Prioridade Cruzamento,Pedestres,69,2.994791666666667
17680,Cuidado Geral,Pedestres,69,2.994791666666667
18754,Pista Escorregadia,Curva Perigosa (E),69,2.994791666666667
11443,Prioridade Cruzamento,Neve/Gelo,69,2.994791666666667
18264,Curva Dupla,Estreitamento (D),69,2.994791666666667
17127,Cuidado Geral,Estreitamento (D),69,2.994791666666667
11947,Prioridade Cruzamento,Neve/Gelo,69,2.994791666666667
18761,Pista Escorregadia,Curva Perigosa (E),69,2.994791666666667
18774,Pista Escorregadia,Curva Perigosa (E),70,3.038194444444444
18758,Pista Escorregadia,Curva Perigosa (E),70,3.038194444444444
17654,Cuidado Geral,Estreitamento (D),70,3.038194444444444
17726,Cuidado Geral,Pedestres,70,3.038194444444444
22714,Vire à Direita,Frente ou Esquerda,70,3.038194444444444
12076,Prioridade Cruzamento,Neve/Gelo,70,3.038194444444444
11534,Prioridade Cruzamento,Neve/Gelo,70,3.038194444444444
6630,80 km/h,60 km/h,70,3.038194444444444
12068,Prioridade Cruzamento,Neve/Gelo,70,3.038194444444444
17685,Cuidado Geral,Pedestres,70,3.038194444444444
22451,Vire à Direita,Frente ou Esquerda,70,3.038194444444444
19742,Obras,Estreitamento (D),70,3.038194444444444
19744,Obras,Curva Dupla,70,3.038194444444444
11621,Prioridade Cruzamento,Curva Perigosa (D),70,3.038194444444444
12080,Prioridade Cruzamento,Neve/Gelo,70,3.038194444444444
19029,Pista Escorregadia,Neve/Gelo,70,3.038194444444444
18992,Pista Escorregadia,Neve/Gelo,70,3.038194444444444
17806,Cuidado Geral,Pedestres,70,3.038194444444444
11519,Prioridade Cruzamento,Neve/Gelo,71,3.0815972222222223
17655,Cuidado Geral,Estreitamento (D),71,3.0815972222222223
11515,Prioridade Cruzamento,Neve/Gelo,71,3.0815972222222223
13381,Via Prioritária,Fim 80,71,3.0815972222222223
15,20 km/h,30 km/h,71,3.0815972222222223
17154,Cuidado Geral,Estreitamento (D),71,3.0815972222222223
17290,Cuidado Geral,Prioridade Cruzamento,71,3.0815972222222223
121,20 km/h,30 km/h,71,3.0815972222222223
18756,Pista Escorregadia,Curva Perigosa (E),71,3.0815972222222223
18940,Pista Escorregadia,Neve/Gelo,71,3.0815972222222223
31753,80 km/h,100 km/h,72,3.125
22272,Fim de Proibições,Mantenha-se à Direita,72,3.125
20393,Semáforo,Pedestres,72,3.125
19060,Pista Escorregadia,Neve/Gelo,72,3.125
4297,70 km/h,80 km/h,72,3.125
18899,Pista Escorregadia,Neve/Gelo,72,3.125
18916,Pista Escorregadia,Neve/Gelo,72,3.125
18367,Curva Dupla,Pedestres,72,3.125
18227,Curva Dupla,Estreitamento (D),72,3.125
18362,Curva Dupla,Curva Perigosa (E),72,3.125
32073,Prioridade Cruzamento,Neve/Gelo,72,3.125
19643,Obras,Curva Perigosa (D),72,3.125
22458,Vire à Direita,Frente ou Esquerda,72,3.125
13002,Via Prioritária,Proib. P/ >3.5t,72,3.125
17245,Cuidado Geral,Pedestres,72,3.125
18990,Pista Escorregadia,Neve/Gelo,72,3.125
3573,60 km/h,50 km/h,72,3.125
2630,50 km/h,120 km/h,73,3.1684027777777777
37452,Via Prioritária,Fim de Proibições,73,3.1684027777777777
17740,Cuidado Geral,Estreitamento (D),73,3.1684027777777777
1792,50 km/h,60 km/h,73,3.1684027777777777
11699,Prioridade Cruzamento,Curva Perigosa (D),73,3.1684027777777777
29394,Mantenha-se à Direita,Dê a Preferência,73,3.1684027777777777
26500,Fim Proib. >3.5t,Fim de Proibições,73,3.1684027777777777
1648,30 km/h,70 km/h,74,3.2118055555555554
18267,Curva Dupla,Estreitamento (D),74,3.2118055555555554
24245,Frente ou Direita,Vire à Direita,74,3.2118055555555554
24042,Frente ou Direita,Vire à Direita,74,3.2118055555555554
56,20 km/h,30 km/h,74,3.2118055555555554
33687,60 km/h,50 km/h,74,3.2118055555555554
28559,Siga em Frente,Frente ou Esquerda,74,3.2118055555555554
18906,Pista Escorregadia,Neve/Gelo,74,3.2118055555555554
34680,50 km/h,30 km/h,74,3.2118055555555554
27808,50 km/h,70 km/h,74,3.2118055555555554
33329,Frente ou Esquerda,Siga em Frente,74,3.2118055555555554
7021,100 km/h,80 km/h,75,3.2552083333333335
32948,50 km/h,70 km/h,75,3.2552083333333335
1913,50 km/h,70 km/h,75,3.2552083333333335
12603,Via Prioritária,Fim 80,75,3.2552083333333335
1895,50 km/h,60 km/h,75,3.2552083333333335
12089,Prioridade Cruzamento,Cuidado Geral,75,3.2552083333333335
4467,70 km/h,80 km/h,75,3.2552083333333335
39204,Pista Escorregadia,Neve/Gelo,75,3.2552083333333335
19015,Pista Escorregadia,Ciclistas,75,3.2552083333333335
39143,Obras,Neve/Gelo,76,3.298611111111111
37110,Via Prioritária,70 km/h,76,3.298611111111111
21027,Crianças,Estreitamento (D),76,3.298611111111111
18838,Pista Escorregadia,Ciclistas,76,3.298611111111111
7319,100 km/h,80 km/h,76,3.298611111111111
17923,Curva Perigosa (E),Estreitamento (D),76,3.298611111111111
36046,50 km/h,70 km/h,76,3.298611111111111
832,30 km/h,20 km/h,76,3.298611111111111
17918,Curva Perigosa (E),Pista Escorregadia,76,3.298611111111111
18913,Pista Escorregadia,Neve/Gelo,76,3.298611111111111
19043,Pista Escorregadia,Neve/Gelo,76,3.298611111111111
2755,50 km/h,70 km/h,77,3.342013888888889
2953,50 km/h,30 km/h,77,3.342013888888889
20069,Obras,Curva Perigosa (D),77,3.342013888888889
13200,Via Prioritária,Fim 80,77,3.342013888888889
26908,50 km/h,80 km/h,77,3.342013888888889
18936,Pista Escorregadia,Neve/Gelo,77,3.342013888888889
1589,30 km/h,20 km/h,77,3.342013888888889
1546,30 km/h,70 km/h,77,3.342013888888889
10769,Proib. P/ >3.5t,Proib. Ultrapassar,77,3.342013888888889
11669,Prioridade Cruzamento,Fim Proib. >3.5t,77,3.342013888888889
18,20 km/h,30 km/h,77,3.342013888888889
22448,Vire à Direita,Dê a Preferência,77,3.342013888888889
1916,50 km/h,70 km/h,77,3.342013888888889
18818,Pista Escorregadia,Neve/Gelo,77,3.342013888888889
18881,Pista Escorregadia,Neve/Gelo,77,3.342013888888889
17881,Curva Perigosa (E),Ciclistas,77,3.342013888888889
24253,Frente ou Direita,Vire à Direita,77,3.342013888888889
29993,Frente ou Esquerda,Siga em Frente,77,3.342013888888889
3957,60 km/h,50 km/h,77,3.342013888888889
28615,Via Prioritária,Fim de Proibições,77,3.342013888888889
12631,Via Prioritária,Fim 80,78,3.3854166666666665
2217,50 km/h,80 km/h,78,3.3854166666666665
18917,Pista Escorregadia,Neve/Gelo,78,3.3854166666666665
19039,Pista Escorregadia,Neve/Gelo,78,3.3854166666666665
31271,30 km/h,80 km/h,78,3.3854166666666665
12643,Via Prioritária,Fim de Proibições,78,3.3854166666666665
17188,Cuidado Geral,Estreitamento (D),78,3.3854166666666665
2096,50 km/h,80 km/h,78,3.3854166666666665
27832,50 km/h,80 km/h,78,3.3854166666666665
38690,50 km/h,80 km/h,78,3.3854166666666665
18873,Pista Escorregadia,Neve/Gelo,78,3.3854166666666665
12638,Via Prioritária,Fim 80,78,3.3854166666666665
18889,Pista Escorregadia,Neve/Gelo,78,3.3854166666666665
30501,Pista Escorregadia,Neve/Gelo,78,3.3854166666666665
18872,Pista Escorregadia,Neve/Gelo,78,3.3854166666666665
28408,30 km/h,20 km/h,78,3.3854166666666665
12274,Via Prioritária,30 km/h,78,3.3854166666666665
24414,Frente ou Esquerda,Vire à Esquerda,78,3.3854166666666665
24271,Frente ou Direita,Siga em Frente,79,3.4288194444444446
24112,Frente ou Direita,Siga em Frente,79,3.4288194444444446
35290,Via Prioritária,Fim 80,79,3.4288194444444446
1613,30 km/h,20 km/h,79,3.4288194444444446
32955,100 km/h,80 km/h,79,3.4288194444444446
21679,Neve/Gelo,Crianças,79,3.4288194444444446
12634,Via Prioritária,Fim 80,79,3.4288194444444446
28425,Obras,Curva Perigosa (D),80,3.4722222222222223
7048,100 km/h,120 km/h,80,3.4722222222222223
3087,50 km/h,30 km/h,80,3.4722222222222223
37205,50 km/h,80 km/h,80,3.4722222222222223
15695,Proibido Veículos,60 km/h,80,3.4722222222222223
3026,50 km/h,30 km/h,80,3.4722222222222223
20153,Obras,Curva Perigosa (D),80,3.4722222222222223
24235,Frente ou Direita,Siga em Frente,80,3.4722222222222223
11280,Prioridade Cruzamento,Cuidado Geral,80,3.4722222222222223
26256,Rotatória,Frente ou Esquerda,80,3.4722222222222223
33598,Mantenha-se à Esquerda,Siga em Frente,80,3.4722222222222223
18723,Pista Escorregadia,80 km/h,81,3.515625
29158,Proibido Entrar,30 km/h,81,3.515625
28241,Fim 80,80 km/h,81,3.515625
19316,Obras,Dê a Preferência,81,3.515625
18952,Pista Escorregadia,Neve/Gelo,81,3.515625
4015,60 km/h,50 km/h,81,3.515625
20154,Obras,Curva Perigosa (D),81,3.515625
29985,50 km/h,70 km/h,82,3.5590277777777777
23429,Siga em Frente,Dê a Preferência,82,3.5590277777777777
2668,50 km/h,80 km/h,82,3.5590277777777777
23274,Siga em Frente,Vire à Esquerda,82,3.5590277777777777
20813,Pedestres,Estreitamento (D),82,3.5590277777777777
24255,Frente ou Direita,Vire à Direita,83,3.6024305555555554
20140,Obras,Cuidado Geral,83,3.6024305555555554
1738,50 km/h,80 km/h,83,3.6024305555555554
32614,Prioridade Cruzamento,Cuidado Geral,83,3.6024305555555554
28102,Fim Proib. >3.5t,Prioridade Cruzamento,83,3.6024305555555554
26443,Fim Proib. Ultrapassar,Fim de Proibições,83,3.6024305555555554
27013,80 km/h,60 km/h,83,3.6024305555555554
19036,Pista Escorregadia,Curva Perigosa (E),83,3.6024305555555554
23834,Siga em Frente,Vire à Esquerda,84,3.6458333333333335
24249,Frente ou Direita,Vire à Direita,84,3.6458333333333335
39213,Proibido Entrar,Prioridade Cruzamento,84,3.6458333333333335
23259,Siga em Frente,Mantenha-se à Direita,84,3.6458333333333335
20068,Obras,Curva Perigosa (D),84,3.6458333333333335
30435,Prioridade Cruzamento,Pedestres,84,3.6458333333333335
34749,Siga em Frente,Frente ou Esquerda,84,3.6458333333333335
2664,50 km/h,80 km/h,84,3.6458333333333335
7064,100 km/h,80 km/h,85,3.689236111111111
16245,Proibido >3.5t,Cuidado Geral,85,3.689236111111111
20815,Pedestres,Estreitamento (D),85,3.689236111111111
15512,PARE,Proibido Entrar,85,3.689236111111111
35583,Obras,Estreitamento (D),85,3.689236111111111
34792,100 km/h,80 km/h,86,3.732638888888889
34589,Fim Proib. >3.5t,100 km/h,86,3.732638888888889
6681,80 km/h,30 km/h,86,3.732638888888889
31683,Pedestres,Estreitamento (D),86,3.732638888888889
5302,70 km/h,80 km/h,86,3.732638888888889
35224,Prioridade Cruzamento,Cuidado Geral,86,3.732638888888889
2667,50 km/h,80 km/h,86,3.732638888888889
22308,Fim de Proibições,Fim Proib. Ultrapassar,87,3.7760416666666665
20754,Pedestres,Estreitamento (D),87,3.7760416666666665
11159,Proib. P/ >3.5t,60 km/h,87,3.7760416666666665
17187,Cuidado Geral,Estreitamento (D),87,3.7760416666666665
29100,Prioridade Cruzamento,Pedestres,87,3.7760416666666665
19317,Obras,Dê a Preferência,88,3.8194444444444446
37175,Obras,Neve/Gelo,88,3.8194444444444446
21949,Animais Selvagens,Obras,88,3.8194444444444446
28490,Siga em Frente,Frente ou Direita,88,3.8194444444444446
29137,70 km/h,80 km/h,88,3.8194444444444446
36901,100 km/h,120 km/h,88,3.8194444444444446
19950,Obras,Curva Dupla,88,3.8194444444444446
6919,Fim 80,Mantenha-se à Direita,88,3.8194444444444446
20134,Obras,Curva Perigosa (D),88,3.8194444444444446
33349,Obras,Neve/Gelo,88,3.8194444444444446
20040,Obras,Neve/Gelo,88,3.8194444444444446
1547,30 km/h,70 km/h,88,3.8194444444444446
38670,100 km/h,120 km/h,89,3.8628472222222223
19741,Obras,Neve/Gelo,89,3.8628472222222223
28172,Prioridade Cruzamento,Pedestres,89,3.8628472222222223
39001,100 km/h,80 km/h,89,3.8628472222222223
20061,Obras,Cuidado Geral,89,3.8628472222222223
31785,70 km/h,80 km/h,89,3.8628472222222223
22296,Fim de Proibições,Fim Proib. Ultrapassar,89,3.8628472222222223
14067,Dê a Preferência,60 km/h,90,3.90625
26695,Siga em Frente,Fim Proib. Ultrapassar,90,3.90625
12287,Via Prioritária,Dê a Preferência,90,3.90625
24063,Frente ou Direita,Obras,90,3.90625
79,20 km/h,60 km/h,90,3.90625
14754,Dê a Preferência,50 km/h,90,3.90625
30371,Dê a Preferência,Obras,91,3.9496527777777777
22982,Vire à Esquerda,Mantenha-se à Direita,91,3.9496527777777777
27869,Proib. P/ >3.5t,Proib. Ultrapassar,91,3.9496527777777777
18685,Pista Irregular,Ciclistas,91,3.9496527777777777
7724,100 km/h,80 km/h,91,3.9496527777777777
3121,50 km/h,80 km/h,91,3.9496527777777777
34726,Proib. Ultrapassar,Proibido >3.5t,91,3.9496527777777777
26470,Fim Proib. >3.5t,100 km/h,91,3.9496527777777777
38555,Mantenha-se à Direita,Siga em Frente,92,3.9930555555555554
16159,Proibido >3.5t,Cuidado Geral,92,3.9930555555555554
33614,Crianças,Pista Escorregadia,93,4.036458333333334
8811,120 km/h,70 km/h,93,4.036458333333334
250,30 km/h,70 km/h,93,4.036458333333334
39188,Proib. Ultrapassar,60 km/h,93,4.036458333333334
30909,Proibido Entrar,30 km/h,93,4.036458333333334
36985,Proib. Ultrapassar,Proib. P/ >3.5t,94,4.079861111111112
35377,Proibido Veículos,Dê a Preferência,94,4.079861111111112
12947,Via Prioritária,Dê a Preferência,94,4.079861111111112
24420,Frente ou Esquerda,Vire à Esquerda,94,4.079861111111112
28200,Fim Proib. >3.5t,100 km/h,94,4.079861111111112
21132,Crianças,Neve/Gelo,95,4.123263888888888
7044,100 km/h,80 km/h,95,4.123263888888888
20063,Obras,Curva Perigosa (D),95,4.123263888888888
32181,Prioridade Cruzamento,Pedestres,96,4.166666666666666
32795,Obras,Prioridade Cruzamento,96,4.166666666666666
30508,Obras,Neve/Gelo,96,4.166666666666666
18205,Curva Perigosa (D),Pista Escorregadia,97,4.210069444444445
21537,Neve/Gelo,Crianças,97,4.210069444444445
28959,100 km/h,80 km/h,97,4.210069444444445
21098,Crianças,Neve/Gelo,97,4.210069444444445
26651,100 km/h,120 km/h,97,4.210069444444445
1628,30 km/h,70 km/h,97,4.210069444444445
5307,70 km/h,80 km/h,97,4.210069444444445
8426,120 km/h,30 km/h,97,4.210069444444445
1583,30 km/h,70 km/h,97,4.210069444444445
1294,30 km/h,20 km/h,98,4.253472222222222
21487,Neve/Gelo,Crianças,98,4.253472222222222
21233,Crianças,Estreitamento (D),98,4.253472222222222
27526,Vire à Direita,Rotatória,98,4.253472222222222
21681,Neve/Gelo,Cuidado Geral,98,4.253472222222222
3441,60 km/h,70 km/h,98,4.253472222222222
247,30 km/h,70 km/h,99,4.296875
22443,Vire à Direita,Dê a Preferência,99,4.296875
7806,100 km/h,120 km/h,99,4.296875
19962,Obras,Neve/Gelo,99,4.296875
37767,Frente ou Direita,Siga em Frente,100,4.340277777777778
84,20 km/h,60 km/h,100,4.340277777777778
38460,Obras,Pista Escorregadia,100,4.340277777777778
28854,70 km/h,80 km/h,101,4.383680555555555
31820,Cuidado Geral,30 km/h,101,4.383680555555555
19817,Obras,Neve/Gelo,101,4.383680555555555
18687,Pista Irregular,Ciclistas,101,4.383680555555555
33834,Obras,Neve/Gelo,101,4.383680555555555
19812,Obras,Neve/Gelo,101,4.383680555555555
32993,Obras,Fim Proib. >3.5t,101,4.383680555555555
18682,Pista Irregular,Ciclistas,101,4.383680555555555
19486,Obras,30 km/h,102,4.427083333333334
29948,100 km/h,120 km/h,102,4.427083333333334
36699,Pista Irregular,Semáforo,102,4.427083333333334
16169,Proibido >3.5t,Fim Proib. Ultrapassar,102,4.427083333333334
26336,Fim Proib. Ultrapassar,Fim Proib. >3.5t,102,4.427083333333334
29032,Prioridade Cruzamento,Cuidado Geral,102,4.427083333333334
33924,Obras,Neve/Gelo,103,4.470486111111112
6983,Fim 80,Fim Proib. >3.5t,103,4.470486111111112
37548,Estreitamento (D),Crianças,103,4.470486111111112
21034,Crianças,Estreitamento (D),103,4.470486111111112
35754,Obras,Neve/Gelo,103,4.470486111111112
1562,30 km/h,70 km/h,103,4.470486111111112
587,30 km/h,80 km/h,103,4.470486111111112
37472,Pista Irregular,Semáforo,103,4.470486111111112
28764,Prioridade Cruzamento,Pedestres,103,4.470486111111112
26220,Rotatória,Mantenha-se à Esquerda,104,4.513888888888888
7832,100 km/h,120 km/h,104,4.513888888888888
7065,100 km/h,80 km/h,104,4.513888888888888
6977,Fim 80,Fim Proib. Ultrapassar,104,4.513888888888888
27497,Crianças,Ciclistas,104,4.513888888888888
27114,Siga em Frente,Frente ou Direita,104,4.513888888888888
19969,Obras,Neve/Gelo,104,4.513888888888888
33342,Curva Perigosa (D),Pista Escorregadia,104,4.513888888888888
24428,Frente ou Esquerda,Vire à Esquerda,104,4.513888888888888
28109,Curva Perigosa (D),Cuidado Geral,105,4.557291666666666
27030,70 km/h,80 km/h,105,4.557291666666666
8554,120 km/h,60 km/h,105,4.557291666666666
23217,Vire à Esquerda,Siga em Frente,105,4.557291666666666
15121,PARE,Proibido Entrar,105,4.557291666666666
4670,70 km/h,80 km/h,106,4.600694444444445
19115,Estreitamento (D),Neve/Gelo,106,4.600694444444445
18576,Pista Irregular,Semáforo,106,4.600694444444445
4516,70 km/h,120 km/h,106,4.600694444444445
26339,Fim Proib. Ultrapassar,Fim Proib. >3.5t,107,4.644097222222222
26728,Pista Irregular,Semáforo,107,4.644097222222222
5296,70 km/h,120 km/h,107,4.644097222222222
19977,Obras,Neve/Gelo,107,4.644097222222222
14110,Dê a Preferência,Proib. P/ >3.5t,107,4.644097222222222
5309,70 km/h,80 km/h,107,4.644097222222222
20392,Semáforo,Pedestres,107,4.644097222222222
36041,Semáforo,Cuidado Geral,108,4.6875
37764,Pista Irregular,70 km/h,108,4.6875
18713,Pista Irregular,Obras,108,4.6875
8830,120 km/h,60 km/h,108,4.6875
23165,Vire à Esquerda,Siga em Frente,108,4.6875
35454,70 km/h,20 km/h,108,4.6875
23437,Siga em Frente,Vire à Direita,109,4.730902777777778
3178,60 km/h,70 km/h,109,4.730902777777778
18126,Curva Perigosa (D),30 km/h,109,4.730902777777778
27897,Prioridade Cruzamento,Pedestres,109,4.730902777777778
19510,Obras,Curva Perigosa (D),109,4.730902777777778
8884,120 km/h,80 km/h,110,4.774305555555555
8838,120 km/h,80 km/h,110,4.774305555555555
30304,PARE,Proibido Entrar,111,4.817708333333334
7837,100 km/h,120 km/h,111,4.817708333333334
38803,Obras,50 km/h,111,4.817708333333334
18230,Curva Dupla,Estreitamento (D),112,4.861111111111112
21000,Crianças,Estreitamento (D),112,4.861111111111112
24419,Frente ou Esquerda,Dê a Preferência,112,4.861111111111112
32943,Pista Escorregadia,Ciclistas,112,4.861111111111112
36807,Siga em Frente,Frente ou Esquerda,112,4.861111111111112
18736,Pista Escorregadia,Neve/Gelo,112,4.861111111111112
32050,70 km/h,Dê a Preferência,112,4.861111111111112
8423,120 km/h,30 km/h,112,4.861111111111112
19976,Obras,Neve/Gelo,113,4.904513888888888
35423,Via Prioritária,Prioridade Cruzamento,113,4.904513888888888
31365,Semáforo,Cuidado Geral,114,4.947916666666666
20791,Pedestres,Estreitamento (D),114,4.947916666666666
24664,Mantenha-se à Direita,60 km/h,114,4.947916666666666
38065,Mantenha-se à Direita,Vire à Direita,114,4.947916666666666
25372,Mantenha-se à Direita,Vire à Direita,114,4.947916666666666
19971,Obras,Neve/Gelo,114,4.947916666666666
6876,Fim 80,Fim de Proibições,115,4.991319444444445
18233,Curva Dupla,Estreitamento (D),116,5.034722222222222
6875,Fim 80,Fim de Proibições,116,5.034722222222222
21041,Crianças,Ciclistas,116,5.034722222222222
38303,100 km/h,80 km/h,116,5.034722222222222
12156,Via Prioritária,Prioridade Cruzamento,117,5.078125
36464,Via Prioritária,70 km/h,117,5.078125
862,30 km/h,70 km/h,117,5.078125
38345,Vire à Direita,Frente ou Esquerda,118,5.121527777777778
19272,Obras,100 km/h,118,5.121527777777778
27047,Obras,Neve/Gelo,118,5.121527777777778
33470,Via Prioritária,Fim 80,118,5.121527777777778
19396,Obras,Neve/Gelo,119,5.164930555555555
7822,100 km/h,120 km/h,119,5.164930555555555
27865,Semáforo,Cuidado Geral,119,5.164930555555555
7820,100 km/h,120 km/h,119,5.164930555555555
12644,Via Prioritária,Fim 80,119,5.164930555555555
39130,100 km/h,80 km/h,120,5.208333333333334
31282,Crianças,Curva Perigosa (E),120,5.208333333333334
30979,100 km/h,80 km/h,120,5.208333333333334
31330,Via Prioritária,30 km/h,120,5.208333333333334
19528,Obras,Crianças,120,5.208333333333334
32474,Crianças,Ciclistas,121,5.251736111111112
12616,Via Prioritária,Fim 80,121,5.251736111111112
24433,Frente ou Esquerda,Siga em Frente,121,5.251736111111112
20109,Obras,Neve/Gelo,121,5.251736111111112
26973,Obras,100 km/h,121,5.251736111111112
18737,Pista Escorregadia,Neve/Gelo,121,5.251736111111112
20057,Obras,Curva Perigosa (D),122,5.295138888888888
7823,100 km/h,120 km/h,122,5.295138888888888
7873,100 km/h,80 km/h,122,5.295138888888888
33734,100 km/h,120 km/h,122,5.295138888888888
31206,Obras,Ciclistas,122,5.295138888888888
33532,Obras,Neve/Gelo,122,5.295138888888888
24426,Frente ou Esquerda,Vire à Esquerda,123,5.338541666666666
18738,Pista Escorregadia,Neve/Gelo,123,5.338541666666666
21205,Crianças,Ciclistas,123,5.338541666666666
7542,100 km/h,80 km/h,123,5.338541666666666
32341,Crianças,Estreitamento (D),124,5.381944444444445
18807,Pista Escorregadia,Neve/Gelo,124,5.381944444444445
18805,Pista Escorregadia,Ciclistas,124,5.381944444444445
7670,100 km/h,70 km/h,124,5.381944444444445
35518,Dê a Preferência,Obras,124,5.381944444444445
29180,Obras,100 km/h,125,5.425347222222222
7718,100 km/h,80 km/h,125,5.425347222222222
8416,120 km/h,Crianças,125,5.425347222222222
30155,100 km/h,120 km/h,125,5.425347222222222
13428,Via Prioritária,Curva Perigosa (E),125,5.425347222222222
26719,Obras,100 km/h,125,5.425347222222222
28264,100 km/h,120 km/h,125,5.425347222222222
27250,Pedestres,Semáforo,125,5.425347222222222
32268,Frente ou Esquerda,Siga em Frente,125,5.425347222222222
38453,Mantenha-se à Esquerda,Frente ou Esquerda,125,5.425347222222222
21576,Neve/Gelo,Ciclistas,126,5.46875
19654,Obras,100 km/h,126,5.46875
11946,Prioridade Cruzamento,Pedestres,126,5.46875
324,30 km/h,20 km/h,127,5.512152777777778
9229,Proib. Ultrapassar,Proib. P/ >3.5t,127,5.512152777777778
6880,Fim 80,Fim Proib. >3.5t,127,5.512152777777778
24425,Frente ou Esquerda,Vire à Esquerda,127,5.512152777777778
7066,100 km/h,80 km/h,128,5.555555555555555
21076,Crianças,Ciclistas,128,5.555555555555555
30731,Via Prioritária,Fim 80,128,5.555555555555555
24343,Frente ou Esquerda,Siga em Frente,129,5.598958333333334
36490,Obras,100 km/h,129,5.598958333333334
83,20 km/h,60 km/h,131,5.685763888888888
38421,Fim 80,Fim Proib. Ultrapassar,131,5.685763888888888
38407,80 km/h,Obras,132,5.729166666666666
8827,120 km/h,60 km/h,132,5.729166666666666
19802,Obras,Prioridade Cruzamento,132,5.729166666666666
6971,Fim 80,Fim Proib. Ultrapassar,132,5.729166666666666
15965,Proibido >3.5t,80 km/h,133,5.772569444444445
6937,Fim 80,Fim Proib. Ultrapassar,133,5.772569444444445
21404,Ciclistas,Neve/Gelo,134,5.815972222222222
8893,120 km/h,80 km/h,136,5.902777777777778
11689,Prioridade Cruzamento,Pedestres,137,5.946180555555555
21045,Crianças,Ciclistas,137,5.946180555555555
27772,Rotatória,Mantenha-se à Direita,138,5.989583333333334
20935,Crianças,Ciclistas,138,5.989583333333334
37062,Siga em Frente,Frente ou Direita,140,6.076388888888888
7878,100 km/h,80 km/h,141,6.119791666666666
10949,Proib. P/ >3.5t,Proib. Ultrapassar,141,6.119791666666666
32905,Mantenha-se à Direita,80 km/h,141,6.119791666666666
21139,Crianças,Vire à Esquerda,141,6.119791666666666
24237,Frente ou Direita,Siga em Frente,141,6.119791666666666
26189,Rotatória,Siga em Frente,143,6.206597222222222
29846,100 km/h,120 km/h,144,6.25
9633,Proib. Ultrapassar,Proibido >3.5t,144,6.25
6840,Fim 80,80 km/h,144,6.25
25823,Mantenha-se à Direita,Vire à Direita,144,6.25
18003,Curva Perigosa (D),Estreitamento (D),144,6.25
35112,120 km/h,80 km/h,144,6.25
30122,Proibido Entrar,PARE,145,6.293402777777778
25428,Mantenha-se à Direita,Vire à Direita,145,6.293402777777778
29646,Vire à Esquerda,Mantenha-se à Direita,145,6.293402777777778
25434,Mantenha-se à Direita,Siga em Frente,145,6.293402777777778
31933,Curva Perigosa (D),Pista Escorregadia,145,6.293402777777778
22111,Animais Selvagens,Estreitamento (D),145,6.293402777777778
20787,Pedestres,Estreitamento (D),145,6.293402777777778
32044,Curva Perigosa (D),Ciclistas,146,6.336805555555555
8568,120 km/h,60 km/h,146,6.336805555555555
19247,Estreitamento (D),Neve/Gelo,146,6.336805555555555
33505,Proibido Entrar,30 km/h,146,6.336805555555555
21372,Ciclistas,Estreitamento (D),146,6.336805555555555
18679,Pista Irregular,Ciclistas,146,6.336805555555555
37331,Curva Perigosa (D),Pista Escorregadia,146,6.336805555555555
15752,Proibido Veículos,50 km/h,146,6.336805555555555
35612,Curva Perigosa (D),Ciclistas,146,6.336805555555555
18719,Pista Irregular,Obras,146,6.336805555555555
36431,Curva Perigosa (D),Ciclistas,146,6.336805555555555
24232,Frente ou Direita,Siga em Frente,146,6.336805555555555
29603,Proibido Entrar,30 km/h,146,6.336805555555555
31321,Proib. P/ >3.5t,60 km/h,147,6.380208333333333
27282,Proibido Entrar,30 km/h,147,6.380208333333333
21398,Ciclistas,Neve/Gelo,147,6.380208333333333
19218,Estreitamento (D),100 km/h,147,6.380208333333333
20784,Pedestres,Estreitamento (D),147,6.380208333333333
27781,Vire à Direita,Rotatória,147,6.380208333333333
35092,Curva Perigosa (D),Ciclistas,148,6.423611111111111
12116,Prioridade Cruzamento,Cuidado Geral,148,6.423611111111111
21520,Neve/Gelo,Estreitamento (D),148,6.423611111111111
23219,Vire à Esquerda,Siga em Frente,148,6.423611111111111
22534,Vire à Direita,Siga em Frente,148,6.423611111111111
23199,Vire à Esquerda,Siga em Frente,148,6.423611111111111
28483,Ciclistas,Estreitamento (D),149,6.467013888888889
18167,Curva Perigosa (D),Obras,149,6.467013888888889
28416,Prioridade Cruzamento,Neve/Gelo,149,6.467013888888889
18176,Curva Perigosa (D),Obras,149,6.467013888888889
33225,Proib. P/ >3.5t,Proib. Ultrapassar,149,6.467013888888889
19131,Estreitamento (D),Crianças,149,6.467013888888889
8845,120 km/h,80 km/h,149,6.467013888888889
23210,Vire à Esquerda,Siga em Frente,149,6.467013888888889
21408,Ciclistas,Neve/Gelo,149,6.467013888888889
23211,Vire à Esquerda,Siga em Frente,149,6.467013888888889
32971,Proib. P/ >3.5t,60 km/h,150,6.510416666666667
17664,Cuidado Geral,Estreitamento (D),150,6.510416666666667
23055,Vire à Esquerda,Siga em Frente,150,6.510416666666667
29926,PARE,Proibido Veículos,150,6.510416666666667
24268,Frente ou Direita,Vire à Direita,150,6.510416666666667
22750,Vire à Direita,Frente ou Esquerda,150,6.510416666666667
35413,Pedestres,Estreitamento (D),150,6.510416666666667
24261,Frente ou Direita,Vire à Direita,150,6.510416666666667
21309,Ciclistas,Estreitamento (D),150,6.510416666666667
29806,Proibido >3.5t,80 km/h,151,6.553819444444445
19147,Estreitamento (D),Neve/Gelo,151,6.553819444444445
20736,Pedestres,Crianças,151,6.553819444444445
8786,120 km/h,30 km/h,151,6.553819444444445
11758,Prioridade Cruzamento,Crianças,151,6.553819444444445
26756,Pedestres,120 km/h,151,6.553819444444445
27367,Prioridade Cruzamento,Estreitamento (D),152,6.597222222222222
33802,100 km/h,80 km/h,152,6.597222222222222
27698,Proibido Veículos,60 km/h,152,6.597222222222222
19154,Estreitamento (D),Crianças,152,6.597222222222222
21370,Ciclistas,Estreitamento (D),152,6.597222222222222
26611,Fim Proib. >3.5t,Fim de Proibições,152,6.597222222222222
32678,Pedestres,Estreitamento (D),152,6.597222222222222
11462,Prioridade Cruzamento,Estreitamento (D),153,6.640625
18184,Curva Perigosa (D),Obras,153,6.640625
12650,Via Prioritária,60 km/h,153,6.640625
11780,Prioridade Cruzamento,Pedestres,153,6.640625
37723,Proibido Entrar,PARE,153,6.640625
32823,Mantenha-se à Direita,Frente ou Esquerda,153,6.640625
37961,Prioridade Cruzamento,Crianças,153,6.640625
16688,Proibido Entrar,PARE,153,6.640625
24013,Siga em Frente,Frente ou Direita,153,6.640625
11476,Prioridade Cruzamento,Pedestres,153,6.640625
21455,Neve/Gelo,Ciclistas,153,6.640625
20741,Pedestres,Crianças,153,6.640625
36573,60 km/h,50 km/h,153,6.640625
20733,Pedestres,Crianças,153,6.640625
5469,80 km/h,30 km/h,154,6.684027777777778
7556,100 km/h,120 km/h,154,6.684027777777778
23181,Vire à Esquerda,Siga em Frente,154,6.684027777777778
28676,Semáforo,Neve/Gelo,155,6.727430555555555
11481,Prioridade Cruzamento,Pedestres,155,6.727430555555555
28084,Prioridade Cruzamento,Crianças,155,6.727430555555555
16138,Proibido >3.5t,80 km/h,155,6.727430555555555
37869,Curva Perigosa (D),Ciclistas,155,6.727430555555555
18013,Curva Perigosa (D),Estreitamento (D),155,6.727430555555555
18130,Curva Perigosa (D),Crianças,155,6.727430555555555
22747,Vire à Direita,Frente ou Esquerda,155,6.727430555555555
18021,Curva Perigosa (D),Estreitamento (D),155,6.727430555555555
6035,80 km/h,30 km/h,156,6.770833333333333
24025,Siga em Frente,Frente ou Direita,156,6.770833333333333
18163,Curva Perigosa (D),Crianças,156,6.770833333333333
18575,Pista Irregular,Ciclistas,156,6.770833333333333
33386,Via Prioritária,30 km/h,157,6.814236111111111
37132,Proib. P/ >3.5t,Proib. Ultrapassar,157,6.814236111111111
18691,Pista Irregular,Obras,157,6.814236111111111
21938,Animais Selvagens,Obras,157,6.814236111111111
8521,120 km/h,70 km/h,157,6.814236111111111
3804,60 km/h,80 km/h,157,6.814236111111111
27509,Proibido >3.5t,80 km/h,157,6.814236111111111
6787,Fim 80,120 km/h,157,6.814236111111111
16187,Proibido >3.5t,80 km/h,157,6.814236111111111
11879,Prioridade Cruzamento,Pedestres,158,6.857638888888889
7870,100 km/h,80 km/h,158,6.857638888888889
19230,Estreitamento (D),Obras,158,6.857638888888889
27627,Animais Selvagens,Crianças,158,6.857638888888889
3474,60 km/h,50 km/h,158,6.857638888888889
24231,Frente ou Direita,Siga em Frente,159,6.901041666666667
3195,60 km/h,Dê a Preferência,159,6.901041666666667
23444,Siga em Frente,Frente ou Direita,159,6.901041666666667
85,20 km/h,60 km/h,159,6.901041666666667
10354,Proib. P/ >3.5t,80 km/h,159,6.901041666666667
12084,Prioridade Cruzamento,Pedestres,159,6.901041666666667
27945,Proibido >3.5t,80 km/h,159,6.901041666666667
35787,Estreitamento (D),Crianças,159,6.901041666666667
23178,Vire à Esquerda,Siga em Frente,160,6.944444444444445
23143,Vire à Esquerda,Siga em Frente,160,6.944444444444445
24044,Frente ou Direita,Vire à Direita,160,6.944444444444445
26612,Fim Proib. >3.5t,Fim de Proibições,160,6.944444444444445
23051,Vire à Esquerda,Siga em Frente,160,6.944444444444445
35721,Fim 80,Fim de Proibições,160,6.944444444444445
11868,Prioridade Cruzamento,Cuidado Geral,161,6.987847222222222
39259,Animais Selvagens,Obras,161,6.987847222222222
6034,80 km/h,30 km/h,161,6.987847222222222
11620,Prioridade Cruzamento,Pedestres,162,7.03125
18142,Curva Perigosa (D),Ciclistas,162,7.03125
27518,60 km/h,Ciclistas,162,7.03125
5473,80 km/h,30 km/h,162,7.03125
24350,Frente ou Esquerda,Siga em Frente,163,7.074652777777778
27765,100 km/h,120 km/h,163,7.074652777777778
34856,Via Prioritária,30 km/h,163,7.074652777777778
11452,Prioridade Cruzamento,Pedestres,163,7.074652777777778
37848,80 km/h,20 km/h,163,7.074652777777778
10006,Proib. P/ >3.5t,Animais Selvagens,163,7.074652777777778
11949,Prioridade Cruzamento,Pedestres,163,7.074652777777778
32719,Vire à Esquerda,Siga em Frente,163,7.074652777777778
12082,Prioridade Cruzamento,Pedestres,164,7.118055555555555
34921,60 km/h,120 km/h,164,7.118055555555555
11361,Prioridade Cruzamento,Crianças,164,7.118055555555555
11693,Prioridade Cruzamento,Crianças,164,7.118055555555555
19462,Obras,Neve/Gelo,165,7.161458333333333
10013,Proib. P/ >3.5t,Animais Selvagens,165,7.161458333333333
7736,100 km/h,120 km/h,166,7.204861111111111
7607,100 km/h,120 km/h,167,7.248263888888889
37814,Proibido >3.5t,80 km/h,168,7.291666666666667
11599,Prioridade Cruzamento,Neve/Gelo,168,7.291666666666667
29008,120 km/h,70 km/h,168,7.291666666666667
37295,Obras,Vire à Direita,168,7.291666666666667
19143,Estreitamento (D),Crianças,168,7.291666666666667
15973,Proibido >3.5t,60 km/h,168,7.291666666666667
11405,Prioridade Cruzamento,Pista Escorregadia,168,7.291666666666667
27899,80 km/h,20 km/h,168,7.291666666666667
34230,Obras,Estreitamento (D),169,7.335069444444445
32703,Prioridade Cruzamento,Dê a Preferência,169,7.335069444444445
34117,100 km/h,120 km/h,169,7.335069444444445
16609,Proibido Entrar,Dê a Preferência,169,7.335069444444445
11878,Prioridade Cruzamento,Pedestres,169,7.335069444444445
12043,Prioridade Cruzamento,Pista Escorregadia,169,7.335069444444445
11243,Proib. P/ >3.5t,Proib. Ultrapassar,169,7.335069444444445
11863,Prioridade Cruzamento,Estreitamento (D),169,7.335069444444445
38966,Rotatória,Frente ou Esquerda,170,7.378472222222222
22837,Vire à Direita,Mantenha-se à Direita,171,7.421875
11567,Prioridade Cruzamento,Pedestres,171,7.421875
11237,Proib. P/ >3.5t,Curva Dupla,171,7.421875
32280,60 km/h,120 km/h,171,7.421875
33981,Vire à Direita,Rotatória,171,7.421875
11967,Prioridade Cruzamento,Estreitamento (D),171,7.421875
27329,Vire à Esquerda,Mantenha-se à Direita,172,7.465277777777778
16336,Proibido Entrar,PARE,172,7.465277777777778
38834,60 km/h,Curva Perigosa (E),172,7.465277777777778
8471,120 km/h,100 km/h,172,7.465277777777778
30493,Vire à Esquerda,Mantenha-se à Direita,173,7.508680555555555
11465,Prioridade Cruzamento,Estreitamento (D),173,7.508680555555555
29175,Rotatória,Vire à Esquerda,173,7.508680555555555
12094,Prioridade Cruzamento,Cuidado Geral,174,7.552083333333333
3595,60 km/h,80 km/h,174,7.552083333333333
24162,Frente ou Direita,Siga em Frente,175,7.595486111111111
37555,60 km/h,80 km/h,175,7.595486111111111
28103,Vire à Esquerda,Siga em Frente,175,7.595486111111111
19097,Estreitamento (D),Ciclistas,176,7.638888888888889
16680,Proibido Entrar,PARE,176,7.638888888888889
29566,Proib. P/ >3.5t,80 km/h,176,7.638888888888889
35191,Via Prioritária,Proib. P/ >3.5t,176,7.638888888888889
26267,Rotatória,Fim Proib. >3.5t,176,7.638888888888889
33588,Fim Proib. >3.5t,Fim de Proibições,176,7.638888888888889
33332,Fim Proib. >3.5t,Fim de Proibições,177,7.682291666666667
21488,Neve/Gelo,Ciclistas,177,7.682291666666667
16907,Proibido Entrar,PARE,177,7.682291666666667
11563,Prioridade Cruzamento,Estreitamento (D),178,7.725694444444445
11865,Prioridade Cruzamento,Estreitamento (D),178,7.725694444444445
11391,Prioridade Cruzamento,Pista Escorregadia,178,7.725694444444445
22983,Vire à Esquerda,Siga em Frente,178,7.725694444444445
24228,Frente ou Direita,Siga em Frente,178,7.725694444444445
21001,Crianças,Pista Irregular,179,7.769097222222222
11877,Prioridade Cruzamento,Estreitamento (D),179,7.769097222222222
29657,Semáforo,Pedestres,179,7.769097222222222
24051,Frente ou Direita,Siga em Frente,179,7.769097222222222
28250,Proibido >3.5t,80 km/h,179,7.769097222222222
32398,Obras,Estreitamento (D),180,7.8125
25437,Mantenha-se à Direita,Siga em Frente,180,7.8125
12046,Prioridade Cruzamento,Estreitamento (D),180,7.8125
33456,Semáforo,Prioridade Cruzamento,180,7.8125
20734,Pedestres,Crianças,181,7.855902777777778
36736,Semáforo,Prioridade Cruzamento,181,7.855902777777778
11642,Prioridade Cruzamento,Semáforo,182,7.899305555555555
38784,Proib. P/ >3.5t,80 km/h,182,7.899305555555555
38211,Vire à Direita,Rotatória,182,7.899305555555555
21068,Crianças,Neve/Gelo,183,7.942708333333333
21111,Crianças,Ciclistas,183,7.942708333333333
21144,Crianças,Pista Escorregadia,183,7.942708333333333
21104,Crianças,Ciclistas,183,7.942708333333333
10895,Proib. P/ >3.5t,Fim Proib. >3.5t,183,7.942708333333333
23933,Siga em Frente,Vire à Esquerda,183,7.942708333333333
20523,Semáforo,120 km/h,184,7.986111111111111
15995,Proibido >3.5t,60 km/h,184,7.986111111111111
16096,Proibido >3.5t,60 km/h,184,7.986111111111111
21065,Crianças,Mantenha-se à Direita,184,7.986111111111111
38279,Vire à Direita,Rotatória,185,8.02951388888889
21106,Crianças,Ciclistas,185,8.02951388888889
11407,Prioridade Cruzamento,Neve/Gelo,185,8.02951388888889
21143,Crianças,Neve/Gelo,186,8.072916666666668
27053,Semáforo,Prioridade Cruzamento,186,8.072916666666668
35339,Prioridade Cruzamento,Crianças,186,8.072916666666668
24010,Siga em Frente,Vire à Direita,186,8.072916666666668
10789,Proib. P/ >3.5t,80 km/h,187,8.116319444444445
26188,Rotatória,Vire à Direita,187,8.116319444444445
11190,Proib. P/ >3.5t,60 km/h,187,8.116319444444445
18206,Curva Perigosa (D),Neve/Gelo,187,8.116319444444445
24165,Frente ou Direita,Siga em Frente,187,8.116319444444445
20972,Crianças,Estreitamento (D),188,8.159722222222223
32420,Vire à Esquerda,Siga em Frente,188,8.159722222222223
23936,Siga em Frente,Vire à Esquerda,188,8.159722222222223
20973,Crianças,Ciclistas,188,8.159722222222223
35755,120 km/h,70 km/h,189,8.203125
26076,Rotatória,30 km/h,190,8.246527777777777
31276,Vire à Direita,Fim Proib. Ultrapassar,190,8.246527777777777
23278,Siga em Frente,Vire à Esquerda,191,8.289930555555555
27972,70 km/h,Dê a Preferência,191,8.289930555555555
31340,Vire à Direita,Fim Proib. Ultrapassar,191,8.289930555555555
12130,Prioridade Cruzamento,Crianças,193,8.37673611111111
30133,Estreitamento (D),Obras,193,8.37673611111111
8454,120 km/h,100 km/h,195,8.463541666666668
3301,60 km/h,30 km/h,197,8.550347222222223
5245,70 km/h,60 km/h,197,8.550347222222223
22742,Vire à Direita,Frente ou Esquerda,197,8.550347222222223
26135,Rotatória,Vire à Direita,197,8.550347222222223
7872,100 km/h,80 km/h,198,8.59375
23939,Siga em Frente,Frente ou Direita,198,8.59375
21549,Neve/Gelo,Ciclistas,199,8.637152777777777
32061,100 km/h,120 km/h,199,8.637152777777777
7562,100 km/h,80 km/h,200,8.680555555555555
23017,Vire à Esquerda,Siga em Frente,200,8.680555555555555
21551,Neve/Gelo,Ciclistas,201,8.723958333333332
3380,60 km/h,50 km/h,202,8.76736111111111
21552,Neve/Gelo,Ciclistas,202,8.76736111111111
29920,Siga em Frente,Frente ou Direita,202,8.76736111111111
21556,Neve/Gelo,Ciclistas,203,8.81076388888889
27211,120 km/h,70 km/h,203,8.81076388888889
35852,Siga em Frente,Frente ou Direita,203,8.81076388888889
21544,Neve/Gelo,Ciclistas,203,8.81076388888889
32343,Ciclistas,Neve/Gelo,203,8.81076388888889
6841,Fim 80,Fim Proib. >3.5t,203,8.81076388888889
3897,60 km/h,50 km/h,204,8.854166666666668
33408,Estreitamento (D),Obras,204,8.854166666666668
16219,Proibido >3.5t,Proib. Ultrapassar,205,8.897569444444445
21180,Crianças,Ciclistas,205,8.897569444444445
16221,Proibido >3.5t,Proib. Ultrapassar,206,8.940972222222223
20986,Crianças,Ciclistas,206,8.940972222222223
33141,Vire à Esquerda,Mantenha-se à Direita,207,8.984375
10787,Proib. P/ >3.5t,80 km/h,207,8.984375
7595,100 km/h,120 km/h,207,8.984375
34224,60 km/h,70 km/h,207,8.984375
23307,Siga em Frente,Frente ou Esquerda,208,9.027777777777777
26182,Rotatória,Vire à Direita,208,9.027777777777777
18933,Pista Escorregadia,Obras,209,9.071180555555555
30217,120 km/h,Proibido Veículos,210,9.114583333333332
23609,Siga em Frente,Vire à Direita,210,9.114583333333332
38602,Vire à Esquerda,Siga em Frente,211,9.15798611111111
7564,100 km/h,80 km/h,211,9.15798611111111
30505,Via Prioritária,Proib. P/ >3.5t,211,9.15798611111111
22754,Vire à Direita,Frente ou Esquerda,212,9.20138888888889
4090,60 km/h,120 km/h,213,9.244791666666668
3582,60 km/h,80 km/h,213,9.244791666666668
5151,70 km/h,Dê a Preferência,214,9.288194444444445
38575,Obras,100 km/h,214,9.288194444444445
23037,Vire à Esquerda,Siga em Frente,214,9.288194444444445
37434,Siga em Frente,Frente ou Esquerda,215,9.331597222222223
36458,Obras,Neve/Gelo,215,9.331597222222223
26131,Rotatória,Vire à Direita,215,9.331597222222223
23439,Siga em Frente,Frente ou Direita,215,9.331597222222223
5259,70 km/h,Dê a Preferência,217,9.418402777777777
27924,Prioridade Cruzamento,Neve/Gelo,217,9.418402777777777
19390,Obras,Neve/Gelo,220,9.54861111111111
6479,80 km/h,120 km/h,222,9.635416666666668
16206,Proibido >3.5t,Proib. Ultrapassar,222,9.635416666666668
29102,Proib. P/ >3.5t,Proib. Ultrapassar,222,9.635416666666668
31987,80 km/h,70 km/h,224,9.722222222222223
23855,Siga em Frente,Frente ou Direita,224,9.722222222222223
16873,Proibido Entrar,PARE,224,9.722222222222223
37892,Proibido Entrar,PARE,225,9.765625
16864,Proibido Entrar,PARE,225,9.765625
16893,Proibido Entrar,PARE,225,9.765625
6076,80 km/h,120 km/h,225,9.765625
22575,Vire à Direita,Frente ou Esquerda,225,9.765625
6347,80 km/h,100 km/h,225,9.765625
22445,Vire à Direita,120 km/h,225,9.765625
20251,Obras,Neve/Gelo,226,9.809027777777777
36880,Proibido Entrar,PARE,226,9.809027777777777
18199,Curva Perigosa (D),Ciclistas,229,9.93923611111111
21591,Neve/Gelo,Pista Escorregadia,229,9.93923611111111
35089,Estreitamento (D),Crianças,231,10.026041666666668
31444,Proibido Entrar,PARE,231,10.026041666666668
29755,Via Prioritária,Dê a Preferência,231,10.026041666666668
21121,Crianças,Obras,232,10.069444444444445
11202,Proib. P/ >3.5t,80 km/h,233,10.112847222222223
23497,Siga em Frente,Via Prioritária,233,10.112847222222223
15241,PARE,Proibido Entrar,233,10.112847222222223
15588,Proibido Veículos,70 km/h,233,10.112847222222223
5257,70 km/h,Dê a Preferência,233,10.112847222222223
16430,Proibido Entrar,PARE,233,10.112847222222223
19584,Obras,Neve/Gelo,235,10.199652777777777
27643,Via Prioritária,Dê a Preferência,235,10.199652777777777
29027,Obras,Estreitamento (D),235,10.199652777777777
8007,120 km/h,60 km/h,237,10.286458333333332
21264,Ciclistas,Dê a Preferência,237,10.286458333333332
33832,Proibido Entrar,PARE,238,10.32986111111111
20533,Semáforo,Neve/Gelo,238,10.32986111111111
29210,Semáforo,Neve/Gelo,239,10.37326388888889
32072,120 km/h,60 km/h,239,10.37326388888889
16822,Proibido Entrar,Dê a Preferência,239,10.37326388888889
31791,Obras,100 km/h,239,10.37326388888889
16697,Proibido Entrar,PARE,239,10.37326388888889
17183,Cuidado Geral,Estreitamento (D),239,10.37326388888889
16862,Proibido Entrar,PARE,239,10.37326388888889
16612,Proibido Entrar,Dê a Preferência,239,10.37326388888889
8779,120 km/h,60 km/h,240,10.416666666666668
16821,Proibido Entrar,Proibido Veículos,240,10.416666666666668
17779,Cuidado Geral,Estreitamento (D),240,10.416666666666668
3396,60 km/h,50 km/h,240,10.416666666666668
26293,Fim Proib. Ultrapassar,Curva Perigosa (E),241,10.460069444444445
33351,120 km/h,60 km/h,241,10.460069444444445
25888,Mantenha-se à Esquerda,Rotatória,241,10.460069444444445
12965,Via Prioritária,Proib. P/ >3.5t,241,10.460069444444445
26467,Fim Proib. >3.5t,Rotatória,241,10.460069444444445
16744,Proibido Entrar,PARE,242,10.503472222222223
9980,Proib. P/ >3.5t,80 km/h,243,10.546875
39167,Proibido Veículos,60 km/h,243,10.546875
10411,Proib. P/ >3.5t,80 km/h,243,10.546875
11128,Proib. P/ >3.5t,80 km/h,243,10.546875
16932,Proibido Entrar,Dê a Preferência,244,10.590277777777777
35275,Proibido Entrar,30 km/h,244,10.590277777777777
22538,Vire à Direita,Siga em Frente,245,10.633680555555555
24050,Frente ou Direita,Fim Proib. >3.5t,245,10.633680555555555
38212,120 km/h,Dê a Preferência,246,10.677083333333332
11107,Proib. P/ >3.5t,Fim Proib. >3.5t,246,10.677083333333332
16814,Proibido Entrar,80 km/h,249,10.807291666666668
22767,Vire à Direita,Frente ou Esquerda,249,10.807291666666668
36021,Siga em Frente,100 km/h,250,10.850694444444445
22951,Vire à Esquerda,Mantenha-se à Direita,250,10.850694444444445
6003,80 km/h,70 km/h,250,10.850694444444445
21263,Ciclistas,Dê a Preferência,250,10.850694444444445
21261,Ciclistas,Dê a Preferência,250,10.850694444444445
20602,Semáforo,70 km/h,252,10.9375
21500,Neve/Gelo,Ciclistas,252,10.9375
6401,80 km/h,70 km/h,253,10.980902777777777
19259,Estreitamento (D),Obras,254,11.024305555555555
19166,Estreitamento (D),Crianças,254,11.024305555555555
5261,70 km/h,30 km/h,255,11.067708333333332
34448,120 km/h,80 km/h,255,11.067708333333332
38800,80 km/h,30 km/h,256,11.11111111111111
19252,Estreitamento (D),Obras,256,11.11111111111111
17282,Cuidado Geral,Obras,256,11.11111111111111
33095,30 km/h,80 km/h,256,11.11111111111111
10979,Proib. P/ >3.5t,80 km/h,257,11.15451388888889
23576,Siga em Frente,Vire à Esquerda,257,11.15451388888889
31549,120 km/h,80 km/h,257,11.15451388888889
19255,Estreitamento (D),Crianças,257,11.15451388888889
9994,Proib. P/ >3.5t,80 km/h,257,11.15451388888889
10797,Proib. P/ >3.5t,100 km/h,258,11.197916666666668
35143,Proib. P/ >3.5t,80 km/h,258,11.197916666666668
10453,Proib. P/ >3.5t,80 km/h,258,11.197916666666668
9631,Proib. Ultrapassar,60 km/h,259,11.241319444444445
11109,Proib. P/ >3.5t,80 km/h,259,11.241319444444445
32659,70 km/h,80 km/h,259,11.241319444444445
10986,Proib. P/ >3.5t,80 km/h,259,11.241319444444445
22356,Fim de Proibições,60 km/h,259,11.241319444444445
9031,Proib. Ultrapassar,Dê a Preferência,259,11.241319444444445
27425,Proib. P/ >3.5t,80 km/h,260,11.284722222222223
33036,Proib. P/ >3.5t,80 km/h,260,11.284722222222223
22626,Vire à Direita,Semáforo,260,11.284722222222223
39064,Proib. P/ >3.5t,80 km/h,261,11.328125
20960,Crianças,Obras,261,11.328125
10966,Proib. P/ >3.5t,100 km/h,261,11.328125
11198,Proib. P/ >3.5t,80 km/h,261,11.328125
37599,Proib. P/ >3.5t,80 km/h,261,11.328125
9121,Proib. Ultrapassar,Dê a Preferência,261,11.328125
35020,Proib. P/ >3.5t,100 km/h,261,11.328125
26269,Rotatória,Fim Proib. >3.5t,261,11.328125
29591,120 km/h,60 km/h,262,11.371527777777777
16163,Proibido >3.5t,50 km/h,262,11.371527777777777
9161,Proib. Ultrapassar,Dê a Preferência,262,11.371527777777777
9600,Proib. Ultrapassar,60 km/h,262,11.371527777777777
35818,Proib. P/ >3.5t,80 km/h,262,11.371527777777777
16258,Proibido >3.5t,100 km/h,263,11.414930555555555
31552,Proib. P/ >3.5t,80 km/h,263,11.414930555555555
16160,Proibido >3.5t,Fim Proib. Ultrapassar,263,11.414930555555555
30419,20 km/h,30 km/h,263,11.414930555555555
16829,Proibido Entrar,Dê a Preferência,263,11.414930555555555
11028,Proib. P/ >3.5t,80 km/h,263,11.414930555555555
38915,Proib. P/ >3.5t,80 km/h,263,11.414930555555555
38372,Proib. P/ >3.5t,80 km/h,263,11.414930555555555
10972,Proib. P/ >3.5t,80 km/h,264,11.458333333333332
9018,Proib. Ultrapassar,Dê a Preferência,265,11.50173611111111
26591,Fim Proib. >3.5t,Dê a Preferência,265,11.50173611111111
3469,60 km/h,50 km/h,265,11.50173611111111
30669,Proibido >3.5t,100 km/h,265,11.50173611111111
15975,Proibido >3.5t,100 km/h,266,11.54513888888889
3406,60 km/h,50 km/h,266,11.54513888888889
31439,Proibido >3.5t,100 km/h,266,11.54513888888889
8803,120 km/h,100 km/h,267,11.588541666666668
32591,120 km/h,30 km/h,268,11.631944444444445
23655,Siga em Frente,Vire à Direita,268,11.631944444444445
10435,Proib. P/ >3.5t,80 km/h,268,11.631944444444445
3548,60 km/h,120 km/h,268,11.631944444444445
32374,Proibido >3.5t,100 km/h,269,11.675347222222223
22910,Vire à Direita,Frente ou Direita,269,11.675347222222223
33983,Proibido >3.5t,100 km/h,270,11.71875
21467,Neve/Gelo,Obras,270,11.71875
21465,Neve/Gelo,Obras,270,11.71875
9016,Proib. Ultrapassar,Dê a Preferência,270,11.71875
30532,Proib. P/ >3.5t,80 km/h,270,11.71875
23550,Siga em Frente,Vire à Esquerda,270,11.71875
29834,Estreitamento (D),Obras,270,11.71875
21474,Neve/Gelo,Obras,270,11.71875
16826,Proibido Entrar,Proibido Veículos,271,11.762152777777777
35239,Estreitamento (D),Obras,271,11.762152777777777
23311,Siga em Frente,Vire à Direita,272,11.805555555555555
20969,Crianças,Obras,273,11.848958333333332
31660,Crianças,Obras,274,11.89236111111111
14683,Dê a Preferência,Siga em Frente,275,11.93576388888889
20589,Semáforo,70 km/h,276,11.979166666666668
22631,Vire à Direita,Semáforo,276,11.979166666666668
10867,Proib. P/ >3.5t,80 km/h,277,12.022569444444445
28160,120 km/h,Dê a Preferência,277,12.022569444444445
10459,Proib. P/ >3.5t,80 km/h,278,12.065972222222223
8468,120 km/h,Dê a Preferência,278,12.065972222222223
25970,Mantenha-se à Esquerda,Vire à Direita,279,12.109375
26607,Fim Proib. >3.5t,Fim Proib. Ultrapassar,279,12.109375
26022,Mantenha-se à Esquerda,Siga em Frente,279,12.109375
26020,Mantenha-se à Esquerda,Siga em Frente,279,12.109375
26034,Mantenha-se à Esquerda,Siga em Frente,279,12.109375
20587,Semáforo,70 km/h,279,12.109375
27290,Fim de Proibições,Dê a Preferência,280,12.152777777777777
25884,Mantenha-se à Esquerda,Rotatória,280,12.152777777777777
32786,Neve/Gelo,Obras,281,12.196180555555555
34837,Proib. P/ >3.5t,80 km/h,282,12.239583333333332
6086,80 km/h,70 km/h,282,12.239583333333332
26272,Rotatória,Fim Proib. >3.5t,283,12.28298611111111
33462,Siga em Frente,Fim Proib. >3.5t,284,12.32638888888889
23542,Siga em Frente,Via Prioritária,285,12.369791666666668
23408,Siga em Frente,Fim Proib. >3.5t,285,12.369791666666668
26599,Fim Proib. >3.5t,Fim Proib. Ultrapassar,285,12.369791666666668
23544,Siga em Frente,Via Prioritária,285,12.369791666666668
23795,Siga em Frente,Vire à Direita,285,12.369791666666668
9120,Proib. Ultrapassar,Dê a Preferência,285,12.369791666666668
22673,Vire à Direita,Siga em Frente,286,12.413194444444445
23733,Siga em Frente,Vire à Direita,286,12.413194444444445
18377,Curva Dupla,Estreitamento (D),287,12.456597222222223
4735,70 km/h,80 km/h,287,12.456597222222223
23798,Siga em Frente,Vire à Direita,287,12.456597222222223
16945,Proibido Entrar,Dê a Preferência,287,12.456597222222223
2645,50 km/h,Fim Proib. Ultrapassar,287,12.456597222222223
22897,Vire à Direita,Frente ou Direita,288,12.5
9164,Proib. Ultrapassar,Dê a Preferência,288,12.5
3269,60 km/h,50 km/h,288,12.5
24123,Frente ou Direita,Siga em Frente,289,12.543402777777779
26623,Fim Proib. >3.5t,Fim de Proibições,289,12.543402777777779
3962,60 km/h,Proibido Veículos,289,12.543402777777779
36966,Vire à Direita,Frente ou Direita,289,12.543402777777779
36157,30 km/h,70 km/h,290,12.586805555555555
21594,Neve/Gelo,Ciclistas,290,12.586805555555555
19449,Obras,Crianças,290,12.586805555555555
39072,Vire à Direita,Estreitamento (D),291,12.630208333333334
36836,Vire à Direita,Frente ou Direita,291,12.630208333333334
25929,Mantenha-se à Esquerda,Vire à Direita,292,12.67361111111111
25873,Mantenha-se à Esquerda,Vire à Direita,292,12.67361111111111
22670,Vire à Direita,Siga em Frente,292,12.67361111111111
22720,Vire à Direita,Siga em Frente,292,12.67361111111111
22668,Vire à Direita,Siga em Frente,293,12.71701388888889
33308,Fim Proib. >3.5t,Fim de Proibições,294,12.760416666666666
25946,Mantenha-se à Esquerda,Vire à Direita,294,12.760416666666666
886,30 km/h,60 km/h,294,12.760416666666666
39252,Mantenha-se à Esquerda,Vire à Direita,294,12.760416666666666
28645,Semáforo,Estreitamento (D),294,12.760416666666666
38738,Fim Proib. >3.5t,Fim de Proibições,295,12.803819444444445
20679,Semáforo,70 km/h,295,12.803819444444445
26236,Rotatória,Fim Proib. >3.5t,295,12.803819444444445
20473,Semáforo,Neve/Gelo,296,12.847222222222221
11102,Proib. P/ >3.5t,Proib. Ultrapassar,296,12.847222222222221
20600,Semáforo,70 km/h,296,12.847222222222221
834,30 km/h,20 km/h,296,12.847222222222221
34293,Vire à Direita,Cuidado Geral,296,12.847222222222221
32632,Rotatória,Siga em Frente,296,12.847222222222221
36154,Semáforo,Proibido Veículos,297,12.890625
20553,Semáforo,70 km/h,297,12.890625
15586,Proibido Veículos,70 km/h,297,12.890625
7709,100 km/h,120 km/h,297,12.890625
9614,Proib. Ultrapassar,60 km/h,297,12.890625
9124,Proib. Ultrapassar,Dê a Preferência,297,12.890625
26804,Cuidado Geral,Semáforo,298,12.934027777777779
25843,Mantenha-se à Esquerda,Vire à Direita,299,12.977430555555555
17476,Cuidado Geral,Dê a Preferência,299,12.977430555555555
20603,Semáforo,70 km/h,299,12.977430555555555
17774,Cuidado Geral,Estreitamento (D),299,12.977430555555555
4310,70 km/h,20 km/h,299,12.977430555555555
25949,Mantenha-se à Esquerda,Vire à Direita,299,12.977430555555555
25848,Mantenha-se à Esquerda,Siga em Frente,299,12.977430555555555
23109,Vire à Esquerda,Mantenha-se à Direita,300,13.020833333333334
20525,Semáforo,Neve/Gelo,300,13.020833333333334
17474,Cuidado Geral,Mantenha-se à Direita,300,13.020833333333334
25850,Mantenha-se à Esquerda,Siga em Frente,301,13.06423611111111
4730,70 km/h,80 km/h,301,13.06423611111111
17782,Cuidado Geral,Estreitamento (D),302,13.10763888888889
16983,Proibido Entrar,PARE,302,13.10763888888889
16364,Proibido Entrar,Dê a Preferência,303,13.151041666666666
12583,Via Prioritária,Proib. P/ >3.5t,303,13.151041666666666
27328,Proibido Entrar,30 km/h,303,13.151041666666666
21462,Neve/Gelo,Obras,304,13.194444444444445
17333,Cuidado Geral,Semáforo,304,13.194444444444445
38019,Via Prioritária,Dê a Preferência,305,13.237847222222221
13477,Via Prioritária,Dê a Preferência,305,13.237847222222221
3315,60 km/h,Vire à Direita,305,13.237847222222221
7544,100 km/h,80 km/h,305,13.237847222222221
15871,Proibido Veículos,Dê a Preferência,305,13.237847222222221
17785,Cuidado Geral,Estreitamento (D),306,13.28125
31797,80 km/h,70 km/h,306,13.28125
17222,Cuidado Geral,Crianças,307,13.324652777777779
21412,Ciclistas,Vire à Direita,307,13.324652777777779
25856,Mantenha-se à Esquerda,Siga em Frente,308,13.368055555555555
4726,70 km/h,80 km/h,308,13.368055555555555
14852,Dê a Preferência,60 km/h,308,13.368055555555555
27141,Neve/Gelo,Obras,308,13.368055555555555
36748,Cuidado Geral,Estreitamento (D),309,13.411458333333334
31289,Via Prioritária,Obras,309,13.411458333333334
20556,Semáforo,70 km/h,309,13.411458333333334
21413,Ciclistas,Vire à Direita,311,13.49826388888889
17233,Cuidado Geral,Estreitamento (D),311,13.49826388888889
10437,Proib. P/ >3.5t,80 km/h,311,13.49826388888889
17238,Cuidado Geral,Estreitamento (D),311,13.49826388888889
17804,Cuidado Geral,Semáforo,312,13.541666666666666
17174,Cuidado Geral,Estreitamento (D),312,13.541666666666666
12726,Via Prioritária,Proib. P/ >3.5t,312,13.541666666666666
30916,Cuidado Geral,Estreitamento (D),312,13.541666666666666
24115,Frente ou Direita,Siga em Frente,312,13.541666666666666
28607,70 km/h,60 km/h,312,13.541666666666666
17328,Cuidado Geral,Obras,313,13.585069444444445
17330,Cuidado Geral,Semáforo,313,13.585069444444445
33428,Semáforo,120 km/h,313,13.585069444444445
31869,Siga em Frente,Vire à Direita,313,13.585069444444445
34700,Cuidado Geral,Semáforo,313,13.585069444444445
7842,100 km/h,120 km/h,313,13.585069444444445
23560,Siga em Frente,Vire à Esquerda,314,13.628472222222221
36843,Cuidado Geral,Semáforo,315,13.671875
17317,Cuidado Geral,Prioridade Cruzamento,315,13.671875
25845,Mantenha-se à Esquerda,Vire à Direita,315,13.671875
33270,Cuidado Geral,Semáforo,315,13.671875
17637,Cuidado Geral,Semáforo,315,13.671875
36567,Semáforo,Estreitamento (D),315,13.671875
19451,Obras,Crianças,316,13.715277777777779
17485,Cuidado Geral,Dê a Preferência,316,13.715277777777779
22913,Vire à Direita,Frente ou Direita,316,13.715277777777779
21323,Ciclistas,Dê a Preferência,316,13.715277777777779
38881,Cuidado Geral,Curva Dupla,316,13.715277777777779
17329,Cuidado Geral,Prioridade Cruzamento,316,13.715277777777779
17422,Cuidado Geral,Semáforo,316,13.715277777777779
17739,Cuidado Geral,Estreitamento (D),316,13.715277777777779
32353,Via Prioritária,Proib. P/ >3.5t,317,13.758680555555555
31357,Frente ou Direita,Siga em Frente,317,13.758680555555555
34181,Cuidado Geral,Estreitamento (D),318,13.802083333333334
28371,Vire à Direita,Frente ou Direita,318,13.802083333333334
22616,Vire à Direita,Frente ou Direita,318,13.802083333333334
38150,Mantenha-se à Esquerda,Siga em Frente,319,13.84548611111111
15996,Proibido >3.5t,60 km/h,319,13.84548611111111
12972,Via Prioritária,Proib. P/ >3.5t,320,13.88888888888889
30782,Cuidado Geral,20 km/h,320,13.88888888888889
32621,Mantenha-se à Esquerda,Siga em Frente,320,13.88888888888889
7530,100 km/h,70 km/h,320,13.88888888888889
34815,Cuidado Geral,Estreitamento (D),320,13.88888888888889
34432,Via Prioritária,Rotatória,321,13.932291666666666
32555,Cuidado Geral,Estreitamento (D),321,13.932291666666666
17400,Cuidado Geral,70 km/h,322,13.975694444444445
26917,Mantenha-se à Esquerda,Vire à Direita,322,13.975694444444445
17423,Cuidado Geral,Dê a Preferência,322,13.975694444444445
28939,Frente ou Direita,Siga em Frente,322,13.975694444444445
29386,Via Prioritária,Proibido Veículos,322,13.975694444444445
28075,Cuidado Geral,Proibido Entrar,323,14.019097222222221
17331,Cuidado Geral,Prioridade Cruzamento,323,14.019097222222221
17416,Cuidado Geral,70 km/h,323,14.019097222222221
17158,Cuidado Geral,Estreitamento (D),323,14.019097222222221
33818,Cuidado Geral,Proibido Entrar,323,14.019097222222221
12982,Via Prioritária,Proib. P/ >3.5t,324,14.0625
17484,Cuidado Geral,Proibido Entrar,324,14.0625
6809,Fim 80,Fim Proib. >3.5t,324,14.0625
17479,Cuidado Geral,Dê a Preferência,325,14.105902777777779
25926,Mantenha-se à Esquerda,Vire à Direita,325,14.105902777777779
14809,Dê a Preferência,Proib. P/ >3.5t,325,14.105902777777779
12901,Via Prioritária,Neve/Gelo,325,14.105902777777779
17148,Cuidado Geral,Estreitamento (D),325,14.105902777777779
9167,Proib. Ultrapassar,60 km/h,325,14.105902777777779
9021,Proib. Ultrapassar,Dê a Preferência,326,14.149305555555555
16001,Proibido >3.5t,60 km/h,326,14.149305555555555
17635,Cuidado Geral,Semáforo,326,14.149305555555555
17251,Cuidado Geral,Dê a Preferência,326,14.149305555555555
1561,30 km/h,Estreitamento (D),326,14.149305555555555
17504,Cuidado Geral,Fim Proib. >3.5t,326,14.149305555555555
10431,Proib. P/ >3.5t,80 km/h,326,14.149305555555555
31305,Via Prioritária,Proib. P/ >3.5t,327,14.192708333333334
18378,Curva Dupla,Estreitamento (D),327,14.192708333333334
31781,Via Prioritária,Fim de Proibições,327,14.192708333333334
17755,Cuidado Geral,Obras,327,14.192708333333334
3252,60 km/h,Dê a Preferência,327,14.192708333333334
38959,Cuidado Geral,Semáforo,327,14.192708333333334
30611,Vire à Esquerda,Fim Proib. >3.5t,327,14.192708333333334
17155,Cuidado Geral,Obras,327,14.192708333333334
39076,Rotatória,Fim de Proibições,328,14.23611111111111
17487,Cuidado Geral,Semáforo,328,14.23611111111111
26275,Rotatória,Fim Proib. >3.5t,328,14.23611111111111
17512,Cuidado Geral,Semáforo,329,14.27951388888889
12989,Via Prioritária,Proib. P/ >3.5t,329,14.27951388888889
17481,Cuidado Geral,Dê a Preferência,329,14.27951388888889
12540,Via Prioritária,Dê a Preferência,330,14.322916666666666
34017,80 km/h,120 km/h,330,14.322916666666666
9170,Proib. Ultrapassar,Dê a Preferência,330,14.322916666666666
17516,Cuidado Geral,Semáforo,330,14.322916666666666
34857,Vire à Direita,Rotatória,330,14.322916666666666
7536,100 km/h,70 km/h,330,14.322916666666666
23540,Siga em Frente,Vire à Direita,331,14.366319444444445
32770,80 km/h,60 km/h,331,14.366319444444445
9579,Proib. Ultrapassar,Dê a Preferência,332,14.409722222222221
12525,Via Prioritária,Fim Proib. >3.5t,332,14.409722222222221
16833,Proibido Entrar,Dê a Preferência,332,14.409722222222221
22619,Vire à Direita,Frente ou Direita,333,14.453125
17753,Cuidado Geral,Obras,333,14.453125
32879,Cuidado Geral,Semáforo,333,14.453125
27694,Rotatória,Dê a Preferência,333,14.453125
22599,Vire à Direita,Frente ou Direita,335,14.539930555555555
22860,Vire à Direita,Siga em Frente,335,14.539930555555555
16006,Proibido >3.5t,Dê a Preferência,336,14.583333333333334
13130,Via Prioritária,Proib. P/ >3.5t,336,14.583333333333334
22612,Vire à Direita,Frente ou Direita,338,14.67013888888889
22655,Vire à Direita,Frente ou Direita,339,14.713541666666666
30887,Via Prioritária,Fim Proib. >3.5t,339,14.713541666666666
12250,Via Prioritária,Fim Proib. >3.5t,339,14.713541666666666
38980,80 km/h,120 km/h,339,14.713541666666666
22666,Vire à Direita,Crianças,340,14.756944444444445
36229,Vire à Direita,Frente ou Esquerda,340,14.756944444444445
29622,Via Prioritária,Fim Proib. >3.5t,341,14.800347222222221
12193,Via Prioritária,Obras,341,14.800347222222221
30448,Proib. P/ >3.5t,80 km/h,341,14.800347222222221
12168,Via Prioritária,Fim 80,342,14.84375
35338,Proib. Ultrapassar,Proibido Veículos,342,14.84375
12264,Via Prioritária,Proibido Entrar,343,14.887152777777779
12307,Via Prioritária,Dê a Preferência,343,14.887152777777779
23129,Vire à Esquerda,Siga em Frente,344,14.930555555555555
26234,Rotatória,Fim Proib. >3.5t,344,14.930555555555555
6477,80 km/h,70 km/h,345,14.973958333333334
23294,Siga em Frente,Frente ou Esquerda,345,14.973958333333334
12458,Via Prioritária,Dê a Preferência,346,15.01736111111111
27228,80 km/h,120 km/h,346,15.01736111111111
31240,Via Prioritária,Fim Proib. >3.5t,346,15.01736111111111
34190,Via Prioritária,Fim Proib. >3.5t,346,15.01736111111111
4712,70 km/h,80 km/h,347,15.06076388888889
10432,Proib. P/ >3.5t,80 km/h,347,15.06076388888889
13248,Via Prioritária,Fim Proib. >3.5t,348,15.104166666666666
32509,Via Prioritária,Fim Proib. >3.5t,348,15.104166666666666
18698,Pista Irregular,Cuidado Geral,348,15.104166666666666
12537,Via Prioritária,Proib. P/ >3.5t,349,15.147569444444445
21297,Ciclistas,Cuidado Geral,349,15.147569444444445
12531,Via Prioritária,Fim Proib. >3.5t,350,15.190972222222221
12676,Via Prioritária,Dê a Preferência,350,15.190972222222221
12687,Via Prioritária,Obras,350,15.190972222222221
12257,Via Prioritária,Fim Proib. >3.5t,350,15.190972222222221
16264,Proibido Entrar,Dê a Preferência,350,15.190972222222221
20568,Semáforo,Estreitamento (D),350,15.190972222222221
13865,Dê a Preferência,Obras,351,15.234375
4305,70 km/h,30 km/h,351,15.234375
4510,70 km/h,30 km/h,351,15.234375
13244,Via Prioritária,100 km/h,351,15.234375
31285,Mantenha-se à Esquerda,Siga em Frente,351,15.234375
19725,Obras,Vire à Direita,353,15.321180555555555
35733,Mantenha-se à Esquerda,Siga em Frente,353,15.321180555555555
26265,Rotatória,Siga em Frente,353,15.321180555555555
36615,Rotatória,Dê a Preferência,353,15.321180555555555
25908,Mantenha-se à Esquerda,Vire à Esquerda,354,15.364583333333334
3185,60 km/h,Dê a Preferência,355,15.40798611111111
19322,Obras,100 km/h,356,15.45138888888889
25922,Mantenha-se à Esquerda,Vire à Direita,357,15.494791666666666
12505,Via Prioritária,Dê a Preferência,357,15.494791666666666
16212,Proibido >3.5t,Proibido Veículos,357,15.494791666666666
6085,80 km/h,60 km/h,357,15.494791666666666
10987,Proib. P/ >3.5t,Fim Proib. >3.5t,357,15.494791666666666
4300,70 km/h,60 km/h,359,15.581597222222221
29114,Proibido >3.5t,Proib. Ultrapassar,360,15.625
36403,70 km/h,60 km/h,360,15.625
35693,80 km/h,60 km/h,360,15.625
30772,Vire à Direita,Mantenha-se à Esquerda,360,15.625
16205,Proibido >3.5t,Proibido Veículos,361,15.668402777777779
29946,Vire à Esquerda,Siga em Frente,362,15.711805555555555
31768,Proibido >3.5t,Proibido Veículos,363,15.755208333333334
32919,Ciclistas,Vire à Direita,364,15.79861111111111
31122,Proib. Ultrapassar,Dê a Preferência,364,15.79861111111111
35259,Proibido >3.5t,Dê a Preferência,365,15.84201388888889
36362,Vire à Esquerda,Siga em Frente,365,15.84201388888889
20476,Semáforo,70 km/h,365,15.84201388888889
34561,Proibido >3.5t,Proib. Ultrapassar,368,15.972222222222221
22634,Vire à Direita,Semáforo,370,16.05902777777778
28040,Vire à Direita,Frente ou Esquerda,371,16.102430555555554
26144,Rotatória,Vire à Direita,372,16.145833333333336
18796,Pista Escorregadia,Obras,375,16.276041666666664
23390,Siga em Frente,60 km/h,377,16.36284722222222
17513,Cuidado Geral,Obras,377,16.36284722222222
27623,80 km/h,Proibido Veículos,377,16.36284722222222
12708,Via Prioritária,60 km/h,378,16.40625
13205,Via Prioritária,Dê a Preferência,379,16.44965277777778
24221,Frente ou Direita,Siga em Frente,379,16.44965277777778
37422,Cuidado Geral,20 km/h,381,16.536458333333336
34513,Vire à Esquerda,Siga em Frente,382,16.57986111111111
33931,80 km/h,100 km/h,382,16.57986111111111
34482,80 km/h,Proibido Veículos,382,16.57986111111111
16145,Proibido >3.5t,Fim Proib. >3.5t,383,16.62326388888889
13363,Via Prioritária,60 km/h,383,16.62326388888889
36210,Semáforo,Pedestres,384,16.666666666666664
15268,PARE,Dê a Preferência,384,16.666666666666664
5988,80 km/h,120 km/h,384,16.666666666666664
17617,Cuidado Geral,Obras,384,16.666666666666664
75,20 km/h,30 km/h,385,16.710069444444446
23331,Siga em Frente,Vire à Direita,386,16.75347222222222
38581,80 km/h,60 km/h,386,16.75347222222222
39078,80 km/h,120 km/h,386,16.75347222222222
8469,120 km/h,Dê a Preferência,387,16.796875
5427,70 km/h,Dê a Preferência,388,16.84027777777778
31743,80 km/h,120 km/h,388,16.84027777777778
26102,Rotatória,Dê a Preferência,389,16.883680555555554
28484,80 km/h,120 km/h,389,16.883680555555554
6019,80 km/h,120 km/h,389,16.883680555555554
34800,80 km/h,120 km/h,389,16.883680555555554
6454,80 km/h,120 km/h,389,16.883680555555554
35714,Vire à Direita,Rotatória,389,16.883680555555554
6452,80 km/h,120 km/h,389,16.883680555555554
36203,80 km/h,120 km/h,389,16.883680555555554
22988,Vire à Esquerda,Siga em Frente,391,16.97048611111111
23008,Vire à Esquerda,Frente ou Esquerda,391,16.97048611111111
12705,Via Prioritária,Proib. P/ >3.5t,393,17.057291666666664
12714,Via Prioritária,Proib. P/ >3.5t,393,17.057291666666664
15877,Proibido Veículos,60 km/h,396,17.1875
34787,Vire à Esquerda,Siga em Frente,397,17.23090277777778
28986,80 km/h,100 km/h,399,17.317708333333336
38702,Vire à Direita,Rotatória,399,17.317708333333336
34802,Vire à Direita,Rotatória,400,17.36111111111111
29201,70 km/h,Dê a Preferência,400,17.36111111111111
25841,Mantenha-se à Esquerda,Siga em Frente,400,17.36111111111111
25956,Mantenha-se à Esquerda,Dê a Preferência,402,17.447916666666664
15858,Proibido Veículos,Dê a Preferência,404,17.53472222222222
16266,Proibido Entrar,Dê a Preferência,404,17.53472222222222
33619,PARE,Dê a Preferência,405,17.578125
29933,80 km/h,Proibido Veículos,406,17.62152777777778
30889,80 km/h,100 km/h,406,17.62152777777778
25882,Mantenha-se à Esquerda,Vire à Direita,407,17.664930555555554
30835,80 km/h,100 km/h,407,17.664930555555554
15832,Proibido Veículos,Dê a Preferência,407,17.664930555555554
5569,80 km/h,Proibido Veículos,407,17.664930555555554
6475,80 km/h,Proibido Veículos,409,17.75173611111111
36370,80 km/h,120 km/h,409,17.75173611111111
13830,Dê a Preferência,Obras,412,17.881944444444446
6029,80 km/h,120 km/h,413,17.92534722222222
5525,80 km/h,70 km/h,413,17.92534722222222
15845,Proibido Veículos,Dê a Preferência,413,17.92534722222222
6861,Fim 80,Fim Proib. >3.5t,414,17.96875
13349,Via Prioritária,Fim Proib. >3.5t,414,17.96875
21183,Crianças,Siga em Frente,414,17.96875
38556,Via Prioritária,Fim Proib. >3.5t,415,18.01215277777778
6328,80 km/h,100 km/h,416,18.055555555555554
5440,80 km/h,30 km/h,416,18.055555555555554
14653,Dê a Preferência,Fim de Proibições,417,18.098958333333336
23892,Siga em Frente,Vire à Direita,417,18.098958333333336
33339,Mantenha-se à Direita,Fim de Proibições,417,18.098958333333336
6680,80 km/h,Proibido Veículos,418,18.14236111111111
15868,Proibido Veículos,Dê a Preferência,419,18.18576388888889
22414,Fim de Proibições,60 km/h,420,18.229166666666664
29101,Mantenha-se à Direita,Neve/Gelo,421,18.272569444444446
19657,Obras,Crianças,421,18.272569444444446
9882,Proib. Ultrapassar,Dê a Preferência,423,18.359375
25835,Mantenha-se à Esquerda,Siga em Frente,423,18.359375
25833,Mantenha-se à Esquerda,Siga em Frente,423,18.359375
15565,Proibido Veículos,Dê a Preferência,424,18.40277777777778
27213,Fim 80,Fim Proib. >3.5t,424,18.40277777777778
33359,PARE,Dê a Preferência,425,18.446180555555554
1206,30 km/h,Dê a Preferência,425,18.446180555555554
6848,Fim 80,Fim Proib. >3.5t,426,18.489583333333336
23101,Vire à Esquerda,Rotatória,427,18.53298611111111
38467,Vire à Direita,Semáforo,429,18.619791666666664
31098,Frente ou Esquerda,Siga em Frente,429,18.619791666666664
22658,Vire à Direita,Siga em Frente,429,18.619791666666664
13257,Via Prioritária,Fim Proib. >3.5t,431,18.70659722222222
12626,Via Prioritária,Fim Proib. >3.5t,431,18.70659722222222
15584,Proibido Veículos,Dê a Preferência,432,18.75
15778,Proibido Veículos,Dê a Preferência,433,18.79340277777778
5428,70 km/h,Dê a Preferência,433,18.79340277777778
38960,Frente ou Direita,Siga em Frente,436,18.92361111111111
36732,Proib. Ultrapassar,Dê a Preferência,436,18.92361111111111
34248,Semáforo,Cuidado Geral,440,19.09722222222222
15573,Proibido Veículos,Dê a Preferência,443,19.227430555555554
4513,70 km/h,Dê a Preferência,444,19.270833333333336
19227,Estreitamento (D),Obras,446,19.35763888888889
24113,Frente ou Direita,Siga em Frente,448,19.444444444444446
21471,Neve/Gelo,Obras,450,19.53125
19206,Estreitamento (D),Pista Escorregadia,454,19.70486111111111
15689,Proibido Veículos,Dê a Preferência,461,20.008680555555554
31278,Obras,Neve/Gelo,461,20.008680555555554
13918,Dê a Preferência,Frente ou Esquerda,468,20.3125
23740,Siga em Frente,Vire à Direita,468,20.3125
19271,Obras,Neve/Gelo,469,20.35590277777778
34044,Frente ou Direita,Siga em Frente,469,20.35590277777778
23668,Siga em Frente,Vire à Direita,471,20.442708333333336
19243,Estreitamento (D),Obras,477,20.703125
28335,Semáforo,Cuidado Geral,482,20.92013888888889
21459,Neve/Gelo,Obras,484,21.006944444444446
26156,Rotatória,Via Prioritária,484,21.006944444444446
21345,Ciclistas,Vire à Direita,492,21.354166666666664
27985,120 km/h,Dê a Preferência,493,21.397569444444446
15062,PARE,Proibido Entrar,495,21.484375
23666,Siga em Frente,Vire à Direita,496,21.52777777777778
27815,Mantenha-se à Esquerda,Siga em Frente,497,21.571180555555554
24151,Frente ou Direita,Siga em Frente,497,21.571180555555554
25904,Mantenha-se à Esquerda,Siga em Frente,497,21.571180555555554
9591,Proib. Ultrapassar,Proibido Veículos,498,21.614583333333336
23870,Siga em Frente,Vire à Direita,499,21.65798611111111
22351,Fim de Proibições,60 km/h,501,21.744791666666664
3973,60 km/h,50 km/h,505,21.91840277777778
23153,Vire à Esquerda,Siga em Frente,505,21.91840277777778
612,30 km/h,Dê a Preferência,509,22.09201388888889
9592,Proib. Ultrapassar,Proibido Veículos,510,22.135416666666664
28356,Proib. Ultrapassar,Proibido Veículos,510,22.135416666666664
4521,70 km/h,Dê a Preferência,514,22.30902777777778
20578,Semáforo,Fim de Proibições,515,22.352430555555554
3403,60 km/h,Pista Escorregadia,515,22.352430555555554
24259,Frente ou Direita,Siga em Frente,518,22.48263888888889
30564,Proib. Ultrapassar,Proibido Veículos,519,22.526041666666664
15517,PARE,Proibido Entrar,519,22.526041666666664
8478,120 km/h,Dê a Preferência,519,22.526041666666664
28000,Semáforo,Proibido Entrar,521,22.61284722222222
38317,PARE,Proibido Entrar,524,22.743055555555554
22765,Vire à Direita,Frente ou Esquerda,526,22.82986111111111
32691,Semáforo,120 km/h,526,22.82986111111111
20675,Semáforo,Proibido Entrar,526,22.82986111111111
23107,Vire à Esquerda,Mantenha-se à Direita,528,22.916666666666664
20662,Semáforo,Proibido Veículos,528,22.916666666666664
5595,80 km/h,Obras,530,23.00347222222222
5555,80 km/h,Obras,530,23.00347222222222
18880,Pista Escorregadia,Obras,532,23.09027777777778
9833,Proib. Ultrapassar,Proib. P/ >3.5t,533,23.133680555555554
9640,Proib. Ultrapassar,Proibido Veículos,533,23.133680555555554
30248,Proib. Ultrapassar,Proibido Veículos,537,23.307291666666664
30393,Ciclistas,Obras,538,23.350694444444446
9598,Proib. Ultrapassar,Proibido Veículos,539,23.39409722222222
35152,Proibido Entrar,PARE,540,23.4375
22902,Vire à Direita,Frente ou Direita,540,23.4375
21280,Ciclistas,60 km/h,540,23.4375
9594,Proib. Ultrapassar,Proibido Veículos,541,23.48090277777778
20557,Semáforo,70 km/h,542,23.524305555555554
19798,Obras,Curva Perigosa (D),543,23.567708333333336
20514,Semáforo,70 km/h,543,23.567708333333336
20515,Semáforo,Estreitamento (D),544,23.61111111111111
20547,Semáforo,Obras,545,23.65451388888889
20690,Semáforo,120 km/h,547,23.741319444444446
26152,Rotatória,Fim Proib. >3.5t,548,23.78472222222222
25953,Mantenha-se à Esquerda,Rotatória,549,23.828125
19294,Obras,Curva Perigosa (D),549,23.828125
20540,Semáforo,Cuidado Geral,549,23.828125
3331,60 km/h,30 km/h,550,23.87152777777778
20563,Semáforo,Estreitamento (D),556,24.131944444444446
21338,Ciclistas,80 km/h,560,24.305555555555554
34805,70 km/h,Dê a Preferência,562,24.39236111111111
23607,Siga em Frente,Vire à Direita,563,24.43576388888889
5207,70 km/h,Dê a Preferência,564,24.479166666666664
15528,PARE,Dê a Preferência,569,24.696180555555554
34522,Proibido Entrar,PARE,569,24.696180555555554
10868,Proib. P/ >3.5t,80 km/h,570,24.739583333333336
22307,Fim de Proibições,Fim Proib. Ultrapassar,571,24.78298611111111
19292,Obras,Curva Perigosa (D),573,24.869791666666664
15514,PARE,Proibido Entrar,575,24.95659722222222
19700,Obras,Neve/Gelo,577,25.04340277777778
34164,Obras,Fim Proib. >3.5t,581,25.21701388888889
19300,Obras,Pista Escorregadia,582,25.260416666666668
19747,Obras,Ciclistas,583,25.303819444444443
19800,Obras,Neve/Gelo,584,25.34722222222222
14438,Dê a Preferência,Proibido Veículos,586,25.43402777777778
27361,Dê a Preferência,Siga em Frente,586,25.43402777777778
30913,Obras,Neve/Gelo,586,25.43402777777778
27009,Dê a Preferência,60 km/h,587,25.477430555555557
14735,Dê a Preferência,60 km/h,587,25.477430555555557
13852,Dê a Preferência,50 km/h,588,25.520833333333332
14569,Dê a Preferência,60 km/h,588,25.520833333333332
14585,Dê a Preferência,Siga em Frente,588,25.520833333333332
15367,PARE,Proibido Entrar,589,25.56423611111111
29078,PARE,Proibido Entrar,589,25.56423611111111
36130,Obras,Neve/Gelo,590,25.60763888888889
28635,Dê a Preferência,50 km/h,590,25.60763888888889
5959,80 km/h,Obras,593,25.73784722222222
28329,Obras,100 km/h,594,25.78125
20125,Obras,Neve/Gelo,597,25.911458333333332
38657,PARE,30 km/h,598,25.95486111111111
37309,Obras,Neve/Gelo,599,25.99826388888889
14567,Dê a Preferência,60 km/h,599,25.99826388888889
36488,Frente ou Esquerda,Siga em Frente,600,26.041666666666668
6662,80 km/h,Obras,600,26.041666666666668
35702,Vire à Esquerda,Siga em Frente,600,26.041666666666668
20139,Obras,Cuidado Geral,600,26.041666666666668
20654,Semáforo,Proibido Veículos,601,26.085069444444443
23117,Vire à Esquerda,Mantenha-se à Direita,601,26.085069444444443
15061,PARE,Proibido Entrar,603,26.171875
19750,Obras,Neve/Gelo,603,26.171875
28206,Obras,Neve/Gelo,604,26.21527777777778
14643,Dê a Preferência,Mantenha-se à Direita,604,26.21527777777778
31690,Obras,Neve/Gelo,604,26.21527777777778
29316,Obras,Neve/Gelo,605,26.258680555555557
19914,Obras,Neve/Gelo,606,26.302083333333332
19915,Obras,Neve/Gelo,606,26.302083333333332
13007,Via Prioritária,Proib. P/ >3.5t,607,26.34548611111111
22294,Fim de Proibições,Vire à Direita,607,26.34548611111111
37674,Obras,Ciclistas,607,26.34548611111111
27484,Obras,Curva Perigosa (D),608,26.38888888888889
28492,Dê a Preferência,60 km/h,608,26.38888888888889
19905,Obras,Neve/Gelo,608,26.38888888888889
14671,Dê a Preferência,Mantenha-se à Direita,611,26.51909722222222
13853,Dê a Preferência,Crianças,611,26.51909722222222
13582,Dê a Preferência,Mantenha-se à Direita,611,26.51909722222222
14879,Dê a Preferência,Mantenha-se à Direita,612,26.5625
19555,Obras,Estreitamento (D),612,26.5625
33213,Dê a Preferência,Pista Escorregadia,613,26.60590277777778
34207,Dê a Preferência,Pista Escorregadia,613,26.60590277777778
14128,Dê a Preferência,60 km/h,613,26.60590277777778
283,30 km/h,80 km/h,614,26.649305555555557
36557,Dê a Preferência,Pista Escorregadia,615,26.692708333333332
37278,Dê a Preferência,Crianças,615,26.692708333333332
19473,Obras,100 km/h,616,26.73611111111111
34304,Dê a Preferência,Proib. P/ >3.5t,616,26.73611111111111
21244,Ciclistas,Via Prioritária,616,26.73611111111111
14574,Dê a Preferência,Siga em Frente,616,26.73611111111111
14975,Dê a Preferência,Mantenha-se à Direita,617,26.77951388888889
773,30 km/h,80 km/h,617,26.77951388888889
27239,Semáforo,20 km/h,618,26.822916666666668
1286,30 km/h,80 km/h,620,26.90972222222222
19689,Obras,Neve/Gelo,620,26.90972222222222
14977,Dê a Preferência,Mantenha-se à Direita,620,26.90972222222222
14663,Dê a Preferência,Mantenha-se à Direita,621,26.953125
14729,Dê a Preferência,Mantenha-se à Direita,621,26.953125
19770,Obras,Neve/Gelo,621,26.953125
24409,Frente ou Esquerda,Dê a Preferência,621,26.953125
13587,Dê a Preferência,Mantenha-se à Direita,621,26.953125
14985,Dê a Preferência,Mantenha-se à Direita,622,26.99652777777778
22483,Vire à Direita,Frente ou Esquerda,624,27.083333333333332
14125,Dê a Preferência,60 km/h,624,27.083333333333332
13605,Dê a Preferência,Mantenha-se à Direita,625,27.12673611111111
35580,Dê a Preferência,60 km/h,625,27.12673611111111
14725,Dê a Preferência,Mantenha-se à Direita,628,27.256944444444443
14644,Dê a Preferência,Mantenha-se à Direita,628,27.256944444444443
39151,Vire à Direita,70 km/h,628,27.256944444444443
13759,Dê a Preferência,60 km/h,629,27.30034722222222
28504,Dê a Preferência,60 km/h,630,27.34375
14482,Dê a Preferência,50 km/h,631,27.38715277777778
14358,Dê a Preferência,50 km/h,631,27.38715277777778
14878,Dê a Preferência,60 km/h,631,27.38715277777778
20566,Semáforo,Estreitamento (D),631,27.38715277777778
14568,Dê a Preferência,60 km/h,632,27.430555555555557
22269,Fim de Proibições,Cuidado Geral,633,27.473958333333332
28639,60 km/h,Dê a Preferência,633,27.473958333333332
26274,Rotatória,100 km/h,634,27.51736111111111
13263,Via Prioritária,60 km/h,635,27.56076388888889
19771,Obras,80 km/h,637,27.647569444444443
34640,Fim de Proibições,Dê a Preferência,643,27.90798611111111
15913,Proibido Veículos,50 km/h,644,27.95138888888889
15902,Proibido Veículos,80 km/h,646,28.038194444444443
19545,Obras,Ciclistas,646,28.038194444444443
25875,Mantenha-se à Esquerda,Vire à Direita,646,28.038194444444443
15930,Proibido Veículos,Dê a Preferência,647,28.08159722222222
20687,Semáforo,Proibido Entrar,647,28.08159722222222
26836,120 km/h,Proibido Veículos,650,28.211805555555557
15846,Proibido Veículos,Dê a Preferência,655,28.428819444444443
22492,Vire à Direita,Frente ou Direita,655,28.428819444444443
16631,Proibido Entrar,Proib. P/ >3.5t,657,28.515625
22315,Fim de Proibições,Dê a Preferência,658,28.55902777777778
16281,Proibido Entrar,Proib. P/ >3.5t,659,28.602430555555557
24449,Frente ou Esquerda,Mantenha-se à Direita,663,28.776041666666668
38767,Fim de Proibições,Dê a Preferência,665,28.86284722222222
16269,Proibido Entrar,Proib. P/ >3.5t,667,28.94965277777778
14299,Dê a Preferência,50 km/h,668,28.993055555555557
5530,80 km/h,Obras,671,29.12326388888889
28488,PARE,Proibido Entrar,671,29.12326388888889
6802,Fim 80,60 km/h,673,29.210069444444443
19754,Obras,Ciclistas,673,29.210069444444443
15342,PARE,Dê a Preferência,674,29.25347222222222
21292,Ciclistas,Dê a Preferência,676,29.34027777777778
13662,Dê a Preferência,Proibido Entrar,680,29.51388888888889
32302,Cuidado Geral,30 km/h,681,29.557291666666668
33808,Proibido Veículos,Ciclistas,684,29.6875
21203,Crianças,Ciclistas,684,29.6875
17701,Cuidado Geral,30 km/h,684,29.6875
17393,Cuidado Geral,Dê a Preferência,684,29.6875
37863,Dê a Preferência,Proib. P/ >3.5t,687,29.817708333333332
38752,Cuidado Geral,30 km/h,687,29.817708333333332
12237,Via Prioritária,Proibido Entrar,688,29.86111111111111
29600,PARE,Proibido Entrar,691,29.991319444444443
33625,PARE,Proibido Entrar,692,30.03472222222222
24369,Frente ou Esquerda,Animais Selvagens,693,30.078125
17442,Cuidado Geral,80 km/h,693,30.078125
15335,PARE,Proibido Entrar,693,30.078125
15248,PARE,Proibido Entrar,693,30.078125
33666,Proibido Entrar,PARE,696,30.208333333333332
13590,Dê a Preferência,Mantenha-se à Direita,697,30.25173611111111
15557,Proibido Veículos,Dê a Preferência,698,30.29513888888889
33820,PARE,Dê a Preferência,699,30.338541666666668
25030,Mantenha-se à Direita,Siga em Frente,699,30.338541666666668
15063,PARE,Proibido Entrar,700,30.381944444444443
24377,Frente ou Esquerda,Via Prioritária,701,30.42534722222222
15896,Proibido Veículos,Dê a Preferência,703,30.51215277777778
15505,PARE,30 km/h,705,30.598958333333332
24574,Mantenha-se à Direita,Dê a Preferência,705,30.598958333333332
19610,Obras,60 km/h,707,30.68576388888889
25290,Mantenha-se à Direita,Vire à Direita,710,30.81597222222222
25033,Mantenha-se à Direita,Siga em Frente,710,30.81597222222222
25037,Mantenha-se à Direita,Siga em Frente,711,30.859375
25083,Mantenha-se à Direita,Vire à Direita,712,30.90277777777778
34586,Dê a Preferência,Mantenha-se à Direita,713,30.946180555555557
27261,PARE,Proibido Entrar,713,30.946180555555557
27593,Dê a Preferência,60 km/h,715,31.03298611111111
15471,PARE,Dê a Preferência,716,31.07638888888889
15456,PARE,Proibido Entrar,719,31.20659722222222
33769,Frente ou Esquerda,Mantenha-se à Direita,720,31.25
35254,Mantenha-se à Direita,Vire à Direita,721,31.29340277777778
15254,PARE,Dê a Preferência,721,31.29340277777778
33715,Mantenha-se à Direita,Ciclistas,722,31.336805555555557
31049,Cuidado Geral,30 km/h,723,31.380208333333332
27440,Mantenha-se à Direita,Ciclistas,724,31.42361111111111
24544,Mantenha-se à Direita,Dê a Preferência,724,31.42361111111111
25745,Mantenha-se à Direita,Frente ou Esquerda,724,31.42361111111111
25749,Mantenha-se à Direita,Frente ou Esquerda,725,31.46701388888889
24776,Mantenha-se à Direita,Frente ou Esquerda,725,31.46701388888889
15835,Proibido Veículos,Dê a Preferência,727,31.553819444444443
37766,Cuidado Geral,Semáforo,729,31.640625
32122,Proibido Veículos,Dê a Preferência,729,31.640625
34032,Proibido Veículos,Dê a Preferência,729,31.640625
30850,PARE,Proibido Entrar,729,31.640625
25357,Mantenha-se à Direita,Frente ou Esquerda,729,31.640625
17537,Cuidado Geral,Proibido Entrar,731,31.727430555555557
23310,Siga em Frente,Pista Escorregadia,731,31.727430555555557
30222,Mantenha-se à Direita,Frente ou Esquerda,732,31.770833333333332
25754,Mantenha-se à Direita,Frente ou Esquerda,733,31.81423611111111
25696,Mantenha-se à Direita,Frente ou Esquerda,736,31.944444444444443
24652,Mantenha-se à Direita,Frente ou Esquerda,736,31.944444444444443
25750,Mantenha-se à Direita,Frente ou Esquerda,737,31.98784722222222
24613,Mantenha-se à Direita,Dê a Preferência,737,31.98784722222222
21385,Ciclistas,Obras,738,32.03125
15837,Proibido Veículos,Dê a Preferência,738,32.03125
15674,Proibido Veículos,Dê a Preferência,740,32.11805555555556
25365,Mantenha-se à Direita,Frente ou Esquerda,740,32.11805555555556
24885,Mantenha-se à Direita,Frente ou Esquerda,742,32.20486111111111
25110,Mantenha-se à Direita,Vire à Direita,744,32.29166666666667
17446,Cuidado Geral,Semáforo,747,32.421875
32196,Cuidado Geral,Obras,747,32.421875
21242,Ciclistas,50 km/h,749,32.50868055555556
30151,Mantenha-se à Direita,Frente ou Esquerda,750,32.55208333333333
17522,Cuidado Geral,60 km/h,751,32.59548611111111
15271,PARE,Proibido Entrar,752,32.63888888888889
33016,Mantenha-se à Direita,50 km/h,753,32.68229166666667
31556,Proibido Entrar,80 km/h,754,32.72569444444444
21295,Ciclistas,100 km/h,754,32.72569444444444
16531,Proibido Entrar,Proib. P/ >3.5t,754,32.72569444444444
38586,Mantenha-se à Direita,Frente ou Esquerda,754,32.72569444444444
16413,Proibido Entrar,Proib. P/ >3.5t,755,32.76909722222222
16713,Proibido Entrar,Proib. P/ >3.5t,755,32.76909722222222
16988,Proibido Entrar,Proib. P/ >3.5t,755,32.76909722222222
16280,Proibido Entrar,Proib. P/ >3.5t,755,32.76909722222222
16276,Proibido Entrar,Proib. P/ >3.5t,755,32.76909722222222
33358,Cuidado Geral,Ciclistas,756,32.8125
24908,Mantenha-se à Direita,Vire à Direita,758,32.89930555555556
24765,Mantenha-se à Direita,50 km/h,758,32.89930555555556
36917,Mantenha-se à Direita,60 km/h,758,32.89930555555556
25485,Mantenha-se à Direita,Frente ou Esquerda,758,32.89930555555556
24673,Mantenha-se à Direita,Dê a Preferência,758,32.89930555555556
15192,PARE,Proibido Entrar,759,32.94270833333333
28826,PARE,Proibido Entrar,760,32.98611111111111
15392,PARE,Proibido Entrar,761,33.02951388888889
15115,PARE,Proibido Entrar,763,33.11631944444444
15067,PARE,Proibido Entrar,763,33.11631944444444
15117,PARE,Proibido Entrar,764,33.15972222222222
35136,Dê a Preferência,Mantenha-se à Direita,764,33.15972222222222
15220,PARE,Proibido Entrar,764,33.15972222222222
24534,Mantenha-se à Direita,Frente ou Esquerda,765,33.203125
16484,Proibido Entrar,80 km/h,767,33.28993055555556
14784,Dê a Preferência,Mantenha-se à Direita,769,33.37673611111111
36507,PARE,Proibido Entrar,770,33.42013888888889
38161,Proibido Entrar,80 km/h,770,33.42013888888889
26457,Fim Proib. Ultrapassar,Dê a Preferência,770,33.42013888888889
26421,Fim Proib. Ultrapassar,Dê a Preferência,772,33.50694444444444
15421,PARE,Proibido Entrar,773,33.55034722222222
22961,Vire à Esquerda,Mantenha-se à Direita,773,33.55034722222222
25092,Mantenha-se à Direita,Fim Proib. >3.5t,773,33.55034722222222
34968,Proibido Veículos,Dê a Preferência,773,33.55034722222222
30443,Dê a Preferência,80 km/h,774,33.59375
25822,Mantenha-se à Direita,50 km/h,776,33.68055555555556
31942,Vire à Direita,Rotatória,777,33.72395833333333
16300,Proibido Entrar,Proib. P/ >3.5t,777,33.72395833333333
25108,Mantenha-se à Direita,Fim Proib. >3.5t,777,33.72395833333333
35247,PARE,Proibido Entrar,778,33.76736111111111
15439,PARE,Proibido Entrar,779,33.81076388888889
26446,Fim Proib. Ultrapassar,Dê a Preferência,780,33.85416666666667
26458,Fim Proib. Ultrapassar,Dê a Preferência,781,33.89756944444444
32157,Proibido Entrar,Fim Proib. >3.5t,782,33.94097222222222
30546,Mantenha-se à Direita,Vire à Esquerda,782,33.94097222222222
38326,Proibido Entrar,Dê a Preferência,782,33.94097222222222
25499,Mantenha-se à Direita,Dê a Preferência,783,33.984375
25758,Mantenha-se à Direita,Frente ou Esquerda,784,34.02777777777778
17529,Cuidado Geral,30 km/h,785,34.07118055555556
34421,Proibido Entrar,80 km/h,786,34.11458333333333
6817,Fim 80,60 km/h,787,34.15798611111111
23805,Siga em Frente,Vire à Direita,787,34.15798611111111
26405,Fim Proib. Ultrapassar,Dê a Preferência,788,34.20138888888889
24899,Mantenha-se à Direita,Via Prioritária,788,34.20138888888889
23890,Siga em Frente,Vire à Direita,788,34.20138888888889
8533,120 km/h,Dê a Preferência,789,34.24479166666667
34752,Proibido Entrar,Proib. P/ >3.5t,790,34.28819444444444
35295,120 km/h,Dê a Preferência,790,34.28819444444444
24527,Mantenha-se à Direita,Via Prioritária,790,34.28819444444444
25621,Mantenha-se à Direita,Vire à Direita,790,34.28819444444444
33798,Proibido Entrar,Proib. P/ >3.5t,790,34.28819444444444
26402,Fim Proib. Ultrapassar,Dê a Preferência,792,34.375
33483,Proibido Entrar,Proib. P/ >3.5t,792,34.375
26380,Fim Proib. Ultrapassar,Dê a Preferência,792,34.375
8532,120 km/h,Dê a Preferência,792,34.375
16753,Proibido Entrar,Proib. P/ >3.5t,792,34.375
16880,Proibido Entrar,Proib. P/ >3.5t,792,34.375
25072,Mantenha-se à Direita,Dê a Preferência,792,34.375
24992,Mantenha-se à Direita,Dê a Preferência,795,34.50520833333333
16295,Proibido Entrar,Proib. P/ >3.5t,798,34.63541666666667
37661,Mantenha-se à Direita,Dê a Preferência,799,34.67881944444444
16402,Proibido Entrar,Proib. P/ >3.5t,800,34.72222222222222
8793,120 km/h,Dê a Preferência,806,34.98263888888889
16908,Proibido Entrar,80 km/h,807,35.02604166666667
28604,Mantenha-se à Direita,Dê a Preferência,807,35.02604166666667
13703,Dê a Preferência,Obras,808,35.06944444444444
14196,Dê a Preferência,Curva Perigosa (D),808,35.06944444444444
16943,Proibido Entrar,50 km/h,809,35.11284722222222
27251,Fim Proib. Ultrapassar,Dê a Preferência,810,35.15625
23492,Siga em Frente,Proib. Ultrapassar,810,35.15625
23552,Siga em Frente,Vire à Esquerda,810,35.15625
35306,Proibido Entrar,80 km/h,810,35.15625
25265,Mantenha-se à Direita,Vire à Direita,813,35.28645833333333
26486,Fim Proib. >3.5t,Fim Proib. Ultrapassar,813,35.28645833333333
26463,Fim Proib. >3.5t,Siga em Frente,813,35.28645833333333
15006,PARE,Dê a Preferência,816,35.41666666666667
24994,Mantenha-se à Direita,Dê a Preferência,817,35.46006944444444
27069,Vire à Esquerda,Mantenha-se à Direita,818,35.50347222222222
15003,PARE,Dê a Preferência,818,35.50347222222222
29096,Dê a Preferência,Curva Perigosa (D),818,35.50347222222222
24453,Mantenha-se à Direita,Vire à Esquerda,818,35.50347222222222
28218,60 km/h,Dê a Preferência,819,35.546875
16394,Proibido Entrar,Proibido Veículos,820,35.59027777777778
15078,PARE,Dê a Preferência,821,35.63368055555556
22970,Vire à Esquerda,Mantenha-se à Direita,827,35.89409722222222
35904,PARE,Proibido Entrar,828,35.9375
16974,Proibido Entrar,70 km/h,828,35.9375
5534,80 km/h,Proib. P/ >3.5t,828,35.9375
16556,Proibido Entrar,70 km/h,828,35.9375
15236,PARE,Dê a Preferência,830,36.02430555555556
4056,60 km/h,Dê a Preferência,831,36.06770833333333
22921,Vire à Esquerda,Mantenha-se à Direita,831,36.06770833333333
22927,Vire à Esquerda,Neve/Gelo,831,36.06770833333333
16578,Proibido Entrar,Proib. P/ >3.5t,832,36.11111111111111
16309,Proibido Entrar,Proib. P/ >3.5t,834,36.19791666666667
4060,60 km/h,Dê a Preferência,834,36.19791666666667
37667,60 km/h,Dê a Preferência,834,36.19791666666667
25527,Mantenha-se à Direita,Frente ou Esquerda,835,36.24131944444444
34777,60 km/h,30 km/h,836,36.28472222222222
16990,Proibido Entrar,Proib. P/ >3.5t,836,36.28472222222222
15202,PARE,20 km/h,837,36.328125
30223,Proibido Entrar,80 km/h,837,36.328125
23004,Vire à Esquerda,Mantenha-se à Direita,838,36.37152777777778
15216,PARE,Proibido Entrar,838,36.37152777777778
23155,Vire à Esquerda,Siga em Frente,839,36.41493055555556
15426,PARE,Proibido Entrar,840,36.45833333333333
15046,PARE,30 km/h,840,36.45833333333333
22923,Vire à Esquerda,Mantenha-se à Direita,841,36.50173611111111
22889,Vire à Direita,Frente ou Direita,841,36.50173611111111
15044,PARE,30 km/h,844,36.63194444444444
28948,Vire à Esquerda,Siga em Frente,845,36.67534722222222
3298,60 km/h,30 km/h,847,36.76215277777778
4023,60 km/h,Dê a Preferência,847,36.76215277777778
30241,PARE,Proibido Entrar,847,36.76215277777778
30788,PARE,Proibido Entrar,850,36.89236111111111
4088,60 km/h,Dê a Preferência,850,36.89236111111111
38335,Cuidado Geral,Obras,851,36.93576388888889
5509,80 km/h,Dê a Preferência,852,36.97916666666667
3299,60 km/h,30 km/h,852,36.97916666666667
25089,Mantenha-se à Direita,Fim Proib. >3.5t,853,37.02256944444444
37015,Proibido Entrar,Proib. P/ >3.5t,853,37.02256944444444
33810,Proibido Entrar,Proib. P/ >3.5t,854,37.06597222222222
37447,60 km/h,80 km/h,854,37.06597222222222
31838,60 km/h,100 km/h,854,37.06597222222222
28149,Proibido Entrar,Proib. P/ >3.5t,854,37.06597222222222
23553,Siga em Frente,Vire à Esquerda,855,37.109375
37631,60 km/h,80 km/h,855,37.109375
3589,60 km/h,80 km/h,855,37.109375
4101,60 km/h,Dê a Preferência,856,37.15277777777778
25211,Mantenha-se à Direita,Fim Proib. >3.5t,858,37.23958333333333
19759,Obras,Estreitamento (D),858,37.23958333333333
27647,60 km/h,Dê a Preferência,859,37.28298611111111
34097,PARE,Proibido Entrar,860,37.32638888888889
35898,60 km/h,Dê a Preferência,860,37.32638888888889
25786,Mantenha-se à Direita,Frente ou Esquerda,860,37.32638888888889
4097,60 km/h,Dê a Preferência,861,37.36979166666667
31691,PARE,Proibido Entrar,861,37.36979166666667
15082,PARE,Proibido Entrar,861,37.36979166666667
21201,Crianças,Pista Irregular,862,37.41319444444444
15425,PARE,Proibido Entrar,862,37.41319444444444
29732,Vire à Direita,Frente ou Direita,863,37.45659722222222
3350,60 km/h,Dê a Preferência,863,37.45659722222222
15096,PARE,Proibido Entrar,865,37.54340277777778
4071,60 km/h,Dê a Preferência,866,37.58680555555556
22569,Vire à Direita,Via Prioritária,866,37.58680555555556
4094,60 km/h,100 km/h,867,37.63020833333333
4102,60 km/h,30 km/h,867,37.63020833333333
4070,60 km/h,Dê a Preferência,867,37.63020833333333
34020,60 km/h,Dê a Preferência,868,37.67361111111111
33397,60 km/h,30 km/h,868,37.67361111111111
24536,Mantenha-se à Direita,Frente ou Esquerda,868,37.67361111111111
25340,Mantenha-se à Direita,Frente ou Esquerda,868,37.67361111111111
28961,60 km/h,Dê a Preferência,869,37.71701388888889
28825,Mantenha-se à Direita,Frente ou Esquerda,869,37.71701388888889
3592,60 km/h,80 km/h,869,37.71701388888889
37643,Proib. Ultrapassar,Proibido Veículos,870,37.76041666666667
33018,Mantenha-se à Direita,Obras,873,37.890625
3557,60 km/h,120 km/h,873,37.890625
3341,60 km/h,Dê a Preferência,873,37.890625
4047,60 km/h,Proibido Veículos,874,37.93402777777778
23406,Siga em Frente,60 km/h,874,37.93402777777778
3344,60 km/h,Dê a Preferência,874,37.93402777777778
36398,60 km/h,Dê a Preferência,875,37.97743055555556
3976,60 km/h,Dê a Preferência,880,38.19444444444444
15018,PARE,Dê a Preferência,881,38.23784722222222
4072,60 km/h,Dê a Preferência,881,38.23784722222222
17399,Cuidado Geral,Obras,882,38.28125
27168,Cuidado Geral,Obras,883,38.32465277777778
25463,Mantenha-se à Direita,Frente ou Esquerda,883,38.32465277777778
30452,60 km/h,Fim de Proibições,884,38.36805555555556
25573,Mantenha-se à Direita,Frente ou Esquerda,884,38.36805555555556
15004,PARE,Dê a Preferência,885,38.41145833333333
23322,Siga em Frente,Vire à Direita,886,38.45486111111111
23661,Siga em Frente,Vire à Direita,886,38.45486111111111
3598,60 km/h,Proibido Veículos,887,38.49826388888889
15346,PARE,Dê a Preferência,887,38.49826388888889
23905,Siga em Frente,Vire à Direita,887,38.49826388888889
6834,Fim 80,Fim Proib. >3.5t,887,38.49826388888889
23665,Siga em Frente,Vire à Direita,888,38.54166666666667
16292,Proibido Entrar,Proib. P/ >3.5t,889,38.58506944444444
28175,60 km/h,Dê a Preferência,889,38.58506944444444
23595,Siga em Frente,Vire à Direita,890,38.62847222222222
23474,Siga em Frente,Vire à Direita,890,38.62847222222222
23768,Siga em Frente,Vire à Esquerda,890,38.62847222222222
23647,Siga em Frente,Vire à Direita,891,38.671875
23597,Siga em Frente,Vire à Direita,891,38.671875
23784,Siga em Frente,Vire à Direita,891,38.671875
15435,PARE,Proibido Entrar,892,38.71527777777778
15279,PARE,Proibido Entrar,894,38.80208333333333
35307,Proibido Entrar,Via Prioritária,895,38.84548611111111
15487,PARE,Proibido Entrar,897,38.93229166666667
12403,Via Prioritária,Dê a Preferência,899,39.01909722222222
15071,PARE,Dê a Preferência,900,39.0625
15472,PARE,30 km/h,903,39.19270833333333
15153,PARE,30 km/h,905,39.27951388888889
15129,PARE,Proibido Entrar,906,39.32291666666667
14351,Dê a Preferência,60 km/h,911,39.53993055555556
15025,PARE,Dê a Preferência,913,39.62673611111111
15149,PARE,Proibido Entrar,913,39.62673611111111
23800,Siga em Frente,Vire à Esquerda,916,39.75694444444444
6833,Fim 80,Fim Proib. >3.5t,917,39.80034722222222
15162,PARE,Proibido Entrar,917,39.80034722222222
29209,PARE,Proibido Entrar,920,39.93055555555556
23482,Siga em Frente,Via Prioritária,920,39.93055555555556
33569,Dê a Preferência,Vire à Direita,921,39.97395833333333
15235,PARE,Dê a Preferência,922,40.01736111111111
15093,PARE,Proibido Entrar,924,40.10416666666667
16488,Proibido Entrar,80 km/h,924,40.10416666666667
15130,PARE,Proibido Entrar,927,40.234375
23483,Siga em Frente,Via Prioritária,927,40.234375
25450,Mantenha-se à Direita,Vire à Direita,928,40.27777777777778
22941,Vire à Esquerda,Dê a Preferência,929,40.32118055555556
15488,PARE,Proibido Entrar,929,40.32118055555556
15174,PARE,Proibido Entrar,930,40.36458333333333
33950,PARE,Proibido Entrar,931,40.40798611111111
15356,PARE,Dê a Preferência,932,40.45138888888889
15095,PARE,Proibido Entrar,932,40.45138888888889
29414,PARE,30 km/h,932,40.45138888888889
15113,PARE,Proibido Entrar,933,40.49479166666667
34796,60 km/h,Dê a Preferência,935,40.58159722222222
15112,PARE,Proibido Entrar,935,40.58159722222222
15485,PARE,Proibido Entrar,936,40.625
15492,PARE,Proibido Entrar,936,40.625
27986,Siga em Frente,Vire à Direita,938,40.71180555555556
22660,Vire à Direita,Dê a Preferência,939,40.75520833333333
22987,Vire à Esquerda,Siga em Frente,939,40.75520833333333
28554,Vire à Esquerda,Siga em Frente,940,40.79861111111111
23687,Siga em Frente,Pista Escorregadia,941,40.84201388888889
8545,120 km/h,Dê a Preferência,942,40.88541666666667
25460,Mantenha-se à Direita,Frente ou Esquerda,944,40.97222222222222
6822,Fim 80,80 km/h,948,41.14583333333333
33103,Proib. Ultrapassar,60 km/h,951,41.27604166666667
33313,Proib. Ultrapassar,Proibido Veículos,952,41.31944444444444
9646,Proib. Ultrapassar,Proibido Veículos,952,41.31944444444444
9898,Proib. Ultrapassar,Proibido Veículos,953,41.36284722222222
38025,Proib. Ultrapassar,Proibido >3.5t,953,41.36284722222222
9053,Proib. Ultrapassar,Proibido Veículos,953,41.36284722222222
15049,PARE,Dê a Preferência,954,41.40625
9895,Proib. Ultrapassar,Proibido Veículos,954,41.40625
30689,Siga em Frente,Vire à Esquerda,960,41.66666666666667
15148,PARE,Proibido Entrar,962,41.75347222222222
3560,60 km/h,Dê a Preferência,966,41.92708333333333
15111,PARE,Proibido Entrar,966,41.92708333333333
36015,PARE,Proibido Entrar,967,41.97048611111111
29986,60 km/h,Proibido Veículos,969,42.05729166666667
3565,60 km/h,Dê a Preferência,971,42.14409722222222
22661,Vire à Direita,Fim de Proibições,971,42.14409722222222
15881,Proibido Veículos,Fim de Proibições,972,42.1875
24266,Frente ou Direita,Siga em Frente,974,42.27430555555556
15280,PARE,Proibido Entrar,979,42.49131944444444
15086,PARE,Dê a Preferência,979,42.49131944444444
23682,Siga em Frente,Pista Escorregadia,980,42.53472222222222
23683,Siga em Frente,Pista Escorregadia,980,42.53472222222222
36020,Vire à Esquerda,Siga em Frente,981,42.578125
24948,Mantenha-se à Direita,Vire à Esquerda,982,42.62152777777778
23465,Siga em Frente,Via Prioritária,986,42.79513888888889
26672,Vire à Esquerda,Siga em Frente,988,42.88194444444444
33626,Ciclistas,Dê a Preferência,989,42.92534722222222
30575,Mantenha-se à Direita,20 km/h,989,42.92534722222222
12436,Via Prioritária,Obras,991,43.01215277777778
22491,Vire à Direita,Semáforo,991,43.01215277777778
37300,PARE,Proibido Entrar,995,43.18576388888889
22939,Vire à Esquerda,Via Prioritária,997,43.27256944444444
15445,PARE,Dê a Preferência,1000,43.40277777777778
24769,Mantenha-se à Direita,50 km/h,1004,43.57638888888889
25251,Mantenha-se à Direita,Frente ou Esquerda,1005,43.61979166666667
14368,Dê a Preferência,60 km/h,1005,43.61979166666667
21287,Ciclistas,Dê a Preferência,1008,43.75
32064,PARE,Proibido Entrar,1010,43.83680555555556
15103,PARE,Proibido Entrar,1012,43.92361111111111
27372,PARE,Proibido Entrar,1012,43.92361111111111
15427,PARE,Proibido Entrar,1014,44.01041666666667
29297,Obras,50 km/h,1020,44.27083333333333
15029,PARE,Proibido Entrar,1029,44.66145833333333
29458,Fim de Proibições,Mantenha-se à Direita,1034,44.87847222222222
31831,Dê a Preferência,Siga em Frente,1035,44.921875
14838,Dê a Preferência,Siga em Frente,1040,45.13888888888889
24985,Mantenha-se à Direita,Frente ou Esquerda,1041,45.18229166666667
22565,Vire à Direita,Fim de Proibições,1042,45.22569444444444
15059,PARE,Dê a Preferência,1043,45.26909722222222
26484,Fim Proib. >3.5t,Fim Proib. Ultrapassar,1043,45.26909722222222
15322,PARE,Dê a Preferência,1044,45.3125
34563,Fim de Proibições,Mantenha-se à Direita,1047,45.44270833333333
22418,Fim de Proibições,Dê a Preferência,1048,45.48611111111111
14251,Dê a Preferência,Proibido Veículos,1050,45.57291666666667
15323,PARE,Dê a Preferência,1053,45.703125
22425,Fim de Proibições,60 km/h,1056,45.83333333333333
620,30 km/h,Dê a Preferência,1056,45.83333333333333
13765,Dê a Preferência,60 km/h,1059,45.96354166666667
13216,Via Prioritária,Dê a Preferência,1060,46.00694444444444
22353,Fim de Proibições,60 km/h,1065,46.22395833333333
15196,PARE,Dê a Preferência,1069,46.39756944444444
6360,80 km/h,120 km/h,1074,46.61458333333333
15328,PARE,Dê a Preferência,1077,46.74479166666667
15265,PARE,Dê a Preferência,1078,46.78819444444444
15260,PARE,Dê a Preferência,1078,46.78819444444444
22508,Vire à Direita,Frente ou Direita,1081,46.91840277777778
26108,Rotatória,Via Prioritária,1082,46.96180555555556
33522,Proib. Ultrapassar,70 km/h,1085,47.09201388888889
34737,Vire à Esquerda,Siga em Frente,1088,47.22222222222222
17531,Cuidado Geral,Proibido Entrar,1088,47.22222222222222
15324,PARE,Dê a Preferência,1091,47.35243055555556
23631,Siga em Frente,Crianças,1094,47.48263888888889
15261,PARE,Dê a Preferência,1097,47.61284722222222
3213,60 km/h,Dê a Preferência,1105,47.96006944444444
15320,PARE,Dê a Preferência,1115,48.39409722222222
23782,Siga em Frente,Via Prioritária,1119,48.56770833333333
15249,PARE,Dê a Preferência,1119,48.56770833333333
15289,PARE,Dê a Preferência,1122,48.69791666666667
15284,PARE,Proibido Entrar,1124,48.78472222222222
25120,Mantenha-se à Direita,Vire à Direita,1130,49.04513888888889
23393,Siga em Frente,Via Prioritária,1134,49.21875
23468,Siga em Frente,Vire à Direita,1136,49.30555555555556
26899,Proibido Veículos,Proib. P/ >3.5t,1139,49.43576388888889
22411,Fim de Proibições,Dê a Preferência,1143,49.609375
23741,Siga em Frente,Vire à Direita,1144,49.65277777777778
26111,Rotatória,Via Prioritária,1147,49.78298611111111
37339,Obras,60 km/h,1152,50.0
23742,Siga em Frente,Via Prioritária,1153,50.04340277777778
19683,Obras,Dê a Preferência,1154,50.08680555555556
38566,Siga em Frente,Via Prioritária,1154,50.08680555555556
23852,Siga em Frente,Vire à Direita,1156,50.173611111111114
30507,Fim Proib. Ultrapassar,Fim Proib. >3.5t,1156,50.173611111111114
15417,PARE,Dê a Preferência,1157,50.217013888888886
23764,Siga em Frente,Via Prioritária,1158,50.260416666666664
23790,Siga em Frente,Fim Proib. >3.5t,1158,50.260416666666664
35379,Siga em Frente,Via Prioritária,1158,50.260416666666664
23689,Siga em Frente,Pista Escorregadia,1158,50.260416666666664
39263,Siga em Frente,Vire à Direita,1159,50.30381944444444
38416,Siga em Frente,Crianças,1159,50.30381944444444
23627,Siga em Frente,Crianças,1159,50.30381944444444
23349,Siga em Frente,Vire à Direita,1159,50.30381944444444
26382,Fim Proib. Ultrapassar,Mantenha-se à Direita,1160,50.34722222222222
15597,Proibido Veículos,80 km/h,1162,50.43402777777778
24065,Frente ou Direita,Dê a Preferência,1163,50.47743055555556
8959,Proib. Ultrapassar,Proibido Veículos,1163,50.47743055555556
20014,Obras,Dê a Preferência,1166,50.607638888888886
26449,Fim Proib. Ultrapassar,Fim Proib. >3.5t,1169,50.73784722222222
3209,60 km/h,Dê a Preferência,1170,50.78125
9839,Proib. Ultrapassar,Proibido Veículos,1172,50.86805555555556
33401,Siga em Frente,Crianças,1172,50.86805555555556
32561,Siga em Frente,Vire à Direita,1172,50.86805555555556
23396,Siga em Frente,Via Prioritária,1173,50.911458333333336
29341,Siga em Frente,Via Prioritária,1173,50.911458333333336
23376,Siga em Frente,Via Prioritária,1174,50.954861111111114
23755,Siga em Frente,Frente ou Esquerda,1174,50.954861111111114
23978,Siga em Frente,60 km/h,1175,50.998263888888886
23238,Siga em Frente,Frente ou Esquerda,1175,50.998263888888886
23973,Siga em Frente,Frente ou Esquerda,1175,50.998263888888886
23767,Siga em Frente,Vire à Direita,1175,50.998263888888886
22388,Fim de Proibições,Dê a Preferência,1177,51.08506944444444
9288,Proib. Ultrapassar,50 km/h,1177,51.08506944444444
24305,Frente ou Esquerda,Via Prioritária,1180,51.21527777777778
16647,Proibido Entrar,Proib. P/ >3.5t,1181,51.25868055555556
8474,120 km/h,80 km/h,1182,51.302083333333336
23702,Siga em Frente,Frente ou Esquerda,1182,51.302083333333336
8477,120 km/h,80 km/h,1186,51.47569444444444
8479,120 km/h,80 km/h,1186,51.47569444444444
22376,Fim de Proibições,Dê a Preferência,1186,51.47569444444444
18695,Pista Irregular,Proib. P/ >3.5t,1188,51.5625
8008,120 km/h,80 km/h,1188,51.5625
23248,Siga em Frente,Frente ou Esquerda,1188,51.5625
28272,Obras,Ciclistas,1190,51.64930555555556
23989,Siga em Frente,Via Prioritária,1191,51.692708333333336
23509,Siga em Frente,Via Prioritária,1192,51.736111111111114
20130,Obras,30 km/h,1193,51.779513888888886
22430,Fim de Proibições,Dê a Preferência,1202,52.170138888888886
27780,120 km/h,Fim de Proibições,1204,52.25694444444444
23246,Siga em Frente,Frente ou Esquerda,1206,52.34375
23366,Siga em Frente,Via Prioritária,1209,52.473958333333336
24324,Frente ou Esquerda,Vire à Direita,1212,52.604166666666664
23903,Siga em Frente,Vire à Direita,1218,52.864583333333336
21199,Crianças,Dê a Preferência,1219,52.907986111111114
23309,Siga em Frente,Via Prioritária,1222,53.03819444444444
20029,Obras,Dê a Preferência,1228,53.298611111111114
14842,Dê a Preferência,Via Prioritária,1233,53.515625
24075,Frente ou Direita,Fim de Proibições,1237,53.689236111111114
24073,Frente ou Direita,Dê a Preferência,1239,53.776041666666664
26426,Fim Proib. Ultrapassar,60 km/h,1240,53.81944444444444
24274,Frente ou Direita,Dê a Preferência,1240,53.81944444444444
23711,Siga em Frente,Frente ou Esquerda,1241,53.86284722222222
23617,Siga em Frente,Vire à Direita,1242,53.90625
22393,Fim de Proibições,Dê a Preferência,1246,54.079861111111114
23706,Siga em Frente,Frente ou Esquerda,1247,54.123263888888886
38701,Dê a Preferência,50 km/h,1251,54.296875
24360,Frente ou Esquerda,Obras,1251,54.296875
22395,Fim de Proibições,Dê a Preferência,1253,54.38368055555556
24072,Frente ou Direita,30 km/h,1255,54.470486111111114
14225,Dê a Preferência,30 km/h,1265,54.904513888888886
23511,Siga em Frente,Vire à Esquerda,1266,54.947916666666664
36848,Dê a Preferência,Pista Escorregadia,1276,55.38194444444444
24322,Frente ou Esquerda,Vire à Direita,1285,55.77256944444444
23723,Siga em Frente,Mantenha-se à Direita,1286,55.81597222222222
24329,Frente ou Esquerda,Vire à Direita,1287,55.859375
33421,Mantenha-se à Direita,30 km/h,1287,55.859375
30288,Via Prioritária,60 km/h,1290,55.989583333333336
23510,Siga em Frente,Frente ou Direita,1292,56.076388888888886
23124,Vire à Esquerda,Vire à Direita,1295,56.20659722222222
8962,Proib. Ultrapassar,Dê a Preferência,1301,56.467013888888886
26239,Rotatória,100 km/h,1301,56.467013888888886
22748,Vire à Direita,Cuidado Geral,1310,56.857638888888886
31705,Dê a Preferência,60 km/h,1328,57.638888888888886
22633,Vire à Direita,Cuidado Geral,1331,57.76909722222222
13627,Dê a Preferência,60 km/h,1335,57.942708333333336
19526,Obras,Dê a Preferência,1339,58.11631944444444
24315,Frente ou Esquerda,Mantenha-se à Direita,1347,58.463541666666664
8799,120 km/h,30 km/h,1358,58.94097222222222
14163,Dê a Preferência,60 km/h,1360,59.02777777777778
9566,Proib. Ultrapassar,Proibido Veículos,1365,59.244791666666664
36019,Vire à Direita,70 km/h,1370,59.46180555555556
16362,Proibido Entrar,Obras,1375,59.67881944444444
21253,Ciclistas,30 km/h,1386,60.15625
13546,Via Prioritária,Dê a Preferência,1394,60.50347222222222
14686,Dê a Preferência,60 km/h,1398,60.677083333333336
13766,Dê a Preferência,60 km/h,1401,60.807291666666664
25608,Mantenha-se à Direita,Frente ou Esquerda,1416,61.458333333333336
16423,Proibido Entrar,Pista Escorregadia,1419,61.588541666666664
16360,Proibido Entrar,Obras,1426,61.892361111111114
16669,Proibido Entrar,Proib. P/ >3.5t,1436,62.326388888888886
25038,Mantenha-se à Direita,Fim Proib. >3.5t,1448,62.84722222222222
14175,Dê a Preferência,80 km/h,1451,62.97743055555556
24457,Mantenha-se à Direita,Vire à Direita,1451,62.97743055555556
24460,Mantenha-se à Direita,60 km/h,1452,63.020833333333336
12495,Via Prioritária,Proibido Entrar,1458,63.28125
22486,Vire à Direita,70 km/h,1461,63.411458333333336
26124,Rotatória,100 km/h,1462,63.454861111111114
16368,Proibido Entrar,30 km/h,1465,63.58506944444444
32210,Dê a Preferência,Proibido Veículos,1466,63.62847222222222
14229,Dê a Preferência,Via Prioritária,1466,63.62847222222222
14223,Dê a Preferência,Fim de Proibições,1466,63.62847222222222
16361,Proibido Entrar,Ciclistas,1467,63.671875
16386,Proibido Entrar,Estreitamento (D),1469,63.75868055555556
16450,Proibido Entrar,Obras,1470,63.802083333333336
16699,Proibido Entrar,Obras,1470,63.802083333333336
14193,Dê a Preferência,70 km/h,1473,63.932291666666664
29264,Dê a Preferência,80 km/h,1474,63.97569444444444
16686,Proibido Entrar,Obras,1474,63.97569444444444
14617,Dê a Preferência,70 km/h,1475,64.01909722222221
16718,Proibido Entrar,Obras,1475,64.01909722222221
38997,Dê a Preferência,70 km/h,1475,64.01909722222221
16695,Proibido Entrar,Obras,1475,64.01909722222221
35212,Proibido Entrar,Obras,1475,64.01909722222221
16663,Proibido Entrar,Obras,1475,64.01909722222221
14875,Dê a Preferência,70 km/h,1475,64.01909722222221
32042,Dê a Preferência,70 km/h,1475,64.01909722222221
37523,Dê a Preferência,70 km/h,1475,64.01909722222221
14697,Dê a Preferência,70 km/h,1475,64.01909722222221
16672,Proibido Entrar,Obras,1475,64.01909722222221
14872,Dê a Preferência,70 km/h,1475,64.01909722222221
16573,Proibido Entrar,Obras,1475,64.01909722222221
16772,Proibido Entrar,Obras,1476,64.0625
16583,Proibido Entrar,Obras,1476,64.0625
36276,Dê a Preferência,Via Prioritária,1476,64.0625
14219,Dê a Preferência,80 km/h,1477,64.10590277777779
13267,Via Prioritária,Fim Proib. >3.5t,1477,64.10590277777779
16969,Proibido Entrar,Obras,1479,64.19270833333334
13540,Via Prioritária,Obras,1485,64.453125
26553,Fim Proib. >3.5t,Via Prioritária,1486,64.49652777777779
13749,Dê a Preferência,80 km/h,1486,64.49652777777779
16998,Proibido Entrar,Estreitamento (D),1488,64.58333333333334
16792,Proibido Entrar,Obras,1488,64.58333333333334
30724,Via Prioritária,Proibido Entrar,1499,65.06076388888889
13565,Dê a Preferência,Proibido Entrar,1500,65.10416666666666
13194,Via Prioritária,Obras,1500,65.10416666666666
16571,Proibido Entrar,Obras,1500,65.10416666666666
16459,Proibido Entrar,Obras,1500,65.10416666666666
37819,Via Prioritária,Proibido Entrar,1501,65.14756944444444
37665,Proibido Entrar,30 km/h,1502,65.19097222222221
28170,Dê a Preferência,Proibido Veículos,1504,65.27777777777779
27640,Proibido Entrar,Obras,1504,65.27777777777779
37653,Via Prioritária,Proib. P/ >3.5t,1505,65.32118055555556
36247,Proibido Entrar,30 km/h,1507,65.40798611111111
12921,Via Prioritária,Obras,1508,65.45138888888889
16469,Proibido Entrar,20 km/h,1510,65.53819444444444
16722,Proibido Entrar,Obras,1514,65.71180555555556
35494,Proibido Entrar,Obras,1514,65.71180555555556
16466,Proibido Entrar,Estreitamento (D),1519,65.92881944444444
12179,Via Prioritária,Proibido Entrar,1521,66.015625
13370,Via Prioritária,80 km/h,1522,66.05902777777779
14577,Dê a Preferência,Proibido Veículos,1525,66.18923611111111
31551,Proibido Entrar,Ciclistas,1526,66.23263888888889
37011,Proibido Entrar,Obras,1527,66.27604166666666
16778,Proibido Entrar,Obras,1532,66.49305555555556
13285,Via Prioritária,Neve/Gelo,1535,66.62326388888889
16435,Proibido Entrar,Obras,1536,66.66666666666666
16518,Proibido Entrar,Obras,1536,66.66666666666666
16760,Proibido Entrar,Obras,1537,66.71006944444444
16759,Proibido Entrar,Obras,1537,66.71006944444444
16467,Proibido Entrar,20 km/h,1538,66.75347222222221
16654,Proibido Entrar,Obras,1538,66.75347222222221
12413,Via Prioritária,Proib. P/ >3.5t,1538,66.75347222222221
16494,Proibido Entrar,Obras,1539,66.796875
16720,Proibido Entrar,Obras,1545,67.05729166666666
14267,Dê a Preferência,Proibido Entrar,1545,67.05729166666666
16725,Proibido Entrar,Obras,1545,67.05729166666666
29843,Dê a Preferência,Proibido Entrar,1545,67.05729166666666
38567,Proibido Entrar,Obras,1550,67.27430555555556
37610,Via Prioritária,Proibido Entrar,1550,67.27430555555556
37564,Proibido Entrar,Obras,1555,67.49131944444444
29705,Proibido Entrar,Obras,1556,67.53472222222221
16522,Proibido Entrar,Ciclistas,1557,67.578125
14144,Dê a Preferência,80 km/h,1567,68.01215277777779
16504,Proibido Entrar,Obras,1569,68.09895833333334
16509,Proibido Entrar,30 km/h,1570,68.14236111111111
16731,Proibido Entrar,80 km/h,1573,68.27256944444444
16887,Proibido Entrar,80 km/h,1573,68.27256944444444
16516,Proibido Entrar,Dê a Preferência,1573,68.27256944444444
38436,Proibido Entrar,Obras,1573,68.27256944444444
16769,Proibido Entrar,Obras,1573,68.27256944444444
30350,Proibido Entrar,Estreitamento (D),1575,68.359375
36160,Proibido Entrar,Obras,1578,68.48958333333334
27569,Proibido Entrar,30 km/h,1578,68.48958333333334
36682,Proibido Entrar,Obras,1579,68.53298611111111
30319,Proibido Entrar,Ciclistas,1580,68.57638888888889
16732,Proibido Entrar,Proibido Veículos,1583,68.70659722222221
14650,Dê a Preferência,Via Prioritária,1603,69.57465277777779
25049,Mantenha-se à Direita,Neve/Gelo,1604,69.61805555555556
14935,Dê a Preferência,Vire à Direita,1617,70.18229166666666
38278,Dê a Preferência,80 km/h,1621,70.35590277777779
14131,Dê a Preferência,80 km/h,1631,70.78993055555556
26472,Fim Proib. >3.5t,Vire à Direita,1641,71.22395833333334
24338,Frente ou Esquerda,Via Prioritária,1691,73.39409722222221
20138,Obras,Vire à Direita,1693,73.48090277777779
26301,Fim Proib. Ultrapassar,Fim Proib. >3.5t,1704,73.95833333333334
12174,Via Prioritária,Obras,1711,74.26215277777779
31170,Via Prioritária,Dê a Preferência,1735,75.30381944444444
12411,Via Prioritária,Dê a Preferência,1735,75.30381944444444
10424,Proib. P/ >3.5t,80 km/h,1736,75.34722222222221
13569,Dê a Preferência,Fim de Proibições,1737,75.390625
29181,Via Prioritária,Dê a Preferência,1738,75.43402777777779
34071,Via Prioritária,Dê a Preferência,1740,75.52083333333334
12416,Via Prioritária,Dê a Preferência,1747,75.82465277777779
10448,Proib. P/ >3.5t,80 km/h,1748,75.86805555555556
38256,Mantenha-se à Direita,Dê a Preferência,1750,75.95486111111111
24827,Mantenha-se à Direita,Frente ou Esquerda,1751,75.99826388888889
36364,80 km/h,70 km/h,1752,76.04166666666666
29449,Mantenha-se à Direita,Obras,1753,76.08506944444444
25657,Mantenha-se à Direita,Obras,1753,76.08506944444444
10961,Proib. P/ >3.5t,80 km/h,1754,76.12847222222221
31001,Proib. P/ >3.5t,Via Prioritária,1756,76.21527777777779
25667,Mantenha-se à Direita,Obras,1758,76.30208333333334
25004,Mantenha-se à Direita,Vire à Direita,1758,76.30208333333334
24920,Mantenha-se à Direita,Dê a Preferência,1761,76.43229166666666
5544,80 km/h,120 km/h,1763,76.51909722222221
25142,Mantenha-se à Direita,Dê a Preferência,1763,76.51909722222221
24823,Mantenha-se à Direita,Frente ou Esquerda,1766,76.64930555555556
25589,Mantenha-se à Direita,Dê a Preferência,1767,76.69270833333334
24480,Mantenha-se à Direita,Dê a Preferência,1769,76.77951388888889
26237,Rotatória,Mantenha-se à Direita,1769,76.77951388888889
25174,Mantenha-se à Direita,Obras,1777,77.12673611111111
25610,Mantenha-se à Direita,Obras,1777,77.12673611111111
25180,Mantenha-se à Direita,Dê a Preferência,1779,77.21354166666666
36013,Mantenha-se à Direita,30 km/h,1780,77.25694444444444
27807,Mantenha-se à Direita,Vire à Direita,1782,77.34375
25650,Mantenha-se à Direita,30 km/h,1782,77.34375
25186,Mantenha-se à Direita,Dê a Preferência,1782,77.34375
39169,Mantenha-se à Direita,Obras,1782,77.34375
37891,Mantenha-se à Direita,Vire à Direita,1785,77.47395833333334
25163,Mantenha-se à Direita,Fim de Proibições,1787,77.56076388888889
25674,Mantenha-se à Direita,Obras,1787,77.56076388888889
33053,Mantenha-se à Direita,Fim de Proibições,1787,77.56076388888889
31787,Mantenha-se à Direita,Frente ou Esquerda,1788,77.60416666666666
39028,Mantenha-se à Direita,Frente ou Esquerda,1789,77.64756944444444
25652,Mantenha-se à Direita,Obras,1789,77.64756944444444
33051,Mantenha-se à Direita,Frente ou Esquerda,1790,77.69097222222221
22743,Vire à Direita,Cuidado Geral,1790,77.69097222222221
35394,Mantenha-se à Direita,Dê a Preferência,1792,77.77777777777779
24620,Mantenha-se à Direita,Dê a Preferência,1793,77.82118055555556
24590,Mantenha-se à Direita,Dê a Preferência,1794,77.86458333333334
31821,Mantenha-se à Direita,Frente ou Esquerda,1794,77.86458333333334
25287,Mantenha-se à Direita,Dê a Preferência,1795,77.90798611111111
25654,Mantenha-se à Direita,30 km/h,1795,77.90798611111111
24964,Mantenha-se à Direita,Dê a Preferência,1795,77.90798611111111
25288,Mantenha-se à Direita,Frente ou Esquerda,1795,77.90798611111111
24499,Mantenha-se à Direita,Fim Proib. >3.5t,1796,77.95138888888889
29248,Vire à Direita,Mantenha-se à Direita,1804,78.29861111111111
22515,Vire à Direita,Via Prioritária,1807,78.42881944444444
22525,Vire à Direita,Via Prioritária,1808,78.47222222222221
25277,Mantenha-se à Direita,Frente ou Esquerda,1809,78.515625
24504,Mantenha-se à Direita,Vire à Direita,1812,78.64583333333334
25253,Mantenha-se à Direita,Vire à Direita,1813,78.68923611111111
27105,Mantenha-se à Direita,Vire à Direita,1827,79.296875
13888,Dê a Preferência,Proibido Veículos,1830,79.42708333333334
22527,Vire à Direita,Mantenha-se à Direita,1832,79.51388888888889
14923,Dê a Preferência,80 km/h,1842,79.94791666666666
5601,80 km/h,Vire à Direita,1852,80.38194444444444
14248,Dê a Preferência,Proibido Veículos,1852,80.38194444444444
14237,Dê a Preferência,Proibido Entrar,1852,80.38194444444444
21271,Ciclistas,Proibido Entrar,1856,80.55555555555556
14780,Dê a Preferência,60 km/h,1888,81.94444444444444
38245,Dê a Preferência,80 km/h,1894,82.20486111111111
22561,Vire à Direita,Via Prioritária,1915,83.11631944444444
28361,Dê a Preferência,60 km/h,1959,85.02604166666666
32553,Vire à Direita,30 km/h,2022,87.76041666666666
14913,Dê a Preferência,60 km/h,2067,89.71354166666666
28022,Dê a Preferência,Proibido Entrar,2108,91.49305555555556
19604,Obras,60 km/h,2125,92.23090277777779
19601,Obras,60 km/h,2144,93.05555555555556
19598,Obras,60 km/h,2175,94.40104166666666
14912,Dê a Preferência,Fim de Proibições,2277,98.828125
14914,Dê a Preferência,Fim de Proibições,2280,98.95833333333334
14911,Dê a Preferência,Fim de Proibições,2281,99.00173611111111
