image_id,true_label,final_prediction,pixels_changed,pixels_changed_percent
32174,100 km/h,80 km/h,1,0.043402777777777776
7172,100 km/h,70 km/h,1,0.043402777777777776
34524,Neve/Gelo,Obras,1,0.043402777777777776
34913,100 km/h,120 km/h,1,0.043402777777777776
7114,100 km/h,70 km/h,1,0.043402777777777776
33919,Via Prioritária,50 km/h,1,0.043402777777777776
36606,Animais Selvagens,Cuidado Geral,1,0.043402777777777776
7138,100 km/h,70 km/h,2,0.08680555555555555
22055,Animais Selvagens,Obras,2,0.08680555555555555
29655,Animais Selvagens,Obras,2,0.08680555555555555
22052,Animais Selvagens,Obras,2,0.08680555555555555
29003,Animais Selvagens,Obras,2,0.08680555555555555
7111,100 km/h,70 km/h,2,0.08680555555555555
35184,Mantenha-se à Esquerda,Vire à Direita,2,0.08680555555555555
37126,100 km/h,80 km/h,2,0.08680555555555555
5764,80 km/h,60 km/h,2,0.08680555555555555
4830,70 km/h,60 km/h,2,0.08680555555555555
38485,Proib. Ultrapassar,Proibido >3.5t,2,0.08680555555555555
29161,Proibido Veículos,50 km/h,2,0.08680555555555555
30981,Via Prioritária,50 km/h,2,0.08680555555555555
28452,Via Prioritária,Dê a Preferência,2,0.08680555555555555
32827,80 km/h,60 km/h,2,0.08680555555555555
34557,Pista Irregular,Semáforo,2,0.08680555555555555
36818,Proibido Veículos,50 km/h,2,0.08680555555555555
5882,80 km/h,50 km/h,2,0.08680555555555555
6154,80 km/h,60 km/h,2,0.08680555555555555
32123,100 km/h,120 km/h,2,0.08680555555555555
21775,Animais Selvagens,Obras,2,0.08680555555555555
26950,Curva Perigosa (E),Curva Dupla,2,0.08680555555555555
22070,Animais Selvagens,Obras,3,0.13020833333333331
27564,Curva Perigosa (E),Curva Dupla,3,0.13020833333333331
8035,120 km/h,70 km/h,3,0.13020833333333331
3505,60 km/h,80 km/h,3,0.13020833333333331
33650,Curva Perigosa (E),Curva Dupla,3,0.13020833333333331
6562,80 km/h,60 km/h,3,0.13020833333333331
7178,100 km/h,120 km/h,3,0.13020833333333331
7152,100 km/h,120 km/h,3,0.13020833333333331
29623,100 km/h,120 km/h,3,0.13020833333333331
39268,100 km/h,120 km/h,3,0.13020833333333331
20454,Semáforo,Cuidado Geral,3,0.13020833333333331
31752,PARE,Proibido Veículos,3,0.13020833333333331
38616,Pista Irregular,Obras,3,0.13020833333333331
4123,70 km/h,50 km/h,3,0.13020833333333331
4126,70 km/h,50 km/h,3,0.13020833333333331
35553,Mantenha-se à Direita,120 km/h,3,0.13020833333333331
7108,100 km/h,120 km/h,3,0.13020833333333331
7160,100 km/h,120 km/h,3,0.13020833333333331
27058,Proib. Ultrapassar,Proibido >3.5t,3,0.13020833333333331
34353,Fim 80,100 km/h,3,0.13020833333333331
35419,Siga em Frente,Vire à Direita,3,0.13020833333333331
4125,70 km/h,50 km/h,3,0.13020833333333331
9726,Proib. Ultrapassar,Proib. P/ >3.5t,3,0.13020833333333331
4272,70 km/h,50 km/h,3,0.13020833333333331
7185,100 km/h,120 km/h,3,0.13020833333333331
30880,100 km/h,120 km/h,3,0.13020833333333331
7117,100 km/h,120 km/h,3,0.13020833333333331
9121,Proib. Ultrapassar,Proib. P/ >3.5t,3,0.13020833333333331
22208,Animais Selvagens,Obras,3,0.13020833333333331
22061,Animais Selvagens,Pista Irregular,3,0.13020833333333331
29870,Animais Selvagens,Pista Escorregadia,3,0.13020833333333331
22056,Animais Selvagens,Obras,3,0.13020833333333331
33068,100 km/h,120 km/h,3,0.13020833333333331
7262,100 km/h,70 km/h,3,0.13020833333333331
7177,100 km/h,120 km/h,3,0.13020833333333331
31429,100 km/h,120 km/h,3,0.13020833333333331
3497,60 km/h,80 km/h,3,0.13020833333333331
27574,30 km/h,50 km/h,3,0.13020833333333331
6556,80 km/h,60 km/h,3,0.13020833333333331
6179,80 km/h,60 km/h,3,0.13020833333333331
28395,80 km/h,60 km/h,4,0.1736111111111111
6127,80 km/h,60 km/h,4,0.1736111111111111
33195,100 km/h,80 km/h,4,0.1736111111111111
35996,Proibido >3.5t,60 km/h,4,0.1736111111111111
35382,30 km/h,80 km/h,4,0.1736111111111111
28178,80 km/h,60 km/h,4,0.1736111111111111
5859,80 km/h,60 km/h,4,0.1736111111111111
6610,80 km/h,60 km/h,4,0.1736111111111111
8758,120 km/h,80 km/h,4,0.1736111111111111
29365,Siga em Frente,Vire à Direita,4,0.1736111111111111
31414,Animais Selvagens,Obras,4,0.1736111111111111
5775,80 km/h,60 km/h,4,0.1736111111111111
8701,120 km/h,80 km/h,4,0.1736111111111111
28931,PARE,Proibido Entrar,4,0.1736111111111111
16029,Proibido >3.5t,60 km/h,4,0.1736111111111111
9846,Proib. Ultrapassar,60 km/h,4,0.1736111111111111
5851,80 km/h,60 km/h,4,0.1736111111111111
34605,Proibido Veículos,50 km/h,4,0.1736111111111111
27466,Proibido Veículos,30 km/h,4,0.1736111111111111
22068,Animais Selvagens,Obras,4,0.1736111111111111
35700,Proibido Veículos,50 km/h,4,0.1736111111111111
19830,Obras,80 km/h,4,0.1736111111111111
37894,Animais Selvagens,Obras,4,0.1736111111111111
36409,Neve/Gelo,Obras,4,0.1736111111111111
6203,80 km/h,60 km/h,4,0.1736111111111111
31355,Proibido >3.5t,60 km/h,4,0.1736111111111111
29667,120 km/h,60 km/h,4,0.1736111111111111
34120,Animais Selvagens,Pista Escorregadia,4,0.1736111111111111
7216,100 km/h,120 km/h,4,0.1736111111111111
35629,30 km/h,80 km/h,4,0.1736111111111111
577,30 km/h,80 km/h,4,0.1736111111111111
398,30 km/h,80 km/h,4,0.1736111111111111
28889,100 km/h,120 km/h,4,0.1736111111111111
7412,100 km/h,120 km/h,4,0.1736111111111111
21814,Animais Selvagens,Obras,4,0.1736111111111111
34678,Animais Selvagens,Cuidado Geral,4,0.1736111111111111
29119,Animais Selvagens,Curva Perigosa (D),4,0.1736111111111111
7187,100 km/h,120 km/h,4,0.1736111111111111
36336,100 km/h,120 km/h,4,0.1736111111111111
7149,100 km/h,120 km/h,4,0.1736111111111111
7289,100 km/h,120 km/h,4,0.1736111111111111
30276,100 km/h,120 km/h,4,0.1736111111111111
7086,100 km/h,120 km/h,4,0.1736111111111111
7742,100 km/h,120 km/h,4,0.1736111111111111
7190,100 km/h,120 km/h,4,0.1736111111111111
18567,Pista Irregular,Ciclistas,4,0.1736111111111111
8375,120 km/h,70 km/h,4,0.1736111111111111
33185,120 km/h,80 km/h,4,0.1736111111111111
30300,120 km/h,60 km/h,4,0.1736111111111111
35994,Proibido Veículos,50 km/h,4,0.1736111111111111
22207,Animais Selvagens,Obras,4,0.1736111111111111
32456,Animais Selvagens,80 km/h,4,0.1736111111111111
4254,70 km/h,50 km/h,4,0.1736111111111111
29848,30 km/h,80 km/h,4,0.1736111111111111
29454,Mantenha-se à Esquerda,Vire à Direita,4,0.1736111111111111
7243,100 km/h,120 km/h,4,0.1736111111111111
31395,100 km/h,80 km/h,4,0.1736111111111111
7934,100 km/h,120 km/h,4,0.1736111111111111
5776,80 km/h,60 km/h,4,0.1736111111111111
7912,100 km/h,120 km/h,4,0.1736111111111111
390,30 km/h,80 km/h,4,0.1736111111111111
846,30 km/h,70 km/h,5,0.2170138888888889
7359,100 km/h,30 km/h,5,0.2170138888888889
5041,70 km/h,80 km/h,5,0.2170138888888889
531,30 km/h,50 km/h,5,0.2170138888888889
37491,Proib. P/ >3.5t,80 km/h,5,0.2170138888888889
786,30 km/h,80 km/h,5,0.2170138888888889
6207,80 km/h,60 km/h,5,0.2170138888888889
34488,Rotatória,Siga em Frente,5,0.2170138888888889
9719,Proib. Ultrapassar,80 km/h,5,0.2170138888888889
22182,Animais Selvagens,Obras,5,0.2170138888888889
37762,60 km/h,80 km/h,5,0.2170138888888889
1115,30 km/h,80 km/h,5,0.2170138888888889
21902,Animais Selvagens,Pista Escorregadia,5,0.2170138888888889
18559,Pista Irregular,Obras,5,0.2170138888888889
7134,100 km/h,70 km/h,5,0.2170138888888889
21851,Animais Selvagens,Pista Escorregadia,5,0.2170138888888889
31092,Animais Selvagens,80 km/h,5,0.2170138888888889
9856,Proib. Ultrapassar,Proib. P/ >3.5t,5,0.2170138888888889
7476,100 km/h,120 km/h,5,0.2170138888888889
22197,Animais Selvagens,Curva Dupla,5,0.2170138888888889
22188,Animais Selvagens,Curva Dupla,5,0.2170138888888889
426,30 km/h,80 km/h,5,0.2170138888888889
35815,80 km/h,60 km/h,5,0.2170138888888889
31050,Fim 80,80 km/h,5,0.2170138888888889
29702,Pista Irregular,Ciclistas,5,0.2170138888888889
27822,Animais Selvagens,Curva Perigosa (D),5,0.2170138888888889
22201,Animais Selvagens,Obras,5,0.2170138888888889
29959,Prioridade Cruzamento,Obras,5,0.2170138888888889
37040,100 km/h,80 km/h,5,0.2170138888888889
18558,Pista Irregular,Obras,5,0.2170138888888889
35783,120 km/h,70 km/h,5,0.2170138888888889
32088,Proibido Veículos,20 km/h,5,0.2170138888888889
32947,Proibido Veículos,70 km/h,5,0.2170138888888889
15729,Proibido Veículos,70 km/h,5,0.2170138888888889
172,30 km/h,50 km/h,5,0.2170138888888889
28684,60 km/h,80 km/h,5,0.2170138888888889
33597,60 km/h,80 km/h,5,0.2170138888888889
22028,Animais Selvagens,Obras,5,0.2170138888888889
22204,Animais Selvagens,Obras,5,0.2170138888888889
29322,Neve/Gelo,Crianças,5,0.2170138888888889
7441,100 km/h,120 km/h,5,0.2170138888888889
35851,Proib. Ultrapassar,Proib. P/ >3.5t,5,0.2170138888888889
7213,100 km/h,120 km/h,5,0.2170138888888889
19984,Obras,80 km/h,6,0.26041666666666663
16038,Proibido >3.5t,60 km/h,6,0.26041666666666663
16033,Proibido >3.5t,60 km/h,6,0.26041666666666663
31953,Neve/Gelo,Prioridade Cruzamento,6,0.26041666666666663
9600,Proib. Ultrapassar,Proib. P/ >3.5t,6,0.26041666666666663
29295,Neve/Gelo,Crianças,6,0.26041666666666663
28158,Proibido >3.5t,60 km/h,6,0.26041666666666663
485,30 km/h,50 km/h,6,0.26041666666666663
27306,PARE,60 km/h,6,0.26041666666666663
39095,Proibido >3.5t,60 km/h,6,0.26041666666666663
3720,60 km/h,80 km/h,6,0.26041666666666663
37826,120 km/h,80 km/h,6,0.26041666666666663
1111,30 km/h,80 km/h,6,0.26041666666666663
27563,30 km/h,80 km/h,6,0.26041666666666663
20456,Semáforo,Cuidado Geral,6,0.26041666666666663
20438,Semáforo,Cuidado Geral,6,0.26041666666666663
18643,Pista Irregular,Obras,6,0.26041666666666663
4253,70 km/h,50 km/h,6,0.26041666666666663
30202,80 km/h,100 km/h,6,0.26041666666666663
6186,80 km/h,60 km/h,6,0.26041666666666663
34088,Neve/Gelo,Crianças,6,0.26041666666666663
35956,PARE,Proibido Veículos,6,0.26041666666666663
28445,Crianças,120 km/h,6,0.26041666666666663
7898,100 km/h,120 km/h,6,0.26041666666666663
35699,Proibido Veículos,30 km/h,6,0.26041666666666663
28557,Proibido >3.5t,80 km/h,6,0.26041666666666663
7620,100 km/h,120 km/h,6,0.26041666666666663
38565,Neve/Gelo,Crianças,6,0.26041666666666663
8117,120 km/h,80 km/h,6,0.26041666666666663
4274,70 km/h,50 km/h,6,0.26041666666666663
29492,Animais Selvagens,Obras,6,0.26041666666666663
6226,80 km/h,60 km/h,6,0.26041666666666663
11250,Prioridade Cruzamento,Dê a Preferência,6,0.26041666666666663
4279,70 km/h,50 km/h,6,0.26041666666666663
29000,Neve/Gelo,Crianças,6,0.26041666666666663
18648,Pista Irregular,Obras,6,0.26041666666666663
34675,Proib. Ultrapassar,Proibido >3.5t,6,0.26041666666666663
28426,Animais Selvagens,Proib. P/ >3.5t,6,0.26041666666666663
22180,Animais Selvagens,Curva Dupla,6,0.26041666666666663
34923,Animais Selvagens,80 km/h,6,0.26041666666666663
21969,Animais Selvagens,Obras,6,0.26041666666666663
39200,Proib. Ultrapassar,Proibido >3.5t,6,0.26041666666666663
30014,Proibido Veículos,30 km/h,6,0.26041666666666663
22001,Animais Selvagens,Obras,6,0.26041666666666663
32062,Animais Selvagens,Obras,6,0.26041666666666663
7414,100 km/h,120 km/h,6,0.26041666666666663
11323,Prioridade Cruzamento,Cuidado Geral,6,0.26041666666666663
5677,80 km/h,60 km/h,6,0.26041666666666663
22213,Animais Selvagens,Curva Dupla,6,0.26041666666666663
22190,Animais Selvagens,Curva Dupla,6,0.26041666666666663
376,30 km/h,50 km/h,6,0.26041666666666663
32922,100 km/h,120 km/h,6,0.26041666666666663
9868,Proib. Ultrapassar,Proibido >3.5t,6,0.26041666666666663
27674,Proib. P/ >3.5t,Via Prioritária,6,0.26041666666666663
21805,Animais Selvagens,Obras,6,0.26041666666666663
28942,Via Prioritária,30 km/h,6,0.26041666666666663
8634,120 km/h,Proibido Veículos,6,0.26041666666666663
7493,100 km/h,120 km/h,6,0.26041666666666663
19858,Obras,Crianças,7,0.3038194444444445
35292,30 km/h,80 km/h,7,0.3038194444444445
27793,30 km/h,70 km/h,7,0.3038194444444445
7426,100 km/h,120 km/h,7,0.3038194444444445
7415,100 km/h,120 km/h,7,0.3038194444444445
23077,Vire à Esquerda,120 km/h,7,0.3038194444444445
34200,Proib. Ultrapassar,Proib. P/ >3.5t,7,0.3038194444444445
7896,100 km/h,120 km/h,7,0.3038194444444445
1355,30 km/h,80 km/h,7,0.3038194444444445
21831,Animais Selvagens,Proib. P/ >3.5t,7,0.3038194444444445
22219,Animais Selvagens,Obras,7,0.3038194444444445
39113,Animais Selvagens,Neve/Gelo,7,0.3038194444444445
1116,30 km/h,50 km/h,7,0.3038194444444445
16051,Proibido >3.5t,60 km/h,7,0.3038194444444445
7897,100 km/h,120 km/h,7,0.3038194444444445
7424,100 km/h,120 km/h,7,0.3038194444444445
30468,100 km/h,120 km/h,7,0.3038194444444445
7474,100 km/h,120 km/h,7,0.3038194444444445
7431,100 km/h,120 km/h,7,0.3038194444444445
33341,Proibido Veículos,30 km/h,7,0.3038194444444445
38433,Proib. Ultrapassar,Proib. P/ >3.5t,7,0.3038194444444445
30985,Proibido Veículos,30 km/h,7,0.3038194444444445
17024,Cuidado Geral,Prioridade Cruzamento,7,0.3038194444444445
33357,Cuidado Geral,80 km/h,7,0.3038194444444445
28512,Proib. Ultrapassar,Proib. P/ >3.5t,7,0.3038194444444445
17029,Cuidado Geral,Prioridade Cruzamento,7,0.3038194444444445
8924,Proib. Ultrapassar,Proib. P/ >3.5t,7,0.3038194444444445
21905,Animais Selvagens,Obras,7,0.3038194444444445
18633,Pista Irregular,Obras,7,0.3038194444444445
18662,Pista Irregular,Ciclistas,7,0.3038194444444445
27621,100 km/h,120 km/h,7,0.3038194444444445
27665,Neve/Gelo,Curva Perigosa (D),7,0.3038194444444445
33395,Proib. P/ >3.5t,60 km/h,7,0.3038194444444445
38883,Proibido Veículos,30 km/h,7,0.3038194444444445
29439,120 km/h,70 km/h,7,0.3038194444444445
34188,Via Prioritária,30 km/h,7,0.3038194444444445
16039,Proibido >3.5t,60 km/h,7,0.3038194444444445
32298,Frente ou Esquerda,Siga em Frente,7,0.3038194444444445
29239,Neve/Gelo,Crianças,7,0.3038194444444445
1089,30 km/h,80 km/h,7,0.3038194444444445
16060,Proibido >3.5t,60 km/h,7,0.3038194444444445
7454,100 km/h,120 km/h,7,0.3038194444444445
31539,100 km/h,120 km/h,7,0.3038194444444445
1508,30 km/h,60 km/h,7,0.3038194444444445
22324,Fim de Proibições,70 km/h,7,0.3038194444444445
488,30 km/h,70 km/h,7,0.3038194444444445
3731,60 km/h,80 km/h,8,0.3472222222222222
17961,Curva Perigosa (E),Neve/Gelo,8,0.3472222222222222
29533,Pista Irregular,Obras,8,0.3472222222222222
26959,70 km/h,120 km/h,8,0.3472222222222222
10566,Proib. P/ >3.5t,80 km/h,8,0.3472222222222222
34951,30 km/h,80 km/h,8,0.3472222222222222
8611,120 km/h,80 km/h,8,0.3472222222222222
33821,Pista Irregular,Ciclistas,8,0.3472222222222222
6335,80 km/h,60 km/h,8,0.3472222222222222
6350,80 km/h,60 km/h,8,0.3472222222222222
17948,Curva Perigosa (E),Neve/Gelo,8,0.3472222222222222
7440,100 km/h,70 km/h,8,0.3472222222222222
1023,30 km/h,60 km/h,8,0.3472222222222222
29059,Animais Selvagens,Obras,8,0.3472222222222222
31712,Proibido >3.5t,80 km/h,8,0.3472222222222222
31175,Cuidado Geral,Crianças,8,0.3472222222222222
36820,80 km/h,50 km/h,8,0.3472222222222222
30670,Fim 80,80 km/h,8,0.3472222222222222
8125,120 km/h,80 km/h,8,0.3472222222222222
8051,120 km/h,80 km/h,8,0.3472222222222222
19999,Obras,Crianças,8,0.3472222222222222
33129,Proibido Veículos,30 km/h,8,0.3472222222222222
7242,100 km/h,120 km/h,8,0.3472222222222222
6723,Fim 80,80 km/h,8,0.3472222222222222
22196,Animais Selvagens,Obras,8,0.3472222222222222
36323,70 km/h,80 km/h,8,0.3472222222222222
28833,Prioridade Cruzamento,Dê a Preferência,8,0.3472222222222222
28146,30 km/h,80 km/h,8,0.3472222222222222
19987,Obras,80 km/h,8,0.3472222222222222
16059,Proibido >3.5t,80 km/h,8,0.3472222222222222
28430,Rotatória,Vire à Direita,8,0.3472222222222222
1150,30 km/h,80 km/h,9,0.390625
333,30 km/h,70 km/h,9,0.390625
28695,30 km/h,80 km/h,9,0.390625
1021,30 km/h,60 km/h,9,0.390625
33301,Via Prioritária,30 km/h,9,0.390625
38153,30 km/h,80 km/h,9,0.390625
20002,Obras,Crianças,9,0.390625
6353,80 km/h,60 km/h,9,0.390625
6578,80 km/h,60 km/h,9,0.390625
6225,80 km/h,60 km/h,9,0.390625
22198,Animais Selvagens,Curva Dupla,9,0.390625
35378,Pista Irregular,Obras,9,0.390625
22194,Animais Selvagens,Obras,9,0.390625
9120,Proib. Ultrapassar,Proib. P/ >3.5t,9,0.390625
8243,120 km/h,100 km/h,9,0.390625
29973,Animais Selvagens,Obras,9,0.390625
31264,120 km/h,80 km/h,9,0.390625
7945,100 km/h,120 km/h,9,0.390625
21649,Neve/Gelo,Crianças,9,0.390625
29562,100 km/h,120 km/h,9,0.390625
30303,Animais Selvagens,Curva Perigosa (D),9,0.390625
18393,Curva Dupla,Estreitamento (D),9,0.390625
21816,Animais Selvagens,80 km/h,9,0.390625
15786,Proibido Veículos,60 km/h,9,0.390625
8138,120 km/h,80 km/h,9,0.390625
8352,120 km/h,80 km/h,9,0.390625
34311,80 km/h,30 km/h,9,0.390625
3736,60 km/h,80 km/h,9,0.390625
5868,80 km/h,60 km/h,9,0.390625
35472,Fim Proib. Ultrapassar,Fim Proib. >3.5t,9,0.390625
37532,Fim Proib. Ultrapassar,Fim Proib. >3.5t,9,0.390625
17222,Cuidado Geral,Crianças,9,0.390625
29143,Mantenha-se à Esquerda,70 km/h,9,0.390625
26749,70 km/h,80 km/h,9,0.390625
16065,Proibido >3.5t,60 km/h,9,0.390625
28738,Cuidado Geral,80 km/h,9,0.390625
36829,Proib. Ultrapassar,Proib. P/ >3.5t,9,0.390625
35101,30 km/h,80 km/h,9,0.390625
33641,120 km/h,80 km/h,9,0.390625
7635,100 km/h,120 km/h,9,0.390625
18551,Pista Irregular,Obras,9,0.390625
38023,100 km/h,Mantenha-se à Direita,9,0.390625
34418,100 km/h,120 km/h,9,0.390625
33044,100 km/h,120 km/h,9,0.390625
8612,120 km/h,100 km/h,9,0.390625
8203,120 km/h,80 km/h,9,0.390625
17944,Curva Perigosa (E),Neve/Gelo,9,0.390625
27518,60 km/h,80 km/h,9,0.390625
30855,Proibido >3.5t,60 km/h,9,0.390625
31498,100 km/h,120 km/h,9,0.390625
27607,60 km/h,80 km/h,9,0.390625
34141,60 km/h,80 km/h,9,0.390625
9211,Proib. Ultrapassar,70 km/h,9,0.390625
7503,100 km/h,120 km/h,9,0.390625
4023,60 km/h,80 km/h,9,0.390625
3683,60 km/h,80 km/h,10,0.4340277777777778
29808,60 km/h,80 km/h,10,0.4340277777777778
3824,60 km/h,80 km/h,10,0.4340277777777778
1382,30 km/h,80 km/h,10,0.4340277777777778
395,30 km/h,80 km/h,10,0.4340277777777778
9264,Proib. Ultrapassar,Proibido >3.5t,10,0.4340277777777778
33212,Proib. Ultrapassar,Dê a Preferência,10,0.4340277777777778
29266,100 km/h,120 km/h,10,0.4340277777777778
9851,Proib. Ultrapassar,Curva Perigosa (D),10,0.4340277777777778
38899,100 km/h,120 km/h,10,0.4340277777777778
1453,30 km/h,80 km/h,10,0.4340277777777778
21817,Animais Selvagens,Obras,10,0.4340277777777778
21723,Animais Selvagens,Pista Escorregadia,10,0.4340277777777778
35743,Pista Irregular,Obras,10,0.4340277777777778
33952,100 km/h,120 km/h,10,0.4340277777777778
21716,Neve/Gelo,Crianças,10,0.4340277777777778
8043,120 km/h,80 km/h,10,0.4340277777777778
671,30 km/h,50 km/h,10,0.4340277777777778
28527,120 km/h,80 km/h,10,0.4340277777777778
28561,Pista Irregular,Obras,10,0.4340277777777778
34349,70 km/h,80 km/h,10,0.4340277777777778
13432,Via Prioritária,Dê a Preferência,10,0.4340277777777778
1197,30 km/h,80 km/h,10,0.4340277777777778
29024,Pista Irregular,Obras,10,0.4340277777777778
34859,Pista Irregular,Obras,10,0.4340277777777778
26325,Fim Proib. Ultrapassar,Fim 80,10,0.4340277777777778
473,30 km/h,80 km/h,10,0.4340277777777778
993,30 km/h,80 km/h,10,0.4340277777777778
15733,Proibido Veículos,30 km/h,10,0.4340277777777778
27736,Neve/Gelo,Curva Perigosa (E),10,0.4340277777777778
28579,80 km/h,70 km/h,10,0.4340277777777778
1357,30 km/h,80 km/h,10,0.4340277777777778
19849,Obras,80 km/h,10,0.4340277777777778
9614,Proib. Ultrapassar,Proib. P/ >3.5t,10,0.4340277777777778
20161,Obras,Crianças,10,0.4340277777777778
9845,Proib. Ultrapassar,60 km/h,10,0.4340277777777778
672,30 km/h,80 km/h,10,0.4340277777777778
32151,100 km/h,120 km/h,10,0.4340277777777778
751,30 km/h,80 km/h,11,0.4774305555555556
22210,Animais Selvagens,Obras,11,0.4774305555555556
31467,Pista Irregular,Obras,11,0.4774305555555556
18666,Pista Irregular,Ciclistas,11,0.4774305555555556
955,30 km/h,80 km/h,11,0.4774305555555556
10721,Proib. P/ >3.5t,80 km/h,11,0.4774305555555556
29790,Pista Irregular,Obras,11,0.4774305555555556
7585,100 km/h,120 km/h,11,0.4774305555555556
10202,Proib. P/ >3.5t,60 km/h,11,0.4774305555555556
21901,Animais Selvagens,Neve/Gelo,11,0.4774305555555556
38283,Cuidado Geral,Crianças,11,0.4774305555555556
31122,Proib. Ultrapassar,Proib. P/ >3.5t,11,0.4774305555555556
37933,Pista Irregular,Obras,11,0.4774305555555556
10697,Proib. P/ >3.5t,Via Prioritária,11,0.4774305555555556
35795,Pista Irregular,Obras,11,0.4774305555555556
21712,Neve/Gelo,Crianças,11,0.4774305555555556
27222,100 km/h,120 km/h,11,0.4774305555555556
28648,70 km/h,20 km/h,11,0.4774305555555556
36180,Proib. P/ >3.5t,80 km/h,11,0.4774305555555556
6271,80 km/h,60 km/h,11,0.4774305555555556
19948,Obras,Crianças,12,0.5208333333333333
29951,Proibido Veículos,30 km/h,12,0.5208333333333333
35507,Siga em Frente,Vire à Esquerda,12,0.5208333333333333
23282,Siga em Frente,Vire à Direita,12,0.5208333333333333
9002,Proib. Ultrapassar,100 km/h,12,0.5208333333333333
21813,Animais Selvagens,80 km/h,12,0.5208333333333333
8119,120 km/h,80 km/h,12,0.5208333333333333
22019,Animais Selvagens,Obras,12,0.5208333333333333
7504,100 km/h,120 km/h,12,0.5208333333333333
7467,100 km/h,120 km/h,12,0.5208333333333333
4183,70 km/h,50 km/h,12,0.5208333333333333
444,30 km/h,80 km/h,12,0.5208333333333333
34999,30 km/h,80 km/h,12,0.5208333333333333
33243,Neve/Gelo,Curva Perigosa (E),12,0.5208333333333333
20841,Pedestres,Cuidado Geral,12,0.5208333333333333
8238,120 km/h,100 km/h,12,0.5208333333333333
9096,Proib. Ultrapassar,Proibido >3.5t,12,0.5208333333333333
37576,Pista Irregular,Obras,12,0.5208333333333333
31242,Ciclistas,Obras,12,0.5208333333333333
34824,Curva Perigosa (E),Curva Dupla,12,0.5208333333333333
37937,Proib. P/ >3.5t,60 km/h,12,0.5208333333333333
10688,Proib. P/ >3.5t,80 km/h,12,0.5208333333333333
26854,Obras,Crianças,12,0.5208333333333333
9188,Proib. Ultrapassar,50 km/h,12,0.5208333333333333
378,30 km/h,50 km/h,12,0.5208333333333333
7465,100 km/h,120 km/h,12,0.5208333333333333
168,30 km/h,50 km/h,12,0.5208333333333333
4598,70 km/h,120 km/h,12,0.5208333333333333
22063,Animais Selvagens,Obras,12,0.5208333333333333
7463,100 km/h,120 km/h,12,0.5208333333333333
31165,Neve/Gelo,Crianças,12,0.5208333333333333
30725,100 km/h,120 km/h,12,0.5208333333333333
32779,Neve/Gelo,Crianças,12,0.5208333333333333
7506,100 km/h,120 km/h,12,0.5208333333333333
35027,120 km/h,80 km/h,12,0.5208333333333333
381,30 km/h,50 km/h,12,0.5208333333333333
28069,100 km/h,120 km/h,12,0.5208333333333333
36326,30 km/h,50 km/h,12,0.5208333333333333
8091,120 km/h,80 km/h,12,0.5208333333333333
28373,30 km/h,80 km/h,12,0.5208333333333333
944,30 km/h,80 km/h,12,0.5208333333333333
34142,120 km/h,80 km/h,12,0.5208333333333333
29171,Obras,Cuidado Geral,13,0.564236111111111
31452,80 km/h,50 km/h,13,0.564236111111111
36206,Proib. P/ >3.5t,Proib. Ultrapassar,13,0.564236111111111
34791,Proib. P/ >3.5t,60 km/h,13,0.564236111111111
34779,Proib. Ultrapassar,50 km/h,13,0.564236111111111
5758,80 km/h,Mantenha-se à Direita,13,0.564236111111111
28766,Proib. P/ >3.5t,Proib. Ultrapassar,13,0.564236111111111
37299,Neve/Gelo,Curva Perigosa (E),13,0.564236111111111
28571,120 km/h,80 km/h,13,0.564236111111111
18452,Pista Irregular,Obras,13,0.564236111111111
18642,Pista Irregular,Obras,13,0.564236111111111
33360,Proib. P/ >3.5t,100 km/h,13,0.564236111111111
10693,Proib. P/ >3.5t,Proibido Veículos,13,0.564236111111111
28992,80 km/h,50 km/h,13,0.564236111111111
8012,120 km/h,80 km/h,13,0.564236111111111
8694,120 km/h,70 km/h,13,0.564236111111111
8675,120 km/h,70 km/h,13,0.564236111111111
8619,120 km/h,80 km/h,13,0.564236111111111
21822,Animais Selvagens,80 km/h,13,0.564236111111111
4241,70 km/h,50 km/h,13,0.564236111111111
34090,Proib. Ultrapassar,80 km/h,13,0.564236111111111
21792,Animais Selvagens,80 km/h,13,0.564236111111111
17826,Curva Perigosa (E),Pedestres,13,0.564236111111111
21806,Animais Selvagens,80 km/h,13,0.564236111111111
29749,Mantenha-se à Esquerda,80 km/h,13,0.564236111111111
19430,Obras,Crianças,13,0.564236111111111
21784,Animais Selvagens,80 km/h,13,0.564236111111111
4419,70 km/h,50 km/h,13,0.564236111111111
28623,100 km/h,120 km/h,13,0.564236111111111
21893,Animais Selvagens,80 km/h,14,0.607638888888889
29707,Siga em Frente,120 km/h,14,0.607638888888889
22141,Animais Selvagens,Crianças,14,0.607638888888889
18534,Pista Irregular,Obras,14,0.607638888888889
877,30 km/h,20 km/h,14,0.607638888888889
32634,Proib. P/ >3.5t,80 km/h,14,0.607638888888889
34937,Prioridade Cruzamento,Neve/Gelo,14,0.607638888888889
12889,Via Prioritária,Pista Escorregadia,14,0.607638888888889
18500,Pista Irregular,Pista Escorregadia,14,0.607638888888889
35021,120 km/h,80 km/h,14,0.607638888888889
6721,Fim 80,80 km/h,14,0.607638888888889
29809,70 km/h,30 km/h,14,0.607638888888889
5648,80 km/h,60 km/h,14,0.607638888888889
5660,80 km/h,60 km/h,14,0.607638888888889
6425,80 km/h,60 km/h,14,0.607638888888889
8722,120 km/h,80 km/h,14,0.607638888888889
6223,80 km/h,60 km/h,14,0.607638888888889
6515,80 km/h,30 km/h,14,0.607638888888889
7961,120 km/h,80 km/h,14,0.607638888888889
30198,Pista Irregular,Ciclistas,14,0.607638888888889
35943,Cuidado Geral,Semáforo,14,0.607638888888889
12894,Via Prioritária,Mantenha-se à Direita,14,0.607638888888889
6277,80 km/h,60 km/h,14,0.607638888888889
21794,Animais Selvagens,80 km/h,14,0.607638888888889
17018,Cuidado Geral,Prioridade Cruzamento,14,0.607638888888889
28966,Curva Perigosa (E),Pedestres,15,0.6510416666666667
11581,Prioridade Cruzamento,PARE,15,0.6510416666666667
26256,Rotatória,Mantenha-se à Direita,15,0.6510416666666667
16122,Proibido >3.5t,60 km/h,15,0.6510416666666667
12896,Via Prioritária,Mantenha-se à Direita,15,0.6510416666666667
22229,Animais Selvagens,Obras,15,0.6510416666666667
33892,Pista Irregular,Obras,15,0.6510416666666667
37238,Pista Irregular,Obras,15,0.6510416666666667
22123,Animais Selvagens,Obras,15,0.6510416666666667
13092,Via Prioritária,Obras,15,0.6510416666666667
21790,Animais Selvagens,80 km/h,15,0.6510416666666667
17874,Curva Perigosa (E),Curva Dupla,15,0.6510416666666667
8137,120 km/h,80 km/h,15,0.6510416666666667
28396,Proib. Ultrapassar,Proibido >3.5t,15,0.6510416666666667
34000,Pista Irregular,Obras,15,0.6510416666666667
4920,70 km/h,30 km/h,15,0.6510416666666667
13169,Via Prioritária,Mantenha-se à Direita,15,0.6510416666666667
16121,Proibido >3.5t,60 km/h,15,0.6510416666666667
9676,Proib. Ultrapassar,Proibido >3.5t,15,0.6510416666666667
38611,Pista Irregular,Obras,15,0.6510416666666667
33476,Neve/Gelo,Curva Perigosa (E),15,0.6510416666666667
5657,80 km/h,120 km/h,15,0.6510416666666667
6248,80 km/h,60 km/h,15,0.6510416666666667
26817,Rotatória,Mantenha-se à Direita,15,0.6510416666666667
18603,Pista Irregular,Obras,15,0.6510416666666667
18392,Curva Dupla,Estreitamento (D),16,0.6944444444444444
20722,Pedestres,Cuidado Geral,16,0.6944444444444444
32789,Cuidado Geral,Obras,16,0.6944444444444444
17844,Curva Perigosa (E),Estreitamento (D),16,0.6944444444444444
8606,120 km/h,80 km/h,16,0.6944444444444444
969,30 km/h,20 km/h,16,0.6944444444444444
34346,Siga em Frente,Crianças,16,0.6944444444444444
1049,30 km/h,20 km/h,16,0.6944444444444444
8912,Proib. Ultrapassar,Proibido >3.5t,16,0.6944444444444444
26398,Fim Proib. Ultrapassar,Fim Proib. >3.5t,16,0.6944444444444444
20882,Crianças,Ciclistas,16,0.6944444444444444
22099,Animais Selvagens,Obras,16,0.6944444444444444
22169,Animais Selvagens,Obras,16,0.6944444444444444
20710,Pedestres,Cuidado Geral,16,0.6944444444444444
34584,100 km/h,120 km/h,16,0.6944444444444444
8757,120 km/h,80 km/h,16,0.6944444444444444
31708,Curva Perigosa (E),Crianças,16,0.6944444444444444
8691,120 km/h,80 km/h,16,0.6944444444444444
18346,Curva Dupla,Prioridade Cruzamento,16,0.6944444444444444
8041,120 km/h,80 km/h,16,0.6944444444444444
18425,Curva Dupla,Prioridade Cruzamento,16,0.6944444444444444
33907,Rotatória,Mantenha-se à Direita,16,0.6944444444444444
18213,Curva Dupla,Prioridade Cruzamento,16,0.6944444444444444
12349,Via Prioritária,Obras,16,0.6944444444444444
8926,Proib. Ultrapassar,Dê a Preferência,17,0.7378472222222222
33946,Cuidado Geral,Crianças,17,0.7378472222222222
37465,Neve/Gelo,Curva Perigosa (E),17,0.7378472222222222
17898,Curva Perigosa (E),Estreitamento (D),17,0.7378472222222222
17848,Curva Perigosa (E),Estreitamento (D),17,0.7378472222222222
30868,Proib. Ultrapassar,Dê a Preferência,17,0.7378472222222222
19628,Obras,Pista Escorregadia,17,0.7378472222222222
9438,Proib. Ultrapassar,120 km/h,17,0.7378472222222222
8989,Proib. Ultrapassar,Proib. P/ >3.5t,17,0.7378472222222222
35402,Proib. Ultrapassar,Proibido >3.5t,17,0.7378472222222222
4819,70 km/h,30 km/h,17,0.7378472222222222
26392,Fim Proib. Ultrapassar,Fim Proib. >3.5t,17,0.7378472222222222
6595,80 km/h,60 km/h,17,0.7378472222222222
26219,Rotatória,Mantenha-se à Direita,17,0.7378472222222222
33273,Curva Perigosa (E),Crianças,17,0.7378472222222222
10033,Proib. P/ >3.5t,80 km/h,18,0.78125
6514,80 km/h,30 km/h,18,0.78125
17824,Curva Perigosa (E),Estreitamento (D),18,0.78125
35794,Via Prioritária,Proib. P/ >3.5t,18,0.78125
27725,120 km/h,80 km/h,18,0.78125
17878,Curva Perigosa (E),Estreitamento (D),18,0.78125
6753,Fim 80,80 km/h,18,0.78125
8019,120 km/h,80 km/h,18,0.78125
5774,80 km/h,Mantenha-se à Direita,18,0.78125
10261,Proib. P/ >3.5t,100 km/h,18,0.78125
22238,Animais Selvagens,60 km/h,18,0.78125
17829,Curva Perigosa (E),Crianças,18,0.78125
8042,120 km/h,80 km/h,18,0.78125
21624,Neve/Gelo,Curva Perigosa (E),18,0.78125
17900,Curva Perigosa (E),Estreitamento (D),18,0.78125
31574,120 km/h,80 km/h,18,0.78125
31401,120 km/h,80 km/h,18,0.78125
8366,120 km/h,80 km/h,18,0.78125
38911,120 km/h,80 km/h,18,0.78125
17832,Curva Perigosa (E),Crianças,18,0.78125
22075,Animais Selvagens,Obras,18,0.78125
28019,Animais Selvagens,Obras,18,0.78125
27951,120 km/h,80 km/h,18,0.78125
8025,120 km/h,70 km/h,18,0.78125
31688,Siga em Frente,Vire à Esquerda,18,0.78125
6627,80 km/h,60 km/h,18,0.78125
34987,Siga em Frente,Vire à Esquerda,18,0.78125
8687,120 km/h,80 km/h,18,0.78125
32808,120 km/h,80 km/h,18,0.78125
17434,Cuidado Geral,80 km/h,19,0.8246527777777778
1400,30 km/h,20 km/h,19,0.8246527777777778
5350,70 km/h,50 km/h,19,0.8246527777777778
8100,120 km/h,80 km/h,19,0.8246527777777778
21297,Ciclistas,Pista Escorregadia,19,0.8246527777777778
26310,Fim Proib. Ultrapassar,Mantenha-se à Direita,19,0.8246527777777778
9579,Proib. Ultrapassar,Proibido >3.5t,19,0.8246527777777778
26831,Ciclistas,Obras,19,0.8246527777777778
30723,Proibido Veículos,30 km/h,19,0.8246527777777778
11324,Prioridade Cruzamento,Dê a Preferência,19,0.8246527777777778
11315,Prioridade Cruzamento,Cuidado Geral,19,0.8246527777777778
31611,Proibido Veículos,30 km/h,19,0.8246527777777778
8101,120 km/h,80 km/h,19,0.8246527777777778
22233,Animais Selvagens,60 km/h,19,0.8246527777777778
35236,Proib. P/ >3.5t,70 km/h,19,0.8246527777777778
36618,Proib. Ultrapassar,Dê a Preferência,19,0.8246527777777778
2222,50 km/h,60 km/h,20,0.8680555555555556
12993,Via Prioritária,70 km/h,20,0.8680555555555556
27684,Via Prioritária,120 km/h,20,0.8680555555555556
875,30 km/h,Dê a Preferência,20,0.8680555555555556
30564,Proib. Ultrapassar,Proib. P/ >3.5t,20,0.8680555555555556
21791,Animais Selvagens,80 km/h,20,0.8680555555555556
31394,Curva Perigosa (E),Curva Dupla,20,0.8680555555555556
18347,Curva Dupla,Prioridade Cruzamento,20,0.8680555555555556
27339,50 km/h,Proib. P/ >3.5t,20,0.8680555555555556
22205,Animais Selvagens,Obras,20,0.8680555555555556
36117,120 km/h,80 km/h,20,0.8680555555555556
6722,Fim 80,80 km/h,20,0.8680555555555556
9216,Proib. Ultrapassar,70 km/h,20,0.8680555555555556
37898,120 km/h,80 km/h,20,0.8680555555555556
8292,120 km/h,100 km/h,20,0.8680555555555556
26396,Fim Proib. Ultrapassar,Fim 80,20,0.8680555555555556
27657,70 km/h,120 km/h,20,0.8680555555555556
6694,Fim 80,80 km/h,20,0.8680555555555556
37258,Proib. Ultrapassar,Proibido >3.5t,20,0.8680555555555556
31331,Curva Dupla,Estreitamento (D),20,0.8680555555555556
35921,Proibido Veículos,30 km/h,20,0.8680555555555556
18298,Curva Dupla,Prioridade Cruzamento,20,0.8680555555555556
27955,Siga em Frente,120 km/h,20,0.8680555555555556
7468,100 km/h,120 km/h,21,0.9114583333333334
28951,Siga em Frente,Vire à Esquerda,21,0.9114583333333334
38803,Obras,Dê a Preferência,21,0.9114583333333334
34632,Prioridade Cruzamento,Cuidado Geral,21,0.9114583333333334
21632,Neve/Gelo,Cuidado Geral,21,0.9114583333333334
37240,50 km/h,30 km/h,21,0.9114583333333334
34422,120 km/h,80 km/h,21,0.9114583333333334
27848,Siga em Frente,Crianças,21,0.9114583333333334
30843,Proibido >3.5t,60 km/h,21,0.9114583333333334
29735,Siga em Frente,Vire à Esquerda,21,0.9114583333333334
17896,Curva Perigosa (E),Estreitamento (D),22,0.9548611111111112
4280,70 km/h,50 km/h,22,0.9548611111111112
27164,Prioridade Cruzamento,Curva Perigosa (D),22,0.9548611111111112
34175,Prioridade Cruzamento,Curva Perigosa (D),22,0.9548611111111112
20847,Pedestres,Cuidado Geral,22,0.9548611111111112
19623,Obras,Curva Dupla,22,0.9548611111111112
7776,100 km/h,70 km/h,22,0.9548611111111112
24042,Frente ou Direita,Vire à Direita,22,0.9548611111111112
17834,Curva Perigosa (E),Crianças,22,0.9548611111111112
17862,Curva Perigosa (E),Crianças,22,0.9548611111111112
22100,Animais Selvagens,Obras,22,0.9548611111111112
37001,70 km/h,30 km/h,22,0.9548611111111112
29648,Curva Dupla,Prioridade Cruzamento,22,0.9548611111111112
18422,Curva Dupla,Prioridade Cruzamento,22,0.9548611111111112
13058,Via Prioritária,60 km/h,22,0.9548611111111112
20890,Crianças,Ciclistas,22,0.9548611111111112
1162,30 km/h,20 km/h,23,0.9982638888888888
6243,80 km/h,60 km/h,23,0.9982638888888888
2462,50 km/h,80 km/h,23,0.9982638888888888
39086,Proib. P/ >3.5t,100 km/h,23,0.9982638888888888
5791,80 km/h,120 km/h,23,0.9982638888888888
17388,Cuidado Geral,100 km/h,23,0.9982638888888888
20822,Pedestres,Cuidado Geral,23,0.9982638888888888
8693,120 km/h,80 km/h,23,0.9982638888888888
2979,50 km/h,60 km/h,23,0.9982638888888888
18539,Pista Irregular,Obras,23,0.9982638888888888
8233,120 km/h,100 km/h,23,0.9982638888888888
8148,120 km/h,80 km/h,23,0.9982638888888888
2465,50 km/h,Proib. P/ >3.5t,23,0.9982638888888888
22078,Animais Selvagens,Obras,23,0.9982638888888888
8747,120 km/h,80 km/h,23,0.9982638888888888
7965,120 km/h,80 km/h,23,0.9982638888888888
36916,Curva Dupla,Prioridade Cruzamento,23,0.9982638888888888
17251,Cuidado Geral,Dê a Preferência,23,0.9982638888888888
20825,Pedestres,Cuidado Geral,23,0.9982638888888888
8369,120 km/h,80 km/h,23,0.9982638888888888
8258,120 km/h,80 km/h,23,0.9982638888888888
37950,120 km/h,80 km/h,23,0.9982638888888888
4816,70 km/h,30 km/h,23,0.9982638888888888
948,30 km/h,20 km/h,23,0.9982638888888888
4928,70 km/h,30 km/h,23,0.9982638888888888
205,30 km/h,Dê a Preferência,23,0.9982638888888888
8228,120 km/h,80 km/h,23,0.9982638888888888
21859,Animais Selvagens,Obras,23,0.9982638888888888
935,30 km/h,20 km/h,23,0.9982638888888888
17835,Curva Perigosa (E),Estreitamento (D),23,0.9982638888888888
15748,Proibido Veículos,30 km/h,23,0.9982638888888888
26211,Rotatória,Mantenha-se à Direita,24,1.0416666666666665
27029,Proib. Ultrapassar,Semáforo,24,1.0416666666666665
375,30 km/h,50 km/h,24,1.0416666666666665
8603,120 km/h,80 km/h,24,1.0416666666666665
39170,50 km/h,80 km/h,24,1.0416666666666665
949,30 km/h,20 km/h,24,1.0416666666666665
36033,120 km/h,80 km/h,24,1.0416666666666665
8361,120 km/h,80 km/h,24,1.0416666666666665
17051,Cuidado Geral,Prioridade Cruzamento,24,1.0416666666666665
29428,120 km/h,80 km/h,24,1.0416666666666665
36331,70 km/h,30 km/h,24,1.0416666666666665
18476,Pista Irregular,Ciclistas,24,1.0416666666666665
26051,Rotatória,Mantenha-se à Direita,24,1.0416666666666665
36901,100 km/h,120 km/h,24,1.0416666666666665
28956,Curva Dupla,Prioridade Cruzamento,24,1.0416666666666665
8256,120 km/h,80 km/h,24,1.0416666666666665
8707,120 km/h,80 km/h,24,1.0416666666666665
31321,Proib. P/ >3.5t,80 km/h,24,1.0416666666666665
17284,Cuidado Geral,Dê a Preferência,24,1.0416666666666665
29152,80 km/h,70 km/h,24,1.0416666666666665
10695,Proib. P/ >3.5t,70 km/h,24,1.0416666666666665
20077,Obras,80 km/h,24,1.0416666666666665
10114,Proib. P/ >3.5t,70 km/h,24,1.0416666666666665
38583,70 km/h,30 km/h,24,1.0416666666666665
29394,Mantenha-se à Direita,Dê a Preferência,24,1.0416666666666665
26200,Rotatória,Mantenha-se à Direita,24,1.0416666666666665
981,30 km/h,20 km/h,25,1.0850694444444444
9592,Proib. Ultrapassar,Proib. P/ >3.5t,25,1.0850694444444444
5043,70 km/h,30 km/h,25,1.0850694444444444
8726,120 km/h,80 km/h,25,1.0850694444444444
31646,30 km/h,20 km/h,25,1.0850694444444444
21299,Ciclistas,Obras,25,1.0850694444444444
34081,120 km/h,80 km/h,25,1.0850694444444444
5131,70 km/h,30 km/h,25,1.0850694444444444
6590,80 km/h,60 km/h,25,1.0850694444444444
943,30 km/h,20 km/h,25,1.0850694444444444
17923,Curva Perigosa (E),Estreitamento (D),25,1.0850694444444444
13924,Dê a Preferência,50 km/h,25,1.0850694444444444
5886,80 km/h,60 km/h,25,1.0850694444444444
36792,Proibido Veículos,Cuidado Geral,25,1.0850694444444444
26981,Ciclistas,Obras,25,1.0850694444444444
20700,Pedestres,Cuidado Geral,25,1.0850694444444444
33203,80 km/h,60 km/h,25,1.0850694444444444
34550,Curva Dupla,Prioridade Cruzamento,25,1.0850694444444444
5061,70 km/h,30 km/h,25,1.0850694444444444
35675,70 km/h,Fim de Proibições,25,1.0850694444444444
22077,Animais Selvagens,Obras,25,1.0850694444444444
18621,Pista Irregular,Obras,25,1.0850694444444444
8190,120 km/h,80 km/h,25,1.0850694444444444
20850,Pedestres,Semáforo,25,1.0850694444444444
29336,Prioridade Cruzamento,Curva Perigosa (D),25,1.0850694444444444
13922,Dê a Preferência,50 km/h,25,1.0850694444444444
30810,70 km/h,30 km/h,26,1.128472222222222
4618,70 km/h,50 km/h,26,1.128472222222222
20874,Pedestres,Cuidado Geral,26,1.128472222222222
17031,Cuidado Geral,Prioridade Cruzamento,26,1.128472222222222
20407,Semáforo,Curva Perigosa (D),26,1.128472222222222
17049,Cuidado Geral,Prioridade Cruzamento,26,1.128472222222222
20870,Pedestres,Cuidado Geral,26,1.128472222222222
9594,Proib. Ultrapassar,Proib. P/ >3.5t,26,1.128472222222222
17852,Curva Perigosa (E),Crianças,26,1.128472222222222
8874,120 km/h,100 km/h,26,1.128472222222222
12353,Via Prioritária,Obras,26,1.128472222222222
12342,Via Prioritária,Proib. P/ >3.5t,26,1.128472222222222
21392,Ciclistas,Obras,26,1.128472222222222
13935,Dê a Preferência,50 km/h,26,1.128472222222222
10654,Proib. P/ >3.5t,70 km/h,26,1.128472222222222
20883,Crianças,Ciclistas,26,1.128472222222222
10087,Proib. P/ >3.5t,60 km/h,26,1.128472222222222
12386,Via Prioritária,Obras,26,1.128472222222222
25985,Mantenha-se à Esquerda,70 km/h,26,1.128472222222222
11972,Prioridade Cruzamento,Cuidado Geral,26,1.128472222222222
33420,Proib. P/ >3.5t,80 km/h,26,1.128472222222222
4380,70 km/h,120 km/h,26,1.128472222222222
4898,70 km/h,30 km/h,27,1.171875
31756,Proibido Veículos,Cuidado Geral,27,1.171875
5164,70 km/h,30 km/h,27,1.171875
19944,Obras,Neve/Gelo,27,1.171875
36213,70 km/h,30 km/h,27,1.171875
33358,Cuidado Geral,80 km/h,27,1.171875
3623,60 km/h,80 km/h,27,1.171875
20766,Pedestres,Semáforo,27,1.171875
8158,120 km/h,80 km/h,27,1.171875
8497,120 km/h,80 km/h,27,1.171875
34679,Proib. P/ >3.5t,100 km/h,27,1.171875
35230,Cuidado Geral,Prioridade Cruzamento,27,1.171875
8879,120 km/h,80 km/h,27,1.171875
31508,Fim de Proibições,Fim 80,27,1.171875
38670,100 km/h,120 km/h,27,1.171875
5650,80 km/h,30 km/h,27,1.171875
9254,Proib. Ultrapassar,Proibido >3.5t,27,1.171875
17309,Cuidado Geral,Prioridade Cruzamento,28,1.215277777777778
26204,Rotatória,Mantenha-se à Direita,28,1.215277777777778
27134,Proib. P/ >3.5t,70 km/h,28,1.215277777777778
8231,120 km/h,100 km/h,28,1.215277777777778
34319,120 km/h,80 km/h,28,1.215277777777778
8302,120 km/h,100 km/h,28,1.215277777777778
12208,Via Prioritária,Animais Selvagens,28,1.215277777777778
37414,Siga em Frente,Vire à Esquerda,28,1.215277777777778
13082,Via Prioritária,Cuidado Geral,28,1.215277777777778
17868,Curva Perigosa (E),Estreitamento (D),28,1.215277777777778
8721,120 km/h,80 km/h,28,1.215277777777778
8661,120 km/h,80 km/h,28,1.215277777777778
17042,Cuidado Geral,Prioridade Cruzamento,28,1.215277777777778
35168,80 km/h,50 km/h,28,1.215277777777778
21725,Animais Selvagens,Obras,28,1.215277777777778
20177,Obras,Dê a Preferência,28,1.215277777777778
648,30 km/h,70 km/h,28,1.215277777777778
8013,120 km/h,80 km/h,28,1.215277777777778
18439,Curva Dupla,Prioridade Cruzamento,28,1.215277777777778
27762,Siga em Frente,Crianças,28,1.215277777777778
26044,Rotatória,Mantenha-se à Direita,28,1.215277777777778
6238,80 km/h,60 km/h,28,1.215277777777778
20098,Obras,Neve/Gelo,28,1.215277777777778
36858,70 km/h,30 km/h,28,1.215277777777778
37709,80 km/h,50 km/h,28,1.215277777777778
28075,Cuidado Geral,Prioridade Cruzamento,29,1.2586805555555556
38335,Cuidado Geral,80 km/h,29,1.2586805555555556
27689,Siga em Frente,Vire à Esquerda,29,1.2586805555555556
26843,30 km/h,80 km/h,29,1.2586805555555556
2592,50 km/h,80 km/h,29,1.2586805555555556
32904,Curva Dupla,Neve/Gelo,29,1.2586805555555556
17028,Cuidado Geral,Prioridade Cruzamento,29,1.2586805555555556
612,30 km/h,100 km/h,29,1.2586805555555556
28176,Mantenha-se à Direita,Siga em Frente,29,1.2586805555555556
2268,50 km/h,80 km/h,29,1.2586805555555556
6698,Fim 80,80 km/h,29,1.2586805555555556
4429,70 km/h,50 km/h,29,1.2586805555555556
11312,Prioridade Cruzamento,Dê a Preferência,29,1.2586805555555556
20791,Pedestres,Semáforo,29,1.2586805555555556
17474,Cuidado Geral,80 km/h,29,1.2586805555555556
21295,Ciclistas,Neve/Gelo,29,1.2586805555555556
2165,50 km/h,80 km/h,29,1.2586805555555556
17934,Curva Perigosa (E),Curva Dupla,29,1.2586805555555556
18440,Curva Dupla,Prioridade Cruzamento,29,1.2586805555555556
3137,50 km/h,80 km/h,29,1.2586805555555556
6695,Fim 80,80 km/h,29,1.2586805555555556
8673,120 km/h,80 km/h,29,1.2586805555555556
34963,Fim 80,80 km/h,29,1.2586805555555556
20452,Semáforo,60 km/h,29,1.2586805555555556
8551,120 km/h,60 km/h,29,1.2586805555555556
21221,Crianças,120 km/h,29,1.2586805555555556
4936,70 km/h,30 km/h,30,1.3020833333333335
27756,120 km/h,80 km/h,30,1.3020833333333335
22326,Fim de Proibições,30 km/h,30,1.3020833333333335
35548,30 km/h,80 km/h,30,1.3020833333333335
1754,50 km/h,80 km/h,30,1.3020833333333335
22327,Fim de Proibições,30 km/h,30,1.3020833333333335
10831,Proib. P/ >3.5t,Pista Escorregadia,30,1.3020833333333335
36353,Via Prioritária,Proib. P/ >3.5t,30,1.3020833333333335
4148,70 km/h,50 km/h,30,1.3020833333333335
30882,50 km/h,80 km/h,30,1.3020833333333335
28679,Via Prioritária,Proibido Entrar,30,1.3020833333333335
38856,30 km/h,80 km/h,30,1.3020833333333335
19427,Obras,80 km/h,30,1.3020833333333335
22688,Vire à Direita,Frente ou Esquerda,30,1.3020833333333335
9591,Proib. Ultrapassar,Proib. P/ >3.5t,30,1.3020833333333335
15746,Proibido Veículos,30 km/h,30,1.3020833333333335
23429,Siga em Frente,Dê a Preferência,30,1.3020833333333335
6566,80 km/h,Mantenha-se à Direita,31,1.3454861111111112
6762,Fim 80,80 km/h,31,1.3454861111111112
5183,70 km/h,120 km/h,31,1.3454861111111112
32364,Fim 80,80 km/h,31,1.3454861111111112
20351,Semáforo,Cuidado Geral,31,1.3454861111111112
11136,Proib. P/ >3.5t,80 km/h,31,1.3454861111111112
10118,Proib. P/ >3.5t,100 km/h,31,1.3454861111111112
11888,Prioridade Cruzamento,Neve/Gelo,31,1.3454861111111112
20441,Semáforo,120 km/h,31,1.3454861111111112
9218,Proib. Ultrapassar,20 km/h,31,1.3454861111111112
35291,50 km/h,60 km/h,31,1.3454861111111112
17779,Cuidado Geral,Semáforo,31,1.3454861111111112
36242,50 km/h,Obras,31,1.3454861111111112
6759,Fim 80,80 km/h,31,1.3454861111111112
11634,Prioridade Cruzamento,Curva Perigosa (D),31,1.3454861111111112
9009,Proib. Ultrapassar,100 km/h,31,1.3454861111111112
20414,Semáforo,Crianças,31,1.3454861111111112
30182,Prioridade Cruzamento,Curva Perigosa (D),31,1.3454861111111112
16603,Proibido Entrar,80 km/h,32,1.3888888888888888
24245,Frente ou Direita,Vire à Direita,32,1.3888888888888888
6757,Fim 80,80 km/h,32,1.3888888888888888
6779,Fim 80,80 km/h,32,1.3888888888888888
35935,Fim 80,80 km/h,32,1.3888888888888888
32830,Curva Dupla,Estreitamento (D),32,1.3888888888888888
16812,Proibido Entrar,80 km/h,32,1.3888888888888888
4467,70 km/h,80 km/h,32,1.3888888888888888
25714,Mantenha-se à Direita,80 km/h,32,1.3888888888888888
25372,Mantenha-se à Direita,Frente ou Direita,32,1.3888888888888888
13165,Via Prioritária,Proib. P/ >3.5t,32,1.3888888888888888
9124,Proib. Ultrapassar,Proib. P/ >3.5t,32,1.3888888888888888
32661,Proib. P/ >3.5t,Proibido >3.5t,32,1.3888888888888888
32220,30 km/h,50 km/h,32,1.3888888888888888
36912,Proib. P/ >3.5t,100 km/h,33,1.4322916666666665
33165,60 km/h,80 km/h,33,1.4322916666666665
21515,Neve/Gelo,80 km/h,33,1.4322916666666665
34576,50 km/h,80 km/h,33,1.4322916666666665
2474,50 km/h,80 km/h,33,1.4322916666666665
29740,Siga em Frente,Vire à Direita,33,1.4322916666666665
2835,50 km/h,80 km/h,33,1.4322916666666665
1763,50 km/h,80 km/h,33,1.4322916666666665
29527,70 km/h,80 km/h,33,1.4322916666666665
5877,80 km/h,20 km/h,33,1.4322916666666665
8873,120 km/h,100 km/h,33,1.4322916666666665
1017,30 km/h,50 km/h,33,1.4322916666666665
30395,Proib. Ultrapassar,Dê a Preferência,33,1.4322916666666665
711,30 km/h,20 km/h,33,1.4322916666666665
30906,30 km/h,20 km/h,33,1.4322916666666665
36312,50 km/h,80 km/h,33,1.4322916666666665
15617,Proibido Veículos,60 km/h,33,1.4322916666666665
10702,Proib. P/ >3.5t,70 km/h,33,1.4322916666666665
508,30 km/h,20 km/h,33,1.4322916666666665
2566,50 km/h,80 km/h,33,1.4322916666666665
29144,Siga em Frente,Vire à Esquerda,33,1.4322916666666665
37243,30 km/h,20 km/h,33,1.4322916666666665
2841,50 km/h,80 km/h,33,1.4322916666666665
2069,50 km/h,100 km/h,33,1.4322916666666665
21634,Neve/Gelo,Curva Perigosa (E),33,1.4322916666666665
21633,Neve/Gelo,Cuidado Geral,33,1.4322916666666665
38344,Siga em Frente,Crianças,33,1.4322916666666665
21537,Neve/Gelo,Curva Perigosa (E),33,1.4322916666666665
10659,Proib. P/ >3.5t,70 km/h,33,1.4322916666666665
2590,50 km/h,80 km/h,34,1.4756944444444444
38145,50 km/h,60 km/h,34,1.4756944444444444
10558,Proib. P/ >3.5t,70 km/h,34,1.4756944444444444
8508,120 km/h,Crianças,34,1.4756944444444444
8143,120 km/h,100 km/h,34,1.4756944444444444
32381,120 km/h,80 km/h,34,1.4756944444444444
18488,Pista Irregular,Obras,34,1.4756944444444444
21745,Animais Selvagens,Crianças,34,1.4756944444444444
8217,120 km/h,100 km/h,34,1.4756944444444444
29608,Proibido >3.5t,Proib. P/ >3.5t,34,1.4756944444444444
21981,Animais Selvagens,Obras,34,1.4756944444444444
39143,Obras,Cuidado Geral,34,1.4756944444444444
21430,Neve/Gelo,Curva Perigosa (E),34,1.4756944444444444
34316,Curva Dupla,Estreitamento (D),34,1.4756944444444444
34592,Siga em Frente,Crianças,34,1.4756944444444444
21747,Animais Selvagens,Crianças,34,1.4756944444444444
17774,Cuidado Geral,Semáforo,34,1.4756944444444444
37558,Proib. P/ >3.5t,80 km/h,34,1.4756944444444444
2496,50 km/h,80 km/h,34,1.4756944444444444
30726,Curva Dupla,Neve/Gelo,34,1.4756944444444444
28879,Siga em Frente,Crianças,34,1.4756944444444444
225,30 km/h,20 km/h,34,1.4756944444444444
37931,Cuidado Geral,70 km/h,34,1.4756944444444444
21218,Crianças,120 km/h,34,1.4756944444444444
21949,Animais Selvagens,Obras,34,1.4756944444444444
10565,Proib. P/ >3.5t,70 km/h,35,1.519097222222222
3868,60 km/h,80 km/h,35,1.519097222222222
21449,Neve/Gelo,80 km/h,35,1.519097222222222
23281,Siga em Frente,Vire à Esquerda,35,1.519097222222222
21433,Neve/Gelo,Curva Perigosa (E),35,1.519097222222222
10893,Proib. P/ >3.5t,70 km/h,35,1.519097222222222
33818,Cuidado Geral,80 km/h,35,1.519097222222222
17422,Cuidado Geral,Prioridade Cruzamento,35,1.519097222222222
10180,Proib. P/ >3.5t,70 km/h,35,1.519097222222222
18486,Pista Irregular,Ciclistas,35,1.519097222222222
18285,Curva Dupla,Prioridade Cruzamento,35,1.519097222222222
3822,60 km/h,80 km/h,35,1.519097222222222
4462,70 km/h,80 km/h,35,1.519097222222222
10665,Proib. P/ >3.5t,70 km/h,35,1.519097222222222
5336,70 km/h,80 km/h,35,1.519097222222222
14683,Dê a Preferência,Siga em Frente,35,1.519097222222222
37522,Dê a Preferência,50 km/h,35,1.519097222222222
22129,Animais Selvagens,Obras,35,1.519097222222222
14735,Dê a Preferência,60 km/h,35,1.519097222222222
31888,Rotatória,Frente ou Esquerda,35,1.519097222222222
18481,Pista Irregular,Obras,36,1.5625
29948,100 km/h,120 km/h,36,1.5625
24044,Frente ou Direita,Vire à Direita,36,1.5625
5129,70 km/h,120 km/h,36,1.5625
21530,Neve/Gelo,Curva Perigosa (E),36,1.5625
38419,60 km/h,80 km/h,36,1.5625
3618,60 km/h,80 km/h,36,1.5625
39010,60 km/h,80 km/h,36,1.5625
3644,60 km/h,80 km/h,36,1.5625
18468,Pista Irregular,Ciclistas,36,1.5625
31501,60 km/h,80 km/h,36,1.5625
20435,Semáforo,Crianças,36,1.5625
13524,Via Prioritária,80 km/h,36,1.5625
3739,60 km/h,80 km/h,36,1.5625
3818,60 km/h,80 km/h,36,1.5625
5535,80 km/h,50 km/h,36,1.5625
26564,Fim Proib. >3.5t,Fim de Proibições,36,1.5625
36754,Prioridade Cruzamento,Cuidado Geral,36,1.5625
33734,100 km/h,120 km/h,36,1.5625
27510,Fim Proib. >3.5t,60 km/h,36,1.5625
22339,Fim de Proibições,30 km/h,36,1.5625
771,30 km/h,20 km/h,37,1.6059027777777777
2516,50 km/h,100 km/h,37,1.6059027777777777
22150,Animais Selvagens,Obras,37,1.6059027777777777
25990,Mantenha-se à Esquerda,Frente ou Esquerda,37,1.6059027777777777
21510,Neve/Gelo,Cuidado Geral,37,1.6059027777777777
22155,Animais Selvagens,Obras,37,1.6059027777777777
18102,Curva Perigosa (D),120 km/h,37,1.6059027777777777
17771,Cuidado Geral,Semáforo,37,1.6059027777777777
34181,Cuidado Geral,Prioridade Cruzamento,37,1.6059027777777777
2436,50 km/h,60 km/h,37,1.6059027777777777
2307,50 km/h,80 km/h,37,1.6059027777777777
28534,50 km/h,80 km/h,37,1.6059027777777777
25988,Mantenha-se à Esquerda,Rotatória,37,1.6059027777777777
32573,50 km/h,60 km/h,37,1.6059027777777777
39044,50 km/h,Dê a Preferência,37,1.6059027777777777
32044,Curva Perigosa (D),Crianças,37,1.6059027777777777
26650,Via Prioritária,Frente ou Esquerda,37,1.6059027777777777
35612,Curva Perigosa (D),Ciclistas,37,1.6059027777777777
2278,50 km/h,80 km/h,37,1.6059027777777777
2394,50 km/h,100 km/h,37,1.6059027777777777
1791,50 km/h,80 km/h,37,1.6059027777777777
2530,50 km/h,80 km/h,37,1.6059027777777777
20838,Pedestres,Cuidado Geral,37,1.6059027777777777
9678,Proib. Ultrapassar,Proibido >3.5t,38,1.6493055555555556
38257,Neve/Gelo,Prioridade Cruzamento,38,1.6493055555555556
18399,Curva Dupla,Estreitamento (D),38,1.6493055555555556
35538,Proib. Ultrapassar,Proibido >3.5t,38,1.6493055555555556
9308,Proib. Ultrapassar,Dê a Preferência,38,1.6493055555555556
16159,Proibido >3.5t,Dê a Preferência,38,1.6493055555555556
33994,50 km/h,80 km/h,38,1.6493055555555556
36038,50 km/h,80 km/h,38,1.6493055555555556
17581,Cuidado Geral,Prioridade Cruzamento,38,1.6493055555555556
23944,Siga em Frente,Vire à Esquerda,38,1.6493055555555556
23963,Siga em Frente,Frente ou Direita,38,1.6493055555555556
19880,Obras,Proib. P/ >3.5t,38,1.6493055555555556
200,30 km/h,Estreitamento (D),38,1.6493055555555556
23951,Siga em Frente,Frente ou Direita,38,1.6493055555555556
22111,Animais Selvagens,Obras,38,1.6493055555555556
1797,50 km/h,80 km/h,38,1.6493055555555556
13477,Via Prioritária,Estreitamento (D),38,1.6493055555555556
9348,Proib. Ultrapassar,Proibido >3.5t,38,1.6493055555555556
710,30 km/h,20 km/h,38,1.6493055555555556
22307,Fim de Proibições,Fim 80,39,1.6927083333333333
11141,Proib. P/ >3.5t,70 km/h,39,1.6927083333333333
30155,100 km/h,120 km/h,39,1.6927083333333333
18282,Curva Dupla,Neve/Gelo,39,1.6927083333333333
27998,50 km/h,100 km/h,39,1.6927083333333333
3091,50 km/h,80 km/h,39,1.6927083333333333
22308,Fim de Proibições,Fim 80,39,1.6927083333333333
2415,50 km/h,80 km/h,39,1.6927083333333333
2365,50 km/h,80 km/h,39,1.6927083333333333
39161,50 km/h,80 km/h,39,1.6927083333333333
23942,Siga em Frente,Vire à Esquerda,39,1.6927083333333333
33103,Proib. Ultrapassar,Proib. P/ >3.5t,39,1.6927083333333333
26846,50 km/h,60 km/h,39,1.6927083333333333
16237,Proibido >3.5t,100 km/h,39,1.6927083333333333
4403,70 km/h,80 km/h,40,1.7361111111111112
17119,Cuidado Geral,Prioridade Cruzamento,40,1.7361111111111112
23837,Siga em Frente,Vire à Esquerda,40,1.7361111111111112
22342,Fim de Proibições,30 km/h,40,1.7361111111111112
27882,Frente ou Esquerda,Siga em Frente,40,1.7361111111111112
9598,Proib. Ultrapassar,Proib. P/ >3.5t,40,1.7361111111111112
32555,Cuidado Geral,Prioridade Cruzamento,40,1.7361111111111112
17136,Cuidado Geral,Semáforo,40,1.7361111111111112
17069,Cuidado Geral,Semáforo,40,1.7361111111111112
35196,Siga em Frente,Vire à Esquerda,40,1.7361111111111112
36412,Animais Selvagens,Obras,40,1.7361111111111112
34588,Siga em Frente,Vire à Esquerda,40,1.7361111111111112
21429,Neve/Gelo,Curva Perigosa (E),41,1.7795138888888888
26399,Fim Proib. Ultrapassar,Fim 80,41,1.7795138888888888
21385,Ciclistas,Neve/Gelo,41,1.7795138888888888
5380,70 km/h,100 km/h,41,1.7795138888888888
5387,70 km/h,80 km/h,41,1.7795138888888888
20706,Pedestres,Cuidado Geral,41,1.7795138888888888
33133,50 km/h,80 km/h,41,1.7795138888888888
25536,Mantenha-se à Direita,80 km/h,41,1.7795138888888888
11904,Prioridade Cruzamento,Neve/Gelo,41,1.7795138888888888
16090,Proibido >3.5t,100 km/h,41,1.7795138888888888
37055,70 km/h,100 km/h,41,1.7795138888888888
20297,Semáforo,Prioridade Cruzamento,41,1.7795138888888888
11946,Prioridade Cruzamento,Cuidado Geral,41,1.7795138888888888
8981,Proib. Ultrapassar,Proibido >3.5t,42,1.8229166666666667
9488,Proib. Ultrapassar,Proibido >3.5t,42,1.8229166666666667
8880,120 km/h,100 km/h,42,1.8229166666666667
12750,Via Prioritária,70 km/h,42,1.8229166666666667
37507,Proib. Ultrapassar,70 km/h,42,1.8229166666666667
880,30 km/h,20 km/h,42,1.8229166666666667
13470,Via Prioritária,Dê a Preferência,42,1.8229166666666667
4967,70 km/h,30 km/h,42,1.8229166666666667
11978,Prioridade Cruzamento,Cuidado Geral,42,1.8229166666666667
29806,Proibido >3.5t,100 km/h,42,1.8229166666666667
12902,Via Prioritária,Proib. P/ >3.5t,42,1.8229166666666667
27924,Prioridade Cruzamento,Pedestres,42,1.8229166666666667
8871,120 km/h,100 km/h,42,1.8229166666666667
17777,Cuidado Geral,Semáforo,42,1.8229166666666667
11970,Prioridade Cruzamento,Crianças,42,1.8229166666666667
22789,Vire à Direita,Frente ou Esquerda,42,1.8229166666666667
26725,Siga em Frente,Vire à Esquerda,42,1.8229166666666667
32647,Ciclistas,Neve/Gelo,42,1.8229166666666667
8979,Proib. Ultrapassar,Proibido >3.5t,42,1.8229166666666667
29813,Mantenha-se à Direita,80 km/h,42,1.8229166666666667
36621,Siga em Frente,Frente ou Direita,42,1.8229166666666667
39259,Animais Selvagens,Obras,42,1.8229166666666667
341,30 km/h,Dê a Preferência,42,1.8229166666666667
19884,Obras,Proib. P/ >3.5t,42,1.8229166666666667
20290,Semáforo,Prioridade Cruzamento,43,1.8663194444444444
19343,Obras,Proib. P/ >3.5t,43,1.8663194444444444
3849,60 km/h,80 km/h,43,1.8663194444444444
2277,50 km/h,80 km/h,43,1.8663194444444444
1224,30 km/h,20 km/h,43,1.8663194444444444
27647,60 km/h,80 km/h,43,1.8663194444444444
11722,Prioridade Cruzamento,Curva Perigosa (D),43,1.8663194444444444
26768,30 km/h,20 km/h,43,1.8663194444444444
24253,Frente ou Direita,Vire à Direita,43,1.8663194444444444
17057,Cuidado Geral,Prioridade Cruzamento,43,1.8663194444444444
25531,Mantenha-se à Direita,80 km/h,43,1.8663194444444444
6062,80 km/h,60 km/h,43,1.8663194444444444
24255,Frente ou Direita,Vire à Direita,43,1.8663194444444444
5352,70 km/h,100 km/h,43,1.8663194444444444
4766,70 km/h,120 km/h,43,1.8663194444444444
29855,70 km/h,30 km/h,43,1.8663194444444444
37020,70 km/h,30 km/h,43,1.8663194444444444
37045,70 km/h,30 km/h,43,1.8663194444444444
33390,70 km/h,20 km/h,43,1.8663194444444444
16187,Proibido >3.5t,100 km/h,44,1.9097222222222223
16096,Proibido >3.5t,100 km/h,44,1.9097222222222223
17220,Cuidado Geral,Prioridade Cruzamento,44,1.9097222222222223
34753,50 km/h,80 km/h,44,1.9097222222222223
1369,30 km/h,20 km/h,44,1.9097222222222223
17601,Cuidado Geral,Semáforo,44,1.9097222222222223
24050,Frente ou Direita,80 km/h,44,1.9097222222222223
17564,Cuidado Geral,Prioridade Cruzamento,44,1.9097222222222223
9391,Proib. Ultrapassar,30 km/h,44,1.9097222222222223
17400,Cuidado Geral,70 km/h,44,1.9097222222222223
16599,Proibido Entrar,80 km/h,44,1.9097222222222223
16172,Proibido >3.5t,100 km/h,44,1.9097222222222223
29140,Fim de Proibições,30 km/h,44,1.9097222222222223
31866,30 km/h,20 km/h,44,1.9097222222222223
16160,Proibido >3.5t,Cuidado Geral,44,1.9097222222222223
11280,Prioridade Cruzamento,Cuidado Geral,44,1.9097222222222223
17640,Cuidado Geral,Crianças,44,1.9097222222222223
28985,Fim de Proibições,30 km/h,44,1.9097222222222223
31617,Fim de Proibições,30 km/h,44,1.9097222222222223
2438,50 km/h,80 km/h,44,1.9097222222222223
21576,Neve/Gelo,Pista Escorregadia,45,1.953125
1958,50 km/h,60 km/h,45,1.953125
21532,Neve/Gelo,Estreitamento (D),45,1.953125
21168,Crianças,120 km/h,45,1.953125
8494,120 km/h,100 km/h,45,1.953125
4160,70 km/h,50 km/h,45,1.953125
17199,Cuidado Geral,Semáforo,45,1.953125
9108,Proib. Ultrapassar,Proibido >3.5t,45,1.953125
24221,Frente ou Direita,Vire à Direita,45,1.953125
24249,Frente ou Direita,Vire à Direita,45,1.953125
17120,Cuidado Geral,Semáforo,45,1.953125
21445,Neve/Gelo,Curva Perigosa (E),45,1.953125
16091,Proibido >3.5t,100 km/h,45,1.953125
21372,Ciclistas,Obras,45,1.953125
15995,Proibido >3.5t,100 km/h,45,1.953125
17127,Cuidado Geral,Semáforo,45,1.953125
16151,Proibido >3.5t,Cuidado Geral,46,1.9965277777777777
17721,Cuidado Geral,Semáforo,46,1.9965277777777777
16152,Proibido >3.5t,Cuidado Geral,46,1.9965277777777777
16163,Proibido >3.5t,Cuidado Geral,46,1.9965277777777777
11521,Prioridade Cruzamento,Neve/Gelo,46,1.9965277777777777
35370,Fim Proib. >3.5t,Rotatória,46,1.9965277777777777
17819,Cuidado Geral,Semáforo,46,1.9965277777777777
21158,Crianças,Neve/Gelo,46,1.9965277777777777
17229,Cuidado Geral,Prioridade Cruzamento,46,1.9965277777777777
31741,Cuidado Geral,Prioridade Cruzamento,46,1.9965277777777777
26651,100 km/h,120 km/h,46,1.9965277777777777
32167,Fim de Proibições,30 km/h,46,1.9965277777777777
20610,Semáforo,Cuidado Geral,46,1.9965277777777777
17726,Cuidado Geral,Semáforo,46,1.9965277777777777
9371,Proib. Ultrapassar,70 km/h,47,2.039930555555556
27000,Proib. Ultrapassar,20 km/h,47,2.039930555555556
9680,Proib. Ultrapassar,Proibido >3.5t,47,2.039930555555556
9376,Proib. Ultrapassar,70 km/h,47,2.039930555555556
35423,Via Prioritária,Prioridade Cruzamento,47,2.039930555555556
24664,Mantenha-se à Direita,80 km/h,47,2.039930555555556
9385,Proib. Ultrapassar,70 km/h,47,2.039930555555556
9375,Proib. Ultrapassar,70 km/h,47,2.039930555555556
30167,Proib. Ultrapassar,20 km/h,47,2.039930555555556
34109,Via Prioritária,Obras,47,2.039930555555556
2895,50 km/h,80 km/h,47,2.039930555555556
9440,Proib. Ultrapassar,120 km/h,47,2.039930555555556
26050,Rotatória,Mantenha-se à Direita,47,2.039930555555556
17565,Cuidado Geral,Semáforo,47,2.039930555555556
9370,Proib. Ultrapassar,70 km/h,47,2.039930555555556
17685,Cuidado Geral,Semáforo,47,2.039930555555556
13830,Dê a Preferência,Crianças,47,2.039930555555556
17504,Cuidado Geral,Prioridade Cruzamento,47,2.039930555555556
34639,30 km/h,20 km/h,47,2.039930555555556
33157,Proib. Ultrapassar,70 km/h,47,2.039930555555556
36813,Semáforo,70 km/h,48,2.083333333333333
27329,Vire à Esquerda,Mantenha-se à Direita,48,2.083333333333333
445,30 km/h,20 km/h,48,2.083333333333333
26805,Proib. Ultrapassar,Proibido >3.5t,48,2.083333333333333
9390,Proib. Ultrapassar,70 km/h,48,2.083333333333333
24268,Frente ou Direita,Vire à Direita,48,2.083333333333333
773,30 km/h,20 km/h,48,2.083333333333333
30686,Via Prioritária,Proibido Entrar,48,2.083333333333333
17567,Cuidado Geral,Semáforo,48,2.083333333333333
22294,Fim de Proibições,30 km/h,48,2.083333333333333
27790,Fim de Proibições,30 km/h,48,2.083333333333333
10006,Proib. P/ >3.5t,50 km/h,48,2.083333333333333
27367,Prioridade Cruzamento,Estreitamento (D),48,2.083333333333333
38307,Proib. Ultrapassar,Proibido Veículos,48,2.083333333333333
16814,Proibido Entrar,80 km/h,49,2.126736111111111
16612,Proibido Entrar,80 km/h,49,2.126736111111111
28088,120 km/h,80 km/h,49,2.126736111111111
33259,120 km/h,80 km/h,49,2.126736111111111
24261,Frente ou Direita,Vire à Direita,49,2.126736111111111
11458,Prioridade Cruzamento,Neve/Gelo,49,2.126736111111111
6767,Fim 80,80 km/h,49,2.126736111111111
6764,Fim 80,80 km/h,49,2.126736111111111
16609,Proibido Entrar,80 km/h,49,2.126736111111111
1906,50 km/h,30 km/h,49,2.126736111111111
24259,Frente ou Direita,Vire à Direita,49,2.126736111111111
28764,Prioridade Cruzamento,Estreitamento (D),50,2.170138888888889
29846,100 km/h,120 km/h,50,2.170138888888889
17205,Cuidado Geral,Semáforo,50,2.170138888888889
25417,Mantenha-se à Direita,Neve/Gelo,50,2.170138888888889
17207,Cuidado Geral,Semáforo,50,2.170138888888889
623,30 km/h,100 km/h,50,2.170138888888889
8973,Proib. Ultrapassar,Proibido Entrar,50,2.170138888888889
21520,Neve/Gelo,Curva Perigosa (E),50,2.170138888888889
2538,50 km/h,80 km/h,50,2.170138888888889
8786,120 km/h,80 km/h,50,2.170138888888889
26492,Fim Proib. >3.5t,Proib. P/ >3.5t,50,2.170138888888889
4377,70 km/h,80 km/h,50,2.170138888888889
11881,Prioridade Cruzamento,Via Prioritária,50,2.170138888888889
18290,Curva Dupla,Neve/Gelo,50,2.170138888888889
33308,Fim Proib. >3.5t,Fim Proib. Ultrapassar,50,2.170138888888889
25801,Mantenha-se à Direita,Vire à Direita,50,2.170138888888889
35393,Proibido Veículos,30 km/h,51,2.213541666666667
2392,50 km/h,100 km/h,51,2.213541666666667
1493,30 km/h,70 km/h,51,2.213541666666667
13472,Via Prioritária,30 km/h,51,2.213541666666667
9468,Proib. Ultrapassar,Proib. P/ >3.5t,51,2.213541666666667
26531,Fim Proib. >3.5t,Proib. P/ >3.5t,51,2.213541666666667
2737,50 km/h,30 km/h,51,2.213541666666667
24025,Siga em Frente,Frente ou Direita,51,2.213541666666667
696,30 km/h,80 km/h,51,2.213541666666667
8982,Proib. Ultrapassar,Animais Selvagens,51,2.213541666666667
30371,Dê a Preferência,Obras,51,2.213541666666667
15959,Proibido Veículos,80 km/h,51,2.213541666666667
1101,30 km/h,50 km/h,51,2.213541666666667
339,30 km/h,Dê a Preferência,51,2.213541666666667
21488,Neve/Gelo,Estreitamento (D),51,2.213541666666667
8554,120 km/h,60 km/h,52,2.256944444444444
3752,60 km/h,80 km/h,52,2.256944444444444
38852,Crianças,Neve/Gelo,52,2.256944444444444
28264,100 km/h,120 km/h,52,2.256944444444444
3685,60 km/h,80 km/h,52,2.256944444444444
31271,30 km/h,70 km/h,53,2.3003472222222223
33096,Semáforo,Pedestres,53,2.3003472222222223
26546,Fim Proib. >3.5t,100 km/h,53,2.3003472222222223
28663,70 km/h,30 km/h,53,2.3003472222222223
9180,Proib. Ultrapassar,Proibido Entrar,53,2.3003472222222223
36289,60 km/h,80 km/h,53,2.3003472222222223
33095,30 km/h,70 km/h,53,2.3003472222222223
21868,Animais Selvagens,Obras,53,2.3003472222222223
17724,Cuidado Geral,Semáforo,53,2.3003472222222223
37369,Siga em Frente,Frente ou Esquerda,53,2.3003472222222223
24051,Frente ou Direita,70 km/h,53,2.3003472222222223
32703,Prioridade Cruzamento,Dê a Preferência,53,2.3003472222222223
18223,Curva Dupla,Neve/Gelo,53,2.3003472222222223
17487,Cuidado Geral,70 km/h,53,2.3003472222222223
26579,Fim Proib. >3.5t,100 km/h,53,2.3003472222222223
20282,Semáforo,Prioridade Cruzamento,53,2.3003472222222223
3921,60 km/h,80 km/h,54,2.34375
4411,70 km/h,50 km/h,54,2.34375
4400,70 km/h,80 km/h,54,2.34375
25424,Mantenha-se à Direita,120 km/h,54,2.34375
12202,Via Prioritária,70 km/h,54,2.34375
34929,50 km/h,80 km/h,54,2.34375
1865,50 km/h,Dê a Preferência,54,2.34375
3058,50 km/h,100 km/h,54,2.34375
12802,Via Prioritária,Proib. P/ >3.5t,54,2.34375
34687,Estreitamento (D),80 km/h,54,2.34375
18466,Pista Irregular,Ciclistas,54,2.34375
3754,60 km/h,80 km/h,54,2.34375
38065,Mantenha-se à Direita,80 km/h,54,2.34375
24266,Frente ou Direita,Vire à Direita,54,2.34375
4663,70 km/h,80 km/h,54,2.34375
4589,70 km/h,80 km/h,54,2.34375
2309,50 km/h,80 km/h,54,2.34375
2324,50 km/h,60 km/h,54,2.34375
2289,50 km/h,60 km/h,54,2.34375
7049,100 km/h,80 km/h,54,2.34375
29724,Dê a Preferência,50 km/h,54,2.34375
18313,Curva Dupla,Estreitamento (D),54,2.34375
37447,60 km/h,80 km/h,54,2.34375
31115,50 km/h,100 km/h,54,2.34375
17233,Cuidado Geral,Semáforo,54,2.34375
2234,50 km/h,60 km/h,54,2.34375
36500,50 km/h,80 km/h,54,2.34375
26530,Fim Proib. >3.5t,Proib. P/ >3.5t,54,2.34375
2481,50 km/h,100 km/h,54,2.34375
17806,Cuidado Geral,Semáforo,55,2.3871527777777777
11294,Prioridade Cruzamento,Curva Dupla,55,2.3871527777777777
17818,Cuidado Geral,Semáforo,55,2.3871527777777777
17317,Cuidado Geral,Semáforo,55,2.3871527777777777
17688,Cuidado Geral,Semáforo,55,2.3871527777777777
30530,Dê a Preferência,60 km/h,55,2.3871527777777777
21533,Neve/Gelo,Estreitamento (D),55,2.3871527777777777
13982,Dê a Preferência,50 km/h,55,2.3871527777777777
8426,120 km/h,30 km/h,55,2.3871527777777777
21742,Animais Selvagens,Obras,55,2.3871527777777777
18311,Curva Dupla,Estreitamento (D),55,2.3871527777777777
9251,Proib. Ultrapassar,Proibido >3.5t,55,2.3871527777777777
21679,Neve/Gelo,Estreitamento (D),55,2.3871527777777777
13505,Via Prioritária,Dê a Preferência,55,2.3871527777777777
33930,Obras,80 km/h,55,2.3871527777777777
2226,50 km/h,60 km/h,55,2.3871527777777777
31384,70 km/h,100 km/h,56,2.430555555555556
21655,Neve/Gelo,Curva Perigosa (E),56,2.430555555555556
38585,50 km/h,80 km/h,56,2.430555555555556
3920,60 km/h,80 km/h,56,2.430555555555556
4660,70 km/h,80 km/h,56,2.430555555555556
13838,Dê a Preferência,50 km/h,56,2.430555555555556
4631,70 km/h,100 km/h,56,2.430555555555556
22857,Vire à Direita,Fim Proib. >3.5t,56,2.430555555555556
18315,Curva Dupla,Estreitamento (D),56,2.430555555555556
30304,PARE,Obras,56,2.430555555555556
20860,Pedestres,Semáforo,56,2.430555555555556
33117,Animais Selvagens,Obras,56,2.430555555555556
14022,Dê a Preferência,50 km/h,56,2.430555555555556
2894,50 km/h,80 km/h,56,2.430555555555556
2154,50 km/h,80 km/h,56,2.430555555555556
4494,70 km/h,50 km/h,56,2.430555555555556
11766,Prioridade Cruzamento,Estreitamento (D),56,2.430555555555556
9319,Proib. Ultrapassar,30 km/h,57,2.473958333333333
27578,Fim Proib. >3.5t,Dê a Preferência,57,2.473958333333333
15948,Proibido Veículos,80 km/h,57,2.473958333333333
32367,Fim Proib. >3.5t,Dê a Preferência,57,2.473958333333333
34582,Proibido Veículos,60 km/h,57,2.473958333333333
24235,Frente ou Direita,Vire à Direita,57,2.473958333333333
28408,30 km/h,20 km/h,57,2.473958333333333
30771,Prioridade Cruzamento,Pedestres,57,2.473958333333333
17333,Cuidado Geral,Semáforo,57,2.473958333333333
37841,Fim Proib. Ultrapassar,Fim de Proibições,57,2.473958333333333
31662,Fim Proib. >3.5t,Dê a Preferência,57,2.473958333333333
21753,Animais Selvagens,Curva Dupla,57,2.473958333333333
15941,Proibido Veículos,80 km/h,57,2.473958333333333
29100,Prioridade Cruzamento,Pedestres,57,2.473958333333333
27978,Fim Proib. >3.5t,Dê a Preferência,57,2.473958333333333
31053,Fim Proib. >3.5t,Dê a Preferência,57,2.473958333333333
22315,Fim de Proibições,Fim 80,57,2.473958333333333
6841,Fim 80,Fim de Proibições,57,2.473958333333333
20949,Crianças,Cuidado Geral,57,2.473958333333333
25365,Mantenha-se à Direita,Frente ou Direita,58,2.517361111111111
6840,Fim 80,Fim de Proibições,58,2.517361111111111
5038,70 km/h,120 km/h,58,2.517361111111111
28241,Fim 80,Prioridade Cruzamento,58,2.517361111111111
15512,PARE,Proibido Entrar,58,2.517361111111111
31109,Animais Selvagens,Crianças,58,2.517361111111111
33864,70 km/h,80 km/h,58,2.517361111111111
23437,Siga em Frente,Crianças,58,2.517361111111111
36218,Proib. Ultrapassar,Proibido >3.5t,58,2.517361111111111
20733,Pedestres,Semáforo,59,2.560763888888889
16822,Proibido Entrar,80 km/h,59,2.560763888888889
191,30 km/h,60 km/h,59,2.560763888888889
36245,70 km/h,80 km/h,59,2.560763888888889
38909,Proib. Ultrapassar,Proibido >3.5t,59,2.560763888888889
12010,Prioridade Cruzamento,Pedestres,59,2.560763888888889
36739,Mantenha-se à Direita,Crianças,59,2.560763888888889
29640,Prioridade Cruzamento,Curva Perigosa (D),59,2.560763888888889
11927,Prioridade Cruzamento,Curva Dupla,59,2.560763888888889
9249,Proib. Ultrapassar,Proibido >3.5t,59,2.560763888888889
11923,Prioridade Cruzamento,Curva Dupla,59,2.560763888888889
20815,Pedestres,Semáforo,59,2.560763888888889
22280,Fim de Proibições,Mantenha-se à Direita,60,2.604166666666667
39089,Obras,80 km/h,60,2.604166666666667
8164,120 km/h,100 km/h,60,2.604166666666667
36294,Proibido Veículos,60 km/h,60,2.604166666666667
33210,Semáforo,Pedestres,60,2.604166666666667
32614,Prioridade Cruzamento,Cuidado Geral,60,2.604166666666667
33773,Obras,Cuidado Geral,60,2.604166666666667
15704,Proibido Veículos,80 km/h,60,2.604166666666667
16169,Proibido >3.5t,Dê a Preferência,60,2.604166666666667
25778,Mantenha-se à Direita,Curva Perigosa (D),60,2.604166666666667
34066,120 km/h,100 km/h,60,2.604166666666667
2411,50 km/h,60 km/h,60,2.604166666666667
15936,Proibido Veículos,80 km/h,60,2.604166666666667
38138,Proibido Veículos,Fim de Proibições,61,2.647569444444444
24776,Mantenha-se à Direita,Siga em Frente,61,2.647569444444444
1285,30 km/h,20 km/h,61,2.647569444444444
17329,Cuidado Geral,Semáforo,61,2.647569444444444
17393,Cuidado Geral,70 km/h,61,2.647569444444444
34700,Cuidado Geral,Semáforo,61,2.647569444444444
4327,70 km/h,80 km/h,61,2.647569444444444
17485,Cuidado Geral,70 km/h,61,2.647569444444444
17245,Cuidado Geral,Semáforo,61,2.647569444444444
17185,Cuidado Geral,Semáforo,61,2.647569444444444
26836,120 km/h,Proibido Veículos,61,2.647569444444444
17680,Cuidado Geral,Semáforo,61,2.647569444444444
27945,Proibido >3.5t,100 km/h,61,2.647569444444444
33675,Cuidado Geral,Semáforo,61,2.647569444444444
36011,Cuidado Geral,70 km/h,61,2.647569444444444
17330,Cuidado Geral,Semáforo,61,2.647569444444444
18167,Curva Perigosa (D),Neve/Gelo,62,2.6909722222222223
2577,50 km/h,60 km/h,62,2.6909722222222223
18109,Curva Perigosa (D),80 km/h,62,2.6909722222222223
6741,Fim 80,80 km/h,62,2.6909722222222223
13083,Via Prioritária,Cuidado Geral,62,2.6909722222222223
13506,Via Prioritária,Dê a Preferência,62,2.6909722222222223
13002,Via Prioritária,120 km/h,62,2.6909722222222223
36431,Curva Perigosa (D),Crianças,62,2.6909722222222223
17331,Cuidado Geral,Semáforo,62,2.6909722222222223
37654,Proib. Ultrapassar,Pista Escorregadia,62,2.6909722222222223
13090,Via Prioritária,Obras,62,2.6909722222222223
17158,Cuidado Geral,Semáforo,62,2.6909722222222223
18288,Curva Dupla,Obras,62,2.6909722222222223
13086,Via Prioritária,Vire à Esquerda,62,2.6909722222222223
38784,Proib. P/ >3.5t,50 km/h,62,2.6909722222222223
9905,Proib. P/ >3.5t,70 km/h,62,2.6909722222222223
18418,Curva Dupla,Neve/Gelo,62,2.6909722222222223
38428,Curva Dupla,Neve/Gelo,62,2.6909722222222223
17154,Cuidado Geral,Semáforo,62,2.6909722222222223
9223,Proib. Ultrapassar,30 km/h,62,2.6909722222222223
28546,50 km/h,60 km/h,62,2.6909722222222223
11306,Prioridade Cruzamento,Curva Dupla,63,2.734375
15638,Proibido Veículos,80 km/h,63,2.734375
23444,Siga em Frente,Frente ou Direita,63,2.734375
27752,Prioridade Cruzamento,Pedestres,63,2.734375
17607,Cuidado Geral,Semáforo,63,2.734375
15645,Proibido Veículos,80 km/h,63,2.734375
5719,80 km/h,Mantenha-se à Direita,63,2.734375
32433,Animais Selvagens,Curva Dupla,63,2.734375
6433,80 km/h,30 km/h,63,2.734375
11699,Prioridade Cruzamento,Cuidado Geral,63,2.734375
30249,Mantenha-se à Direita,Curva Perigosa (D),64,2.7777777777777777
35495,70 km/h,100 km/h,64,2.7777777777777777
11799,Prioridade Cruzamento,Curva Dupla,64,2.7777777777777777
16844,Proibido Entrar,Dê a Preferência,64,2.7777777777777777
31785,70 km/h,80 km/h,64,2.7777777777777777
17881,Curva Perigosa (E),Pista Escorregadia,64,2.7777777777777777
18447,Curva Dupla,Neve/Gelo,64,2.7777777777777777
17148,Cuidado Geral,Semáforo,64,2.7777777777777777
33428,Semáforo,Cuidado Geral,64,2.7777777777777777
25726,Mantenha-se à Direita,120 km/h,64,2.7777777777777777
33951,Mantenha-se à Direita,Frente ou Esquerda,64,2.7777777777777777
11446,Prioridade Cruzamento,Pedestres,64,2.7777777777777777
6269,80 km/h,120 km/h,64,2.7777777777777777
16821,Proibido Entrar,100 km/h,64,2.7777777777777777
6636,80 km/h,60 km/h,64,2.7777777777777777
32453,30 km/h,20 km/h,64,2.7777777777777777
3064,50 km/h,80 km/h,64,2.7777777777777777
17328,Cuidado Geral,Semáforo,65,2.821180555555556
2052,50 km/h,60 km/h,65,2.821180555555556
17650,Cuidado Geral,Prioridade Cruzamento,65,2.821180555555556
18307,Curva Dupla,Estreitamento (D),65,2.821180555555556
24237,Frente ou Direita,Vire à Direita,65,2.821180555555556
5325,70 km/h,80 km/h,65,2.821180555555556
17280,Cuidado Geral,Prioridade Cruzamento,65,2.821180555555556
24232,Frente ou Direita,Siga em Frente,65,2.821180555555556
11922,Prioridade Cruzamento,Curva Dupla,65,2.821180555555556
24231,Frente ou Direita,Vire à Direita,65,2.821180555555556
5314,70 km/h,80 km/h,65,2.821180555555556
16614,Proibido Entrar,Fim Proib. >3.5t,66,2.864583333333333
1875,50 km/h,Obras,66,2.864583333333333
17155,Cuidado Geral,Semáforo,66,2.864583333333333
36324,Dê a Preferência,50 km/h,66,2.864583333333333
33782,Semáforo,Cuidado Geral,66,2.864583333333333
33059,Prioridade Cruzamento,Curva Dupla,66,2.864583333333333
14005,Dê a Preferência,50 km/h,66,2.864583333333333
14030,Dê a Preferência,50 km/h,66,2.864583333333333
33983,Proibido >3.5t,100 km/h,66,2.864583333333333
29114,Proibido >3.5t,100 km/h,66,2.864583333333333
15996,Proibido >3.5t,100 km/h,66,2.864583333333333
23274,Siga em Frente,Vire à Direita,66,2.864583333333333
27090,Proib. Ultrapassar,Proib. P/ >3.5t,66,2.864583333333333
35447,Prioridade Cruzamento,Curva Dupla,66,2.864583333333333
14003,Dê a Preferência,Pista Escorregadia,66,2.864583333333333
29572,Dê a Preferência,50 km/h,66,2.864583333333333
30505,Via Prioritária,70 km/h,66,2.864583333333333
30669,Proibido >3.5t,100 km/h,66,2.864583333333333
27114,Siga em Frente,Frente ou Direita,67,2.907986111111111
587,30 km/h,Obras,67,2.907986111111111
2632,50 km/h,30 km/h,67,2.907986111111111
38041,Dê a Preferência,50 km/h,67,2.907986111111111
28483,Ciclistas,Obras,68,2.951388888888889
16145,Proibido >3.5t,Cuidado Geral,68,2.951388888888889
23498,Siga em Frente,Mantenha-se à Direita,68,2.951388888888889
1034,30 km/h,50 km/h,68,2.951388888888889
16829,Proibido Entrar,80 km/h,68,2.951388888888889
17804,Cuidado Geral,Semáforo,68,2.951388888888889
32795,Obras,Crianças,68,2.951388888888889
25425,Mantenha-se à Direita,120 km/h,68,2.951388888888889
16080,Proibido >3.5t,Dê a Preferência,68,2.951388888888889
3928,60 km/h,80 km/h,68,2.951388888888889
31289,Via Prioritária,Obras,68,2.951388888888889
26628,Fim Proib. >3.5t,Proib. P/ >3.5t,68,2.951388888888889
17248,Cuidado Geral,Prioridade Cruzamento,68,2.951388888888889
25434,Mantenha-se à Direita,Via Prioritária,69,2.994791666666667
17188,Cuidado Geral,Semáforo,69,2.994791666666667
21309,Ciclistas,Obras,69,2.994791666666667
35873,Fim Proib. >3.5t,Dê a Preferência,69,2.994791666666667
26443,Fim Proib. Ultrapassar,Fim de Proibições,69,2.994791666666667
31439,Proibido >3.5t,100 km/h,69,2.994791666666667
9187,Proib. Ultrapassar,60 km/h,69,2.994791666666667
12583,Via Prioritária,120 km/h,69,2.994791666666667
21764,Animais Selvagens,Curva Dupla,69,2.994791666666667
24885,Mantenha-se à Direita,Pista Escorregadia,69,2.994791666666667
6528,80 km/h,20 km/h,69,2.994791666666667
4455,70 km/h,80 km/h,70,3.038194444444444
15712,Proibido Veículos,50 km/h,70,3.038194444444444
9793,Proib. Ultrapassar,Dê a Preferência,70,3.038194444444444
11534,Prioridade Cruzamento,Crianças,70,3.038194444444444
15755,Proibido Veículos,80 km/h,70,3.038194444444444
24228,Frente ou Direita,Vire à Direita,70,3.038194444444444
28854,70 km/h,80 km/h,70,3.038194444444444
4366,70 km/h,80 km/h,70,3.038194444444444
15655,Proibido Veículos,80 km/h,70,3.038194444444444
15606,Proibido Veículos,50 km/h,70,3.038194444444444
5373,70 km/h,50 km/h,70,3.038194444444444
3866,60 km/h,80 km/h,71,3.0815972222222223
26858,70 km/h,100 km/h,71,3.0815972222222223
3861,60 km/h,80 km/h,71,3.0815972222222223
25443,Mantenha-se à Direita,120 km/h,71,3.0815972222222223
9911,Proib. P/ >3.5t,70 km/h,71,3.0815972222222223
27030,70 km/h,80 km/h,71,3.0815972222222223
30161,Estreitamento (D),Curva Dupla,71,3.0815972222222223
25745,Mantenha-se à Direita,Rotatória,71,3.0815972222222223
36307,70 km/h,80 km/h,71,3.0815972222222223
9915,Proib. P/ >3.5t,100 km/h,71,3.0815972222222223
14960,Dê a Preferência,50 km/h,71,3.0815972222222223
4577,70 km/h,80 km/h,71,3.0815972222222223
3445,60 km/h,80 km/h,71,3.0815972222222223
16074,Proibido >3.5t,80 km/h,71,3.0815972222222223
38256,Mantenha-se à Direita,Mantenha-se à Esquerda,71,3.0815972222222223
37316,Fim 80,80 km/h,71,3.0815972222222223
37438,60 km/h,80 km/h,71,3.0815972222222223
10856,Proib. P/ >3.5t,80 km/h,71,3.0815972222222223
25690,Mantenha-se à Direita,Rotatória,71,3.0815972222222223
24652,Mantenha-se à Direita,Frente ou Esquerda,71,3.0815972222222223
4338,70 km/h,100 km/h,72,3.125
19928,Obras,70 km/h,72,3.125
26577,Fim Proib. >3.5t,Pista Escorregadia,72,3.125
35290,Via Prioritária,Fim Proib. >3.5t,72,3.125
4387,70 km/h,100 km/h,72,3.125
15946,Proibido Veículos,50 km/h,72,3.125
834,30 km/h,20 km/h,73,3.1684027777777777
31768,Proibido >3.5t,100 km/h,73,3.1684027777777777
28559,Siga em Frente,Crianças,73,3.1684027777777777
9507,Proib. Ultrapassar,Proibido >3.5t,73,3.1684027777777777
833,30 km/h,20 km/h,73,3.1684027777777777
1286,30 km/h,20 km/h,73,3.1684027777777777
1342,30 km/h,20 km/h,73,3.1684027777777777
16244,Proibido >3.5t,100 km/h,73,3.1684027777777777
11803,Prioridade Cruzamento,Curva Dupla,73,3.1684027777777777
832,30 km/h,20 km/h,73,3.1684027777777777
9688,Proib. Ultrapassar,Proibido >3.5t,73,3.1684027777777777
12634,Via Prioritária,Fim Proib. >3.5t,73,3.1684027777777777
16945,Proibido Entrar,Dê a Preferência,73,3.1684027777777777
28157,Fim Proib. >3.5t,Fim Proib. Ultrapassar,73,3.1684027777777777
34957,Prioridade Cruzamento,Curva Dupla,73,3.1684027777777777
12638,Via Prioritária,Fim Proib. >3.5t,73,3.1684027777777777
37102,Proib. P/ >3.5t,70 km/h,74,3.2118055555555554
32089,Proib. P/ >3.5t,50 km/h,74,3.2118055555555554
27250,Pedestres,Semáforo,74,3.2118055555555554
2619,50 km/h,30 km/h,74,3.2118055555555554
9901,Proib. P/ >3.5t,70 km/h,74,3.2118055555555554
25749,Mantenha-se à Direita,Rotatória,74,3.2118055555555554
27972,70 km/h,120 km/h,74,3.2118055555555554
12631,Via Prioritária,Fim Proib. >3.5t,74,3.2118055555555554
33470,Via Prioritária,Fim Proib. >3.5t,74,3.2118055555555554
29491,Proib. P/ >3.5t,80 km/h,74,3.2118055555555554
5205,70 km/h,Fim de Proibições,74,3.2118055555555554
12510,Via Prioritária,120 km/h,74,3.2118055555555554
9685,Proib. Ultrapassar,Proibido >3.5t,74,3.2118055555555554
24669,Mantenha-se à Direita,Pista Escorregadia,74,3.2118055555555554
33173,Proib. P/ >3.5t,70 km/h,74,3.2118055555555554
9329,Proib. Ultrapassar,Proibido >3.5t,74,3.2118055555555554
16258,Proibido >3.5t,100 km/h,74,3.2118055555555554
12603,Via Prioritária,Fim Proib. >3.5t,74,3.2118055555555554
37132,Proib. P/ >3.5t,Proibido Entrar,74,3.2118055555555554
21663,Neve/Gelo,Estreitamento (D),74,3.2118055555555554
23278,Siga em Frente,Frente ou Direita,74,3.2118055555555554
29137,70 km/h,80 km/h,74,3.2118055555555554
22817,Vire à Direita,Mantenha-se à Direita,74,3.2118055555555554
17484,Cuidado Geral,70 km/h,74,3.2118055555555554
27765,100 km/h,120 km/h,74,3.2118055555555554
1878,50 km/h,Dê a Preferência,74,3.2118055555555554
10668,Proib. P/ >3.5t,50 km/h,75,3.2552083333333335
8568,120 km/h,60 km/h,75,3.2552083333333335
10295,Proib. P/ >3.5t,70 km/h,75,3.2552083333333335
34561,Proibido >3.5t,100 km/h,75,3.2552083333333335
16601,Proibido Entrar,Dê a Preferência,75,3.2552083333333335
15656,Proibido Veículos,60 km/h,75,3.2552083333333335
21408,Ciclistas,Neve/Gelo,76,3.298611111111111
13381,Via Prioritária,Fim Proib. >3.5t,76,3.298611111111111
20307,Semáforo,Prioridade Cruzamento,76,3.298611111111111
25357,Mantenha-se à Direita,120 km/h,76,3.298611111111111
33311,Via Prioritária,Siga em Frente,76,3.298611111111111
22296,Fim de Proibições,30 km/h,76,3.298611111111111
5619,80 km/h,70 km/h,76,3.298611111111111
19236,Estreitamento (D),Ciclistas,76,3.298611111111111
22269,Fim de Proibições,Mantenha-se à Direita,76,3.298611111111111
1927,50 km/h,Proib. Ultrapassar,76,3.298611111111111
21603,Neve/Gelo,80 km/h,77,3.342013888888889
32181,Prioridade Cruzamento,Neve/Gelo,77,3.342013888888889
21370,Ciclistas,Obras,77,3.342013888888889
10900,Proib. P/ >3.5t,70 km/h,77,3.342013888888889
5296,70 km/h,120 km/h,77,3.342013888888889
9527,Proib. Ultrapassar,60 km/h,77,3.342013888888889
2850,50 km/h,Proib. Ultrapassar,77,3.342013888888889
25823,Mantenha-se à Direita,Rotatória,77,3.342013888888889
2584,50 km/h,80 km/h,77,3.342013888888889
10041,Proib. P/ >3.5t,70 km/h,78,3.3854166666666665
34596,Dê a Preferência,Proib. P/ >3.5t,78,3.3854166666666665
17423,Cuidado Geral,70 km/h,78,3.3854166666666665
30894,PARE,80 km/h,78,3.3854166666666665
12032,Prioridade Cruzamento,Dê a Preferência,78,3.3854166666666665
34978,Proib. P/ >3.5t,70 km/h,78,3.3854166666666665
29920,Siga em Frente,Frente ou Direita,78,3.3854166666666665
14067,Dê a Preferência,Proib. P/ >3.5t,78,3.3854166666666665
16943,Proibido Entrar,Dê a Preferência,78,3.3854166666666665
32293,PARE,80 km/h,78,3.3854166666666665
2848,50 km/h,80 km/h,78,3.3854166666666665
11453,Prioridade Cruzamento,Crianças,78,3.3854166666666665
1828,50 km/h,100 km/h,78,3.3854166666666665
11153,Proib. P/ >3.5t,70 km/h,78,3.3854166666666665
21233,Crianças,Neve/Gelo,78,3.3854166666666665
16854,Proibido Entrar,Dê a Preferência,78,3.3854166666666665
10588,Proib. P/ >3.5t,Dê a Preferência,78,3.3854166666666665
16001,Proibido >3.5t,100 km/h,78,3.3854166666666665
32251,Proib. P/ >3.5t,70 km/h,78,3.3854166666666665
16264,Proibido Entrar,Dê a Preferência,78,3.3854166666666665
16932,Proibido Entrar,Dê a Preferência,78,3.3854166666666665
38317,PARE,Obras,78,3.3854166666666665
37736,Dê a Preferência,50 km/h,78,3.3854166666666665
5838,80 km/h,20 km/h,79,3.4288194444444446
12644,Via Prioritária,Fim Proib. >3.5t,79,3.4288194444444446
3077,50 km/h,80 km/h,79,3.4288194444444446
21487,Neve/Gelo,Estreitamento (D),79,3.4288194444444446
1687,50 km/h,30 km/h,79,3.4288194444444446
27897,Prioridade Cruzamento,Crianças,79,3.4288194444444446
21312,Ciclistas,Obras,79,3.4288194444444446
10483,Proib. P/ >3.5t,70 km/h,79,3.4288194444444446
26612,Fim Proib. >3.5t,70 km/h,80,3.4722222222222223
24013,Siga em Frente,Frente ou Direita,80,3.4722222222222223
19741,Obras,Dê a Preferência,80,3.4722222222222223
27579,Via Prioritária,Fim Proib. >3.5t,80,3.4722222222222223
31033,Proib. P/ >3.5t,50 km/h,80,3.4722222222222223
12643,Via Prioritária,Fim Proib. >3.5t,80,3.4722222222222223
4297,70 km/h,80 km/h,80,3.4722222222222223
21227,Crianças,Neve/Gelo,81,3.515625
31933,Curva Perigosa (D),Ciclistas,81,3.515625
18184,Curva Perigosa (D),Obras,81,3.515625
33342,Curva Perigosa (D),Pista Escorregadia,81,3.515625
37062,Siga em Frente,Frente ou Direita,81,3.515625
26166,Rotatória,Mantenha-se à Direita,81,3.515625
12143,Prioridade Cruzamento,Crianças,81,3.515625
36985,Proib. Ultrapassar,Proibido >3.5t,81,3.515625
35259,Proibido >3.5t,100 km/h,81,3.515625
2898,50 km/h,80 km/h,81,3.515625
23834,Siga em Frente,Vire à Esquerda,81,3.515625
16241,Proibido >3.5t,Prioridade Cruzamento,81,3.515625
36807,Siga em Frente,Vire à Esquerda,82,3.5590277777777777
2155,50 km/h,100 km/h,82,3.5590277777777777
10251,Proib. P/ >3.5t,70 km/h,82,3.5590277777777777
38115,Proib. P/ >3.5t,70 km/h,82,3.5590277777777777
24899,Mantenha-se à Direita,Via Prioritária,82,3.5590277777777777
30435,Prioridade Cruzamento,Crianças,82,3.5590277777777777
29926,PARE,Obras,82,3.5590277777777777
11347,Prioridade Cruzamento,Obras,82,3.5590277777777777
23936,Siga em Frente,Frente ou Direita,82,3.5590277777777777
31424,50 km/h,80 km/h,82,3.5590277777777777
6763,Fim 80,80 km/h,83,3.6024305555555554
10188,Proib. P/ >3.5t,Dê a Preferência,83,3.6024305555555554
28599,Prioridade Cruzamento,Curva Dupla,83,3.6024305555555554
25320,Mantenha-se à Direita,Vire à Esquerda,83,3.6024305555555554
30720,Prioridade Cruzamento,Curva Dupla,83,3.6024305555555554
15701,Proibido Veículos,80 km/h,83,3.6024305555555554
26295,Fim Proib. Ultrapassar,Fim Proib. >3.5t,83,3.6024305555555554
11261,Prioridade Cruzamento,Curva Dupla,83,3.6024305555555554
12012,Prioridade Cruzamento,Pedestres,83,3.6024305555555554
11925,Prioridade Cruzamento,Curva Dupla,83,3.6024305555555554
19108,Estreitamento (D),Curva Dupla,83,3.6024305555555554
22161,Animais Selvagens,Obras,83,3.6024305555555554
11815,Prioridade Cruzamento,Curva Dupla,83,3.6024305555555554
38231,Proib. P/ >3.5t,Dê a Preferência,83,3.6024305555555554
30264,Prioridade Cruzamento,Curva Dupla,83,3.6024305555555554
11806,Prioridade Cruzamento,Curva Dupla,83,3.6024305555555554
33216,Mantenha-se à Direita,Neve/Gelo,84,3.6458333333333335
11947,Prioridade Cruzamento,Cuidado Geral,84,3.6458333333333335
27254,Prioridade Cruzamento,Pedestres,84,3.6458333333333335
11483,Prioridade Cruzamento,Curva Dupla,84,3.6458333333333335
4513,70 km/h,120 km/h,84,3.6458333333333335
10769,Proib. P/ >3.5t,Dê a Preferência,84,3.6458333333333335
1257,30 km/h,50 km/h,84,3.6458333333333335
5378,70 km/h,50 km/h,84,3.6458333333333335
17183,Cuidado Geral,Semáforo,84,3.6458333333333335
11159,Proib. P/ >3.5t,50 km/h,84,3.6458333333333335
17785,Cuidado Geral,Semáforo,84,3.6458333333333335
17187,Cuidado Geral,Semáforo,84,3.6458333333333335
29768,Proib. P/ >3.5t,50 km/h,84,3.6458333333333335
35187,Dê a Preferência,50 km/h,84,3.6458333333333335
30664,Proib. P/ >3.5t,70 km/h,84,3.6458333333333335
10895,Proib. P/ >3.5t,50 km/h,84,3.6458333333333335
25428,Mantenha-se à Direita,120 km/h,84,3.6458333333333335
38503,Prioridade Cruzamento,Neve/Gelo,85,3.689236111111111
886,30 km/h,20 km/h,85,3.689236111111111
685,30 km/h,Obras,85,3.689236111111111
11606,Prioridade Cruzamento,80 km/h,85,3.689236111111111
39224,Prioridade Cruzamento,Curva Dupla,85,3.689236111111111
4564,70 km/h,100 km/h,85,3.689236111111111
25108,Mantenha-se à Direita,Fim Proib. >3.5t,86,3.732638888888889
16245,Proibido >3.5t,Cuidado Geral,86,3.732638888888889
16826,Proibido Entrar,80 km/h,86,3.732638888888889
699,30 km/h,80 km/h,86,3.732638888888889
19358,Obras,Proib. P/ >3.5t,87,3.7760416666666665
36808,50 km/h,30 km/h,87,3.7760416666666665
15761,Proibido Veículos,80 km/h,87,3.7760416666666665
37331,Curva Perigosa (D),Crianças,87,3.7760416666666665
17733,Cuidado Geral,Obras,87,3.7760416666666665
15602,Proibido Veículos,20 km/h,87,3.7760416666666665
10855,Proib. P/ >3.5t,80 km/h,87,3.7760416666666665
26061,Rotatória,Frente ou Esquerda,87,3.7760416666666665
31706,Estreitamento (D),Pedestres,87,3.7760416666666665
17918,Curva Perigosa (E),Estreitamento (D),87,3.7760416666666665
2544,50 km/h,80 km/h,87,3.7760416666666665
19356,Obras,Proib. P/ >3.5t,87,3.7760416666666665
32430,Proib. P/ >3.5t,70 km/h,87,3.7760416666666665
35541,Proib. P/ >3.5t,70 km/h,87,3.7760416666666665
10899,Proib. P/ >3.5t,80 km/h,87,3.7760416666666665
16281,Proibido Entrar,Proib. P/ >3.5t,88,3.8194444444444446
24534,Mantenha-se à Direita,Neve/Gelo,88,3.8194444444444446
1073,30 km/h,50 km/h,88,3.8194444444444446
17655,Cuidado Geral,Dê a Preferência,88,3.8194444444444446
11399,Prioridade Cruzamento,Curva Dupla,88,3.8194444444444446
28498,Proib. P/ >3.5t,Dê a Preferência,89,3.8628472222222223
26611,Fim Proib. >3.5t,Proib. P/ >3.5t,89,3.8628472222222223
15699,Proibido Veículos,80 km/h,89,3.8628472222222223
21268,Ciclistas,70 km/h,89,3.8628472222222223
11361,Prioridade Cruzamento,Crianças,89,3.8628472222222223
30774,50 km/h,80 km/h,89,3.8628472222222223
16266,Proibido Entrar,Dê a Preferência,89,3.8628472222222223
27236,70 km/h,Dê a Preferência,90,3.90625
4365,70 km/h,100 km/h,90,3.90625
4516,70 km/h,120 km/h,90,3.90625
5108,70 km/h,Dê a Preferência,90,3.90625
11405,Prioridade Cruzamento,60 km/h,90,3.90625
29326,70 km/h,20 km/h,90,3.90625
1912,50 km/h,30 km/h,90,3.90625
25750,Mantenha-se à Direita,Rotatória,90,3.90625
37499,Mantenha-se à Direita,80 km/h,90,3.90625
2736,50 km/h,30 km/h,90,3.90625
25786,Mantenha-se à Direita,Rotatória,91,3.9496527777777777
13318,Via Prioritária,Cuidado Geral,91,3.9496527777777777
31820,Cuidado Geral,Fim de Proibições,91,3.9496527777777777
37321,Prioridade Cruzamento,Pedestres,91,3.9496527777777777
11255,Prioridade Cruzamento,Curva Perigosa (E),91,3.9496527777777777
5405,70 km/h,100 km/h,91,3.9496527777777777
37935,Proib. P/ >3.5t,70 km/h,91,3.9496527777777777
11940,Prioridade Cruzamento,Neve/Gelo,91,3.9496527777777777
28084,Prioridade Cruzamento,Crianças,91,3.9496527777777777
10250,Proib. P/ >3.5t,70 km/h,91,3.9496527777777777
4670,70 km/h,80 km/h,91,3.9496527777777777
37961,Prioridade Cruzamento,Crianças,91,3.9496527777777777
31507,Prioridade Cruzamento,Pedestres,91,3.9496527777777777
17617,Cuidado Geral,Semáforo,92,3.9930555555555554
12616,Via Prioritária,Fim Proib. >3.5t,92,3.9930555555555554
14809,Dê a Preferência,Proib. P/ >3.5t,92,3.9930555555555554
29993,Frente ou Esquerda,Siga em Frente,93,4.036458333333334
12068,Prioridade Cruzamento,Crianças,93,4.036458333333334
25437,Mantenha-se à Direita,Via Prioritária,93,4.036458333333334
36464,Via Prioritária,Fim Proib. >3.5t,93,4.036458333333334
20820,Pedestres,Semáforo,93,4.036458333333334
4730,70 km/h,120 km/h,93,4.036458333333334
1792,50 km/h,Obras,93,4.036458333333334
35852,Siga em Frente,Frente ou Direita,93,4.036458333333334
22468,Vire à Direita,Rotatória,93,4.036458333333334
12156,Via Prioritária,Fim Proib. >3.5t,93,4.036458333333334
15121,PARE,80 km/h,94,4.079861111111112
10904,Proib. P/ >3.5t,70 km/h,94,4.079861111111112
5845,80 km/h,20 km/h,94,4.079861111111112
32971,Proib. P/ >3.5t,50 km/h,94,4.079861111111112
10339,Proib. P/ >3.5t,50 km/h,94,4.079861111111112
29954,Proib. P/ >3.5t,50 km/h,94,4.079861111111112
10220,Proib. P/ >3.5t,50 km/h,94,4.079861111111112
2305,50 km/h,100 km/h,94,4.079861111111112
30493,Vire à Esquerda,Mantenha-se à Direita,94,4.079861111111112
37814,Proibido >3.5t,100 km/h,94,4.079861111111112
15975,Proibido >3.5t,100 km/h,94,4.079861111111112
32659,70 km/h,80 km/h,94,4.079861111111112
21404,Ciclistas,Neve/Gelo,94,4.079861111111112
29435,Proib. P/ >3.5t,50 km/h,94,4.079861111111112
32280,60 km/h,80 km/h,94,4.079861111111112
2978,50 km/h,60 km/h,94,4.079861111111112
19742,Obras,Dê a Preferência,94,4.079861111111112
35156,Prioridade Cruzamento,Curva Dupla,95,4.123263888888888
15634,Proibido Veículos,Proib. P/ >3.5t,95,4.123263888888888
17739,Cuidado Geral,Obras,95,4.123263888888888
23099,Vire à Esquerda,Proib. Ultrapassar,95,4.123263888888888
2729,50 km/h,100 km/h,96,4.166666666666666
12000,Prioridade Cruzamento,Curva Dupla,96,4.166666666666666
24532,Mantenha-se à Direita,Via Prioritária,97,4.210069444444445
11621,Prioridade Cruzamento,Pedestres,97,4.210069444444445
15762,Proibido Veículos,70 km/h,97,4.210069444444445
25072,Mantenha-se à Direita,80 km/h,97,4.210069444444445
28277,50 km/h,30 km/h,97,4.210069444444445
37550,Fim Proib. Ultrapassar,Proibido >3.5t,97,4.210069444444445
9202,Proib. Ultrapassar,Proibido >3.5t,97,4.210069444444445
16364,Proibido Entrar,Dê a Preferência,97,4.210069444444445
33588,Fim Proib. >3.5t,70 km/h,97,4.210069444444445
37607,50 km/h,30 km/h,97,4.210069444444445
13308,Via Prioritária,Pista Irregular,97,4.210069444444445
15654,Proibido Veículos,80 km/h,97,4.210069444444445
4294,70 km/h,30 km/h,97,4.210069444444445
28020,Proib. Ultrapassar,30 km/h,97,4.210069444444445
26500,Fim Proib. >3.5t,Dê a Preferência,97,4.210069444444445
27284,50 km/h,30 km/h,98,4.253472222222222
33225,Proib. P/ >3.5t,70 km/h,98,4.253472222222222
2443,50 km/h,80 km/h,98,4.253472222222222
18685,Pista Irregular,Ciclistas,98,4.253472222222222
35972,50 km/h,30 km/h,98,4.253472222222222
23093,Vire à Esquerda,Curva Perigosa (E),98,4.253472222222222
3014,50 km/h,30 km/h,98,4.253472222222222
25499,Mantenha-se à Direita,Via Prioritária,98,4.253472222222222
24673,Mantenha-se à Direita,Via Prioritária,98,4.253472222222222
15965,Proibido >3.5t,100 km/h,98,4.253472222222222
10636,Proib. P/ >3.5t,70 km/h,98,4.253472222222222
16138,Proibido >3.5t,100 km/h,98,4.253472222222222
37110,Via Prioritária,Fim Proib. >3.5t,98,4.253472222222222
8811,120 km/h,70 km/h,98,4.253472222222222
2988,50 km/h,60 km/h,98,4.253472222222222
10343,Proib. P/ >3.5t,50 km/h,98,4.253472222222222
10521,Proib. P/ >3.5t,80 km/h,98,4.253472222222222
10134,Proib. P/ >3.5t,50 km/h,98,4.253472222222222
28490,Siga em Frente,Frente ou Direita,98,4.253472222222222
26249,Rotatória,80 km/h,99,4.296875
1494,30 km/h,20 km/h,99,4.296875
4300,70 km/h,30 km/h,99,4.296875
13200,Via Prioritária,Fim Proib. >3.5t,99,4.296875
18687,Pista Irregular,Ciclistas,99,4.296875
32329,50 km/h,30 km/h,99,4.296875
36583,50 km/h,30 km/h,99,4.296875
2089,50 km/h,30 km/h,99,4.296875
2630,50 km/h,30 km/h,99,4.296875
27808,50 km/h,30 km/h,99,4.296875
34306,50 km/h,30 km/h,99,4.296875
26265,Rotatória,Mantenha-se à Direita,100,4.340277777777778
15793,Proibido Veículos,20 km/h,100,4.340277777777778
15858,Proibido Veículos,70 km/h,100,4.340277777777778
23933,Siga em Frente,Frente ou Direita,100,4.340277777777778
27869,Proib. P/ >3.5t,50 km/h,100,4.340277777777778
24010,Siga em Frente,Frente ou Direita,100,4.340277777777778
36602,80 km/h,60 km/h,100,4.340277777777778
35339,Prioridade Cruzamento,30 km/h,100,4.340277777777778
27904,Proib. P/ >3.5t,50 km/h,100,4.340277777777778
10845,Proib. P/ >3.5t,50 km/h,101,4.383680555555555
324,30 km/h,20 km/h,101,4.383680555555555
20153,Obras,60 km/h,101,4.383680555555555
1895,50 km/h,30 km/h,101,4.383680555555555
4206,70 km/h,Dê a Preferência,101,4.383680555555555
37918,50 km/h,100 km/h,101,4.383680555555555
24639,Mantenha-se à Direita,Siga em Frente,101,4.383680555555555
4208,70 km/h,Dê a Preferência,101,4.383680555555555
9070,Proib. Ultrapassar,Proibido >3.5t,101,4.383680555555555
9228,Proib. Ultrapassar,30 km/h,101,4.383680555555555
10378,Proib. P/ >3.5t,50 km/h,102,4.427083333333334
12076,Prioridade Cruzamento,Crianças,102,4.427083333333334
11839,Prioridade Cruzamento,Cuidado Geral,102,4.427083333333334
26756,Pedestres,Semáforo,102,4.427083333333334
31914,Animais Selvagens,Curva Dupla,102,4.427083333333334
38555,Mantenha-se à Direita,Fim Proib. >3.5t,102,4.427083333333334
28208,50 km/h,100 km/h,102,4.427083333333334
31622,50 km/h,30 km/h,102,4.427083333333334
11838,Prioridade Cruzamento,Crianças,102,4.427083333333334
5302,70 km/h,80 km/h,102,4.427083333333334
25754,Mantenha-se à Direita,Rotatória,102,4.427083333333334
12138,Prioridade Cruzamento,Neve/Gelo,102,4.427083333333334
11835,Prioridade Cruzamento,Cuidado Geral,102,4.427083333333334
35955,50 km/h,30 km/h,103,4.470486111111112
620,30 km/h,100 km/h,103,4.470486111111112
4726,70 km/h,120 km/h,103,4.470486111111112
26299,Fim Proib. Ultrapassar,Fim Proib. >3.5t,103,4.470486111111112
17476,Cuidado Geral,70 km/h,103,4.470486111111112
20736,Pedestres,Prioridade Cruzamento,103,4.470486111111112
5261,70 km/h,120 km/h,103,4.470486111111112
17970,Curva Perigosa (D),80 km/h,104,4.513888888888888
12274,Via Prioritária,Fim Proib. >3.5t,104,4.513888888888888
37452,Via Prioritária,Fim Proib. >3.5t,104,4.513888888888888
26641,30 km/h,Obras,104,4.513888888888888
28615,Via Prioritária,Fim Proib. >3.5t,104,4.513888888888888
39188,Proib. Ultrapassar,60 km/h,104,4.513888888888888
25323,Mantenha-se à Direita,Rotatória,104,4.513888888888888
33122,30 km/h,20 km/h,105,4.557291666666666
24536,Mantenha-se à Direita,Via Prioritária,105,4.557291666666666
39025,Prioridade Cruzamento,Curva Dupla,105,4.557291666666666
25822,Mantenha-se à Direita,Rotatória,105,4.557291666666666
15860,Proibido Veículos,50 km/h,105,4.557291666666666
30661,Prioridade Cruzamento,Curva Dupla,105,4.557291666666666
12130,Prioridade Cruzamento,Crianças,105,4.557291666666666
12014,Prioridade Cruzamento,Pedestres,106,4.600694444444445
38058,Prioridade Cruzamento,Crianças,106,4.600694444444445
11485,Prioridade Cruzamento,Curva Dupla,106,4.600694444444445
32073,Prioridade Cruzamento,Obras,106,4.600694444444445
3298,60 km/h,80 km/h,106,4.600694444444445
11476,Prioridade Cruzamento,Curva Dupla,106,4.600694444444445
11134,Proib. P/ >3.5t,50 km/h,106,4.600694444444445
11519,Prioridade Cruzamento,Neve/Gelo,106,4.600694444444445
11745,Prioridade Cruzamento,Obras,106,4.600694444444445
3299,60 km/h,80 km/h,106,4.600694444444445
28218,60 km/h,80 km/h,106,4.600694444444445
11488,Prioridade Cruzamento,Curva Dupla,106,4.600694444444445
30106,Prioridade Cruzamento,Curva Dupla,106,4.600694444444445
6775,Fim 80,80 km/h,107,4.644097222222222
4510,70 km/h,80 km/h,107,4.644097222222222
26623,Fim Proib. >3.5t,70 km/h,107,4.644097222222222
2755,50 km/h,30 km/h,107,4.644097222222222
34823,50 km/h,30 km/h,107,4.644097222222222
35103,50 km/h,30 km/h,107,4.644097222222222
26599,Fim Proib. >3.5t,70 km/h,107,4.644097222222222
16280,Proibido Entrar,Dê a Preferência,107,4.644097222222222
33332,Fim Proib. >3.5t,70 km/h,107,4.644097222222222
8838,120 km/h,80 km/h,107,4.644097222222222
1206,30 km/h,Dê a Preferência,107,4.644097222222222
6110,80 km/h,120 km/h,107,4.644097222222222
5909,80 km/h,20 km/h,107,4.644097222222222
15695,Proibido Veículos,80 km/h,107,4.644097222222222
26591,Fim Proib. >3.5t,Fim Proib. Ultrapassar,107,4.644097222222222
32481,Prioridade Cruzamento,Cuidado Geral,107,4.644097222222222
28607,70 km/h,60 km/h,107,4.644097222222222
11780,Prioridade Cruzamento,Crianças,108,4.6875
12307,Via Prioritária,Dê a Preferência,108,4.6875
11452,Prioridade Cruzamento,Crianças,108,4.6875
11407,Prioridade Cruzamento,30 km/h,108,4.6875
11758,Prioridade Cruzamento,Crianças,108,4.6875
33345,Proib. P/ >3.5t,50 km/h,108,4.6875
32374,Proibido >3.5t,100 km/h,108,4.6875
12080,Prioridade Cruzamento,Crianças,108,4.6875
4310,70 km/h,80 km/h,108,4.6875
11620,Prioridade Cruzamento,Crianças,108,4.6875
18367,Curva Dupla,Curva Perigosa (E),108,4.6875
11949,Prioridade Cruzamento,Crianças,108,4.6875
15698,Proibido Veículos,80 km/h,108,4.6875
16006,Proibido >3.5t,100 km/h,108,4.6875
11669,Prioridade Cruzamento,Dê a Preferência,109,4.730902777777778
627,30 km/h,80 km/h,109,4.730902777777778
35381,Proib. P/ >3.5t,50 km/h,109,4.730902777777778
2117,50 km/h,100 km/h,109,4.730902777777778
14754,Dê a Preferência,50 km/h,109,4.730902777777778
22272,Fim de Proibições,Mantenha-se à Direita,109,4.730902777777778
2025,50 km/h,100 km/h,109,4.730902777777778
8884,120 km/h,60 km/h,109,4.730902777777778
9229,Proib. Ultrapassar,30 km/h,109,4.730902777777778
27627,Animais Selvagens,Ciclistas,110,4.774305555555555
10354,Proib. P/ >3.5t,80 km/h,110,4.774305555555555
28109,Curva Perigosa (D),Pista Escorregadia,110,4.774305555555555
9236,Proib. Ultrapassar,50 km/h,110,4.774305555555555
27837,Proib. Ultrapassar,30 km/h,110,4.774305555555555
25450,Mantenha-se à Direita,Vire à Direita,110,4.774305555555555
35224,Prioridade Cruzamento,Cuidado Geral,111,4.817708333333334
26065,Rotatória,Vire à Direita,111,4.817708333333334
11481,Prioridade Cruzamento,Curva Dupla,111,4.817708333333334
16361,Proibido Entrar,Dê a Preferência,111,4.817708333333334
10867,Proib. P/ >3.5t,80 km/h,111,4.817708333333334
32755,80 km/h,60 km/h,112,4.861111111111112
18682,Pista Irregular,Ciclistas,112,4.861111111111112
37278,Dê a Preferência,50 km/h,112,4.861111111111112
17416,Cuidado Geral,70 km/h,113,4.904513888888888
18324,Curva Dupla,Estreitamento (D),113,4.904513888888888
18305,Curva Dupla,Pedestres,113,4.904513888888888
5307,70 km/h,80 km/h,113,4.904513888888888
6035,80 km/h,60 km/h,113,4.904513888888888
19194,Estreitamento (D),Curva Perigosa (E),114,4.947916666666666
21292,Ciclistas,Estreitamento (D),114,4.947916666666666
26363,Fim Proib. Ultrapassar,Fim Proib. >3.5t,114,4.947916666666666
11575,Prioridade Cruzamento,Cuidado Geral,114,4.947916666666666
37602,70 km/h,Dê a Preferência,114,4.947916666666666
20217,Obras,80 km/h,114,4.947916666666666
26607,Fim Proib. >3.5t,70 km/h,114,4.947916666666666
28416,Prioridade Cruzamento,Neve/Gelo,114,4.947916666666666
29395,80 km/h,120 km/h,114,4.947916666666666
17193,Cuidado Geral,Obras,114,4.947916666666666
29566,Proib. P/ >3.5t,Pista Irregular,114,4.947916666666666
12116,Prioridade Cruzamento,Pedestres,114,4.947916666666666
11190,Proib. P/ >3.5t,80 km/h,115,4.991319444444445
16086,Proibido >3.5t,30 km/h,115,4.991319444444445
19744,Obras,Cuidado Geral,115,4.991319444444445
31298,Frente ou Esquerda,Mantenha-se à Direita,116,5.034722222222222
34680,50 km/h,30 km/h,116,5.034722222222222
36537,50 km/h,30 km/h,116,5.034722222222222
32050,70 km/h,Dê a Preferência,116,5.034722222222222
17481,Cuidado Geral,70 km/h,116,5.034722222222222
25463,Mantenha-se à Direita,Via Prioritária,116,5.034722222222222
25460,Mantenha-se à Direita,Via Prioritária,116,5.034722222222222
12972,Via Prioritária,Vire à Direita,117,5.078125
30222,Mantenha-se à Direita,50 km/h,117,5.078125
36023,Cuidado Geral,Crianças,117,5.078125
2001,50 km/h,120 km/h,117,5.078125
16269,Proibido Entrar,Proib. P/ >3.5t,118,5.121527777777778
25485,Mantenha-se à Direita,Pista Escorregadia,118,5.121527777777778
34933,70 km/h,Dê a Preferência,118,5.121527777777778
28676,Semáforo,Prioridade Cruzamento,118,5.121527777777778
30162,30 km/h,20 km/h,118,5.121527777777778
11198,Proib. P/ >3.5t,80 km/h,118,5.121527777777778
17740,Cuidado Geral,Obras,119,5.164930555555555
38607,Prioridade Cruzamento,Obras,119,5.164930555555555
17516,Cuidado Geral,Neve/Gelo,120,5.208333333333334
26804,Cuidado Geral,Semáforo,120,5.208333333333334
25527,Mantenha-se à Direita,Via Prioritária,120,5.208333333333334
2106,50 km/h,Obras,120,5.208333333333334
15089,PARE,80 km/h,120,5.208333333333334
15514,PARE,Via Prioritária,120,5.208333333333334
17292,Cuidado Geral,Obras,121,5.251736111111112
10406,Proib. P/ >3.5t,Proibido >3.5t,121,5.251736111111112
26188,Rotatória,Mantenha-se à Direita,122,5.295138888888888
17782,Cuidado Geral,Crianças,122,5.295138888888888
31921,Obras,Curva Perigosa (E),122,5.295138888888888
11613,Prioridade Cruzamento,80 km/h,123,5.338541666666666
28172,Prioridade Cruzamento,Cuidado Geral,123,5.338541666666666
11693,Prioridade Cruzamento,Crianças,123,5.338541666666666
19131,Estreitamento (D),Crianças,123,5.338541666666666
9775,Proib. Ultrapassar,Proibido >3.5t,123,5.338541666666666
38357,Semáforo,Prioridade Cruzamento,123,5.338541666666666
12084,Prioridade Cruzamento,Cuidado Geral,123,5.338541666666666
18362,Curva Dupla,Curva Perigosa (E),123,5.338541666666666
12046,Prioridade Cruzamento,30 km/h,123,5.338541666666666
35838,Dê a Preferência,Proib. P/ >3.5t,124,5.381944444444445
18259,Curva Dupla,Crianças,124,5.381944444444445
34262,Proib. Ultrapassar,Proibido >3.5t,124,5.381944444444445
14838,Dê a Preferência,50 km/h,124,5.381944444444445
35806,Dê a Preferência,50 km/h,124,5.381944444444445
14842,Dê a Preferência,50 km/h,124,5.381944444444445
14110,Dê a Preferência,50 km/h,124,5.381944444444445
18264,Curva Dupla,Estreitamento (D),125,5.425347222222222
17649,Cuidado Geral,Estreitamento (D),126,5.46875
19095,Estreitamento (D),Curva Perigosa (E),126,5.46875
17174,Cuidado Geral,Crianças,126,5.46875
24527,Mantenha-se à Direita,Fim Proib. >3.5t,127,5.512152777777778
16974,Proibido Entrar,60 km/h,127,5.512152777777778
25758,Mantenha-se à Direita,Rotatória,127,5.512152777777778
6360,80 km/h,30 km/h,128,5.555555555555555
5309,70 km/h,80 km/h,128,5.555555555555555
20950,Crianças,Cuidado Geral,129,5.598958333333334
238,30 km/h,20 km/h,129,5.598958333333334
20973,Crianças,Mantenha-se à Direita,129,5.598958333333334
822,30 km/h,20 km/h,129,5.598958333333334
30731,Via Prioritária,Fim Proib. >3.5t,130,5.642361111111112
23219,Vire à Esquerda,Siga em Frente,130,5.642361111111112
35092,Curva Perigosa (D),Estreitamento (D),130,5.642361111111112
29169,80 km/h,60 km/h,130,5.642361111111112
28425,Obras,Curva Perigosa (E),130,5.642361111111112
12094,Prioridade Cruzamento,Pedestres,131,5.685763888888888
23185,Vire à Esquerda,Siga em Frente,131,5.685763888888888
4915,70 km/h,Dê a Preferência,131,5.685763888888888
38657,PARE,80 km/h,131,5.685763888888888
11865,Prioridade Cruzamento,Crianças,131,5.685763888888888
16833,Proibido Entrar,Dê a Preferência,131,5.685763888888888
11879,Prioridade Cruzamento,Curva Dupla,131,5.685763888888888
21938,Animais Selvagens,Obras,131,5.685763888888888
12082,Prioridade Cruzamento,Curva Dupla,131,5.685763888888888
17664,Cuidado Geral,Ciclistas,131,5.685763888888888
28250,Proibido >3.5t,30 km/h,132,5.729166666666666
21412,Ciclistas,Obras,132,5.729166666666666
28814,Proib. Ultrapassar,30 km/h,132,5.729166666666666
13703,Dê a Preferência,50 km/h,133,5.772569444444445
17654,Cuidado Geral,Obras,133,5.772569444444445
16206,Proibido >3.5t,100 km/h,133,5.772569444444445
22451,Vire à Direita,Fim Proib. >3.5t,134,5.815972222222222
16386,Proibido Entrar,60 km/h,134,5.815972222222222
27698,Proibido Veículos,100 km/h,134,5.815972222222222
16362,Proibido Entrar,60 km/h,134,5.815972222222222
18377,Curva Dupla,Curva Perigosa (E),135,5.859375
23217,Vire à Esquerda,Siga em Frente,136,5.902777777777778
34432,Via Prioritária,Fim Proib. >3.5t,136,5.902777777777778
9247,Proib. Ultrapassar,Proib. P/ >3.5t,136,5.902777777777778
16368,Proibido Entrar,60 km/h,136,5.902777777777778
11515,Prioridade Cruzamento,Neve/Gelo,136,5.902777777777778
11868,Prioridade Cruzamento,Crianças,137,5.946180555555555
34194,Via Prioritária,Dê a Preferência,137,5.946180555555555
11878,Prioridade Cruzamento,Curva Dupla,137,5.946180555555555
11967,Prioridade Cruzamento,Estreitamento (D),137,5.946180555555555
23199,Vire à Esquerda,Siga em Frente,137,5.946180555555555
11863,Prioridade Cruzamento,Crianças,137,5.946180555555555
23204,Vire à Esquerda,Siga em Frente,137,5.946180555555555
11599,Prioridade Cruzamento,Obras,137,5.946180555555555
12043,Prioridade Cruzamento,Pista Escorregadia,137,5.946180555555555
8944,Proib. Ultrapassar,Curva Perigosa (E),138,5.989583333333334
23439,Siga em Frente,Frente ou Direita,138,5.989583333333334
38311,70 km/h,Dê a Preferência,139,6.032986111111112
11563,Prioridade Cruzamento,Obras,139,6.032986111111112
15505,PARE,30 km/h,139,6.032986111111112
5207,70 km/h,Proibido Veículos,139,6.032986111111112
22849,Vire à Direita,Fim Proib. >3.5t,139,6.032986111111112
37599,Proib. P/ >3.5t,80 km/h,140,6.076388888888888
20628,Semáforo,Cuidado Geral,140,6.076388888888888
26446,Fim Proib. Ultrapassar,Fim de Proibições,140,6.076388888888888
26449,Fim Proib. Ultrapassar,Fim de Proibições,140,6.076388888888888
9779,Proib. Ultrapassar,Prioridade Cruzamento,140,6.076388888888888
22443,Vire à Direita,Fim de Proibições,140,6.076388888888888
23188,Vire à Esquerda,Siga em Frente,140,6.076388888888888
11567,Prioridade Cruzamento,Obras,140,6.076388888888888
37173,Prioridade Cruzamento,Curva Perigosa (E),140,6.076388888888888
239,30 km/h,70 km/h,140,6.076388888888888
22461,Vire à Direita,Rotatória,140,6.076388888888888
26189,Rotatória,Frente ou Esquerda,140,6.076388888888888
35122,Prioridade Cruzamento,Pedestres,140,6.076388888888888
12089,Prioridade Cruzamento,Curva Dupla,141,6.119791666666666
30196,50 km/h,30 km/h,142,6.163194444444445
26695,Siga em Frente,Fim Proib. Ultrapassar,142,6.163194444444445
29985,50 km/h,30 km/h,142,6.163194444444445
4735,70 km/h,120 km/h,142,6.163194444444445
35318,Fim 80,80 km/h,143,6.206597222222222
13130,Via Prioritária,Dê a Preferência,143,6.206597222222222
34805,70 km/h,60 km/h,144,6.25
11689,Prioridade Cruzamento,Cuidado Geral,144,6.25
24075,Frente ou Direita,Vire à Direita,144,6.25
11642,Prioridade Cruzamento,Obras,144,6.25
22774,Vire à Direita,Fim de Proibições,145,6.293402777777778
22778,Vire à Direita,Fim de Proibições,145,6.293402777777778
16300,Proibido Entrar,Proib. Ultrapassar,145,6.293402777777778
11465,Prioridade Cruzamento,Curva Perigosa (E),145,6.293402777777778
29032,Prioridade Cruzamento,Neve/Gelo,145,6.293402777777778
15863,Proibido Veículos,100 km/h,146,6.336805555555555
16276,Proibido Entrar,Dê a Preferência,146,6.336805555555555
16583,Proibido Entrar,60 km/h,146,6.336805555555555
26336,Fim Proib. Ultrapassar,Fim 80,146,6.336805555555555
706,30 km/h,50 km/h,146,6.336805555555555
31330,Via Prioritária,Siga em Frente,146,6.336805555555555
22786,Vire à Direita,Fim de Proibições,146,6.336805555555555
35454,70 km/h,20 km/h,147,6.380208333333333
31451,Cuidado Geral,Semáforo,147,6.380208333333333
12264,Via Prioritária,Pista Escorregadia,147,6.380208333333333
2672,50 km/h,30 km/h,148,6.423611111111111
30452,60 km/h,80 km/h,149,6.467013888888889
6061,80 km/h,60 km/h,149,6.467013888888889
11462,Prioridade Cruzamento,Estreitamento (D),149,6.467013888888889
21413,Ciclistas,Obras,149,6.467013888888889
17282,Cuidado Geral,Obras,149,6.467013888888889
20154,Obras,60 km/h,149,6.467013888888889
37631,60 km/h,80 km/h,149,6.467013888888889
35079,Proibido Veículos,100 km/h,150,6.510416666666667
27251,Fim Proib. Ultrapassar,Fim de Proibições,150,6.510416666666667
15268,PARE,Dê a Preferência,150,6.510416666666667
15658,Proibido Veículos,80 km/h,150,6.510416666666667
15768,Proibido Veículos,100 km/h,151,6.553819444444445
4305,70 km/h,80 km/h,151,6.553819444444445
15983,Proibido >3.5t,100 km/h,151,6.553819444444445
17083,Cuidado Geral,Obras,151,6.553819444444445
15930,Proibido Veículos,80 km/h,152,6.597222222222222
36398,60 km/h,80 km/h,152,6.597222222222222
4102,60 km/h,80 km/h,152,6.597222222222222
4101,60 km/h,80 km/h,152,6.597222222222222
22458,Vire à Direita,Fim Proib. >3.5t,152,6.597222222222222
11379,Prioridade Cruzamento,Curva Dupla,153,6.640625
21287,Ciclistas,Estreitamento (D),153,6.640625
19119,Estreitamento (D),Ciclistas,153,6.640625
12168,Via Prioritária,Fim Proib. >3.5t,153,6.640625
23211,Vire à Esquerda,Siga em Frente,153,6.640625
22846,Vire à Direita,Frente ou Esquerda,154,6.684027777777778
18267,Curva Dupla,Estreitamento (D),154,6.684027777777778
30507,Fim Proib. Ultrapassar,Fim 80,154,6.684027777777778
22847,Vire à Direita,Fim de Proibições,154,6.684027777777778
32379,70 km/h,Dê a Preferência,154,6.684027777777778
5163,70 km/h,Dê a Preferência,155,6.727430555555555
15719,Proibido Veículos,100 km/h,155,6.727430555555555
18227,Curva Dupla,Estreitamento (D),155,6.727430555555555
33614,Crianças,Pista Escorregadia,155,6.727430555555555
5259,70 km/h,Dê a Preferência,156,6.770833333333333
5151,70 km/h,Dê a Preferência,156,6.770833333333333
22455,Vire à Direita,Curva Perigosa (D),156,6.770833333333333
18691,Pista Irregular,Cuidado Geral,156,6.770833333333333
26339,Fim Proib. Ultrapassar,Dê a Preferência,156,6.770833333333333
5257,70 km/h,Dê a Preferência,156,6.770833333333333
34726,Proib. Ultrapassar,Proibido >3.5t,157,6.814236111111111
15752,Proibido Veículos,120 km/h,157,6.814236111111111
25340,Mantenha-se à Direita,Rotatória,157,6.814236111111111
25573,Mantenha-se à Direita,Crianças,157,6.814236111111111
31683,Pedestres,Estreitamento (D),157,6.814236111111111
31305,Via Prioritária,Fim de Proibições,158,6.857638888888889
8416,120 km/h,Pista Escorregadia,158,6.857638888888889
33559,30 km/h,70 km/h,158,6.857638888888889
20790,Pedestres,120 km/h,159,6.901041666666667
12193,Via Prioritária,Fim 80,160,6.944444444444445
33339,Mantenha-se à Direita,Fim de Proibições,160,6.944444444444445
29251,Estreitamento (D),70 km/h,160,6.944444444444445
38019,Via Prioritária,Fim Proib. >3.5t,160,6.944444444444445
32905,Mantenha-se à Direita,100 km/h,160,6.944444444444445
5427,70 km/h,20 km/h,160,6.944444444444445
28351,30 km/h,70 km/h,160,6.944444444444445
36403,70 km/h,20 km/h,161,6.987847222222222
5157,70 km/h,Dê a Preferência,161,6.987847222222222
28839,70 km/h,Dê a Preferência,161,6.987847222222222
17512,Cuidado Geral,Semáforo,161,6.987847222222222
35256,Crianças,Cuidado Geral,162,7.03125
34815,Cuidado Geral,Pista Irregular,162,7.03125
29558,Pista Escorregadia,Obras,163,7.074652777777778
1647,30 km/h,70 km/h,163,7.074652777777778
17290,Cuidado Geral,Ciclistas,163,7.074652777777778
32302,Cuidado Geral,70 km/h,163,7.074652777777778
37665,Proibido Entrar,60 km/h,163,7.074652777777778
26102,Rotatória,Dê a Preferência,164,7.118055555555555
16295,Proibido Entrar,Dê a Preferência,164,7.118055555555555
23165,Vire à Esquerda,Siga em Frente,165,7.161458333333333
516,30 km/h,70 km/h,165,7.161458333333333
1589,30 km/h,70 km/h,166,7.204861111111111
23181,Vire à Esquerda,Siga em Frente,166,7.204861111111111
16221,Proibido >3.5t,Proibido Veículos,166,7.204861111111111
1648,30 km/h,70 km/h,167,7.248263888888889
22708,Vire à Direita,Fim Proib. Ultrapassar,167,7.248263888888889
16969,Proibido Entrar,60 km/h,167,7.248263888888889
30223,Proibido Entrar,Dê a Preferência,167,7.248263888888889
25696,Mantenha-se à Direita,Via Prioritária,167,7.248263888888889
24523,Mantenha-se à Direita,Rotatória,167,7.248263888888889
16205,Proibido >3.5t,Prioridade Cruzamento,168,7.291666666666667
20734,Pedestres,Prioridade Cruzamento,168,7.291666666666667
18576,Pista Irregular,Semáforo,168,7.291666666666667
11877,Prioridade Cruzamento,Obras,168,7.291666666666667
22840,Vire à Direita,Mantenha-se à Direita,168,7.291666666666667
22697,Vire à Direita,Fim Proib. >3.5t,168,7.291666666666667
23061,Vire à Esquerda,Siga em Frente,168,7.291666666666667
19097,Estreitamento (D),Ciclistas,168,7.291666666666667
20787,Pedestres,Semáforo,168,7.291666666666667
23311,Siga em Frente,Vire à Direita,169,7.335069444444445
30850,PARE,Proib. Ultrapassar,169,7.335069444444445
29102,Proib. P/ >3.5t,70 km/h,169,7.335069444444445
17651,Cuidado Geral,Estreitamento (D),169,7.335069444444445
4521,70 km/h,60 km/h,169,7.335069444444445
518,30 km/h,70 km/h,169,7.335069444444445
26709,Crianças,Prioridade Cruzamento,170,7.378472222222222
16309,Proibido Entrar,Dê a Preferência,170,7.378472222222222
32948,50 km/h,30 km/h,170,7.378472222222222
36247,Proibido Entrar,60 km/h,171,7.421875
11376,Prioridade Cruzamento,30 km/h,172,7.465277777777778
22644,Vire à Direita,Frente ou Esquerda,173,7.508680555555555
12726,Via Prioritária,70 km/h,173,7.508680555555555
8893,120 km/h,100 km/h,173,7.508680555555555
37548,Estreitamento (D),Crianças,173,7.508680555555555
31061,Animais Selvagens,Curva Dupla,174,7.552083333333333
27425,Proib. P/ >3.5t,80 km/h,174,7.552083333333333
17979,Curva Perigosa (D),80 km/h,174,7.552083333333333
23210,Vire à Esquerda,Siga em Frente,174,7.552083333333333
6116,80 km/h,Mantenha-se à Direita,175,7.595486111111111
1546,30 km/h,70 km/h,175,7.595486111111111
30916,Cuidado Geral,Ciclistas,175,7.595486111111111
22445,Vire à Direita,80 km/h,176,7.638888888888889
31781,Via Prioritária,Fim Proib. >3.5t,176,7.638888888888889
18163,Curva Perigosa (D),Neve/Gelo,176,7.638888888888889
18230,Curva Dupla,Crianças,177,7.682291666666667
30856,Animais Selvagens,Obras,177,7.682291666666667
22714,Vire à Direita,Siga em Frente,177,7.682291666666667
36748,Cuidado Geral,Obras,177,7.682291666666667
22796,Vire à Direita,Cuidado Geral,178,7.725694444444445
19508,Obras,Ciclistas,178,7.725694444444445
18378,Curva Dupla,Obras,178,7.725694444444445
39167,Proibido Veículos,120 km/h,179,7.769097222222222
23259,Siga em Frente,Fim de Proibições,179,7.769097222222222
35143,Proib. P/ >3.5t,80 km/h,179,7.769097222222222
26267,Rotatória,Fim Proib. >3.5t,180,7.8125
21922,Animais Selvagens,Curva Perigosa (E),180,7.8125
22441,Vire à Direita,80 km/h,181,7.855902777777778
22839,Vire à Direita,Siga em Frente,181,7.855902777777778
10949,Proib. P/ >3.5t,70 km/h,182,7.899305555555555
5132,70 km/h,Dê a Preferência,182,7.899305555555555
12965,Via Prioritária,Vire à Direita,183,7.942708333333333
13776,Dê a Preferência,Mantenha-se à Direita,183,7.942708333333333
4097,60 km/h,80 km/h,183,7.942708333333333
35898,60 km/h,80 km/h,184,7.986111111111111
37555,60 km/h,80 km/h,184,7.986111111111111
18233,Curva Dupla,Obras,184,7.986111111111111
26287,Fim Proib. Ultrapassar,30 km/h,184,7.986111111111111
21919,Animais Selvagens,Curva Perigosa (E),185,8.02951388888889
18130,Curva Perigosa (D),Ciclistas,185,8.02951388888889
18142,Curva Perigosa (D),Neve/Gelo,186,8.072916666666668
22448,Vire à Direita,80 km/h,186,8.072916666666668
5428,70 km/h,20 km/h,186,8.072916666666668
22792,Vire à Direita,Curva Perigosa (D),187,8.116319444444445
3209,60 km/h,80 km/h,187,8.116319444444445
11443,Prioridade Cruzamento,Obras,188,8.159722222222223
11391,Prioridade Cruzamento,30 km/h,188,8.159722222222223
3525,60 km/h,Mantenha-se à Direita,189,8.203125
1547,30 km/h,70 km/h,189,8.203125
15202,PARE,20 km/h,189,8.203125
18575,Pista Irregular,Semáforo,189,8.203125
20741,Pedestres,Crianças,190,8.246527777777777
13782,Dê a Preferência,Proib. P/ >3.5t,191,8.289930555555555
22798,Vire à Direita,Rotatória,191,8.289930555555555
19255,Estreitamento (D),Ciclistas,192,8.333333333333332
5068,70 km/h,Dê a Preferência,192,8.333333333333332
22720,Vire à Direita,Siga em Frente,193,8.37673611111111
32353,Via Prioritária,Fim de Proibições,193,8.37673611111111
23178,Vire à Esquerda,Siga em Frente,194,8.42013888888889
33016,Mantenha-se à Direita,Rotatória,194,8.42013888888889
5081,70 km/h,Dê a Preferência,195,8.463541666666668
39035,70 km/h,Dê a Preferência,195,8.463541666666668
16219,Proibido >3.5t,100 km/h,195,8.463541666666668
16212,Proibido >3.5t,100 km/h,195,8.463541666666668
16467,Proibido Entrar,60 km/h,196,8.506944444444445
20784,Pedestres,Semáforo,196,8.506944444444445
27509,Proibido >3.5t,100 km/h,196,8.506944444444445
31831,Dê a Preferência,Siga em Frente,196,8.506944444444445
4977,70 km/h,Dê a Preferência,196,8.506944444444445
21329,Ciclistas,Estreitamento (D),196,8.506944444444445
18151,Curva Perigosa (D),80 km/h,197,8.550347222222223
21068,Crianças,Semáforo,197,8.550347222222223
15162,PARE,60 km/h,198,8.59375
21253,Ciclistas,Obras,198,8.59375
37107,70 km/h,Dê a Preferência,199,8.637152777777777
35377,Proibido Veículos,Dê a Preferência,199,8.637152777777777
23492,Siga em Frente,Vire à Direita,199,8.637152777777777
2645,50 km/h,30 km/h,199,8.637152777777777
24765,Mantenha-se à Direita,Obras,200,8.680555555555555
16573,Proibido Entrar,60 km/h,200,8.680555555555555
31282,Crianças,Curva Perigosa (D),200,8.680555555555555
16469,Proibido Entrar,Proib. Ultrapassar,200,8.680555555555555
16556,Proibido Entrar,60 km/h,200,8.680555555555555
33820,PARE,80 km/h,200,8.680555555555555
29040,Crianças,Cuidado Geral,201,8.723958333333332
12250,Via Prioritária,Fim Proib. >3.5t,201,8.723958333333332
21544,Neve/Gelo,Pista Escorregadia,202,8.76736111111111
8830,120 km/h,60 km/h,203,8.81076388888889
1583,30 km/h,70 km/h,203,8.81076388888889
28160,120 km/h,60 km/h,203,8.81076388888889
1562,30 km/h,70 km/h,203,8.81076388888889
250,30 km/h,70 km/h,203,8.81076388888889
34860,30 km/h,70 km/h,203,8.81076388888889
545,30 km/h,70 km/h,203,8.81076388888889
26380,Fim Proib. Ultrapassar,Fim de Proibições,204,8.854166666666668
17513,Cuidado Geral,Obras,204,8.854166666666668
22837,Vire à Direita,Frente ou Esquerda,204,8.854166666666668
5085,70 km/h,Dê a Preferência,205,8.897569444444445
5807,80 km/h,120 km/h,206,8.940972222222223
7530,100 km/h,120 km/h,206,8.940972222222223
36291,80 km/h,20 km/h,206,8.940972222222223
22159,Animais Selvagens,80 km/h,208,9.027777777777777
1613,30 km/h,70 km/h,208,9.027777777777777
28175,60 km/h,80 km/h,208,9.027777777777777
11664,Prioridade Cruzamento,Obras,209,9.071180555555555
23855,Siga em Frente,Frente ou Direita,210,9.114583333333332
16504,Proibido Entrar,30 km/h,210,9.114583333333332
12708,Via Prioritária,Fim Proib. >3.5t,210,9.114583333333332
29646,Vire à Esquerda,Mantenha-se à Direita,211,9.15798611111111
27047,Obras,Neve/Gelo,211,9.15798611111111
38586,Mantenha-se à Direita,Obras,211,9.15798611111111
7861,100 km/h,120 km/h,212,9.20138888888889
20134,Obras,30 km/h,212,9.20138888888889
24072,Frente ou Direita,Fim de Proibições,212,9.20138888888889
21280,Ciclistas,Proibido Veículos,213,9.244791666666668
26220,Rotatória,Frente ou Esquerda,213,9.244791666666668
8779,120 km/h,60 km/h,216,9.375
37869,Curva Perigosa (D),Estreitamento (D),216,9.375
15248,PARE,60 km/h,216,9.375
15973,Proibido >3.5t,100 km/h,216,9.375
24073,Frente ou Direita,Fim de Proibições,217,9.418402777777777
16292,Proibido Entrar,Proib. Ultrapassar,217,9.418402777777777
20637,Semáforo,Proibido Entrar,217,9.418402777777777
21027,Crianças,Prioridade Cruzamento,218,9.461805555555555
17975,Curva Perigosa (D),80 km/h,218,9.461805555555555
37175,Obras,Neve/Gelo,219,9.505208333333332
21271,Ciclistas,Obras,219,9.505208333333332
22689,Vire à Direita,Curva Perigosa (D),220,9.54861111111111
21345,Ciclistas,Estreitamento (D),221,9.59201388888889
25608,Mantenha-se à Direita,Siga em Frente,222,9.635416666666668
24392,Frente ou Esquerda,Crianças,222,9.635416666666668
31838,60 km/h,80 km/h,223,9.678819444444445
33397,60 km/h,80 km/h,223,9.678819444444445
21872,Animais Selvagens,Curva Perigosa (E),224,9.722222222222223
35306,Proibido Entrar,Dê a Preferência,224,9.722222222222223
33386,Via Prioritária,Fim Proib. >3.5t,224,9.722222222222223
16578,Proibido Entrar,Dê a Preferência,224,9.722222222222223
23107,Vire à Esquerda,Mantenha-se à Direita,225,9.765625
33141,Vire à Esquerda,Mantenha-se à Direita,225,9.765625
29930,Semáforo,Obras,225,9.765625
20201,Obras,Animais Selvagens,225,9.765625
19510,Obras,60 km/h,225,9.765625
1561,30 km/h,70 km/h,226,9.809027777777777
23109,Vire à Esquerda,Mantenha-se à Direita,227,9.852430555555555
17755,Cuidado Geral,Obras,227,9.852430555555555
34976,50 km/h,70 km/h,227,9.852430555555555
5469,80 km/h,PARE,228,9.895833333333332
21244,Ciclistas,Dê a Preferência,228,9.895833333333332
1738,50 km/h,100 km/h,228,9.895833333333332
2664,50 km/h,30 km/h,228,9.895833333333332
17753,Cuidado Geral,Obras,229,9.93923611111111
3423,60 km/h,80 km/h,229,9.93923611111111
15241,PARE,Dê a Preferência,229,9.93923611111111
31206,Obras,Neve/Gelo,229,9.93923611111111
12411,Via Prioritária,Dê a Preferência,230,9.98263888888889
2668,50 km/h,120 km/h,230,9.98263888888889
21956,Animais Selvagens,Obras,232,10.069444444444445
27832,50 km/h,120 km/h,232,10.069444444444445
35394,Mantenha-se à Direita,Obras,233,10.112847222222223
22982,Vire à Esquerda,Mantenha-se à Direita,233,10.112847222222223
29414,PARE,80 km/h,234,10.15625
18176,Curva Perigosa (D),Obras,234,10.15625
18695,Pista Irregular,Cuidado Geral,234,10.15625
23101,Vire à Esquerda,Mantenha-se à Direita,235,10.199652777777777
22034,Animais Selvagens,Ciclistas,236,10.243055555555555
8423,120 km/h,Mantenha-se à Direita,236,10.243055555555555
15335,PARE,Fim de Proibições,236,10.243055555555555
32678,Pedestres,Semáforo,236,10.243055555555555
899,30 km/h,70 km/h,237,10.286458333333332
21266,Ciclistas,70 km/h,238,10.32986111111111
2217,50 km/h,Proibido Veículos,238,10.32986111111111
3087,50 km/h,30 km/h,238,10.32986111111111
5895,80 km/h,20 km/h,238,10.32986111111111
31579,50 km/h,80 km/h,238,10.32986111111111
2667,50 km/h,30 km/h,238,10.32986111111111
16998,Proibido Entrar,Dê a Preferência,238,10.32986111111111
24414,Frente ou Esquerda,Vire à Esquerda,238,10.32986111111111
26405,Fim Proib. Ultrapassar,Fim Proib. >3.5t,239,10.37326388888889
15485,PARE,Dê a Preferência,239,10.37326388888889
1916,50 km/h,60 km/h,240,10.416666666666668
22351,Fim de Proibições,Fim 80,241,10.460069444444445
34054,Crianças,Cuidado Geral,242,10.503472222222223
15528,PARE,Fim de Proibições,242,10.503472222222223
33625,PARE,Dê a Preferência,243,10.546875
22970,Vire à Esquerda,Mantenha-se à Direita,243,10.546875
22673,Vire à Direita,Siga em Frente,243,10.546875
35112,120 km/h,80 km/h,245,10.633680555555555
26275,Rotatória,Mantenha-se à Direita,245,10.633680555555555
36836,Vire à Direita,Siga em Frente,245,10.633680555555555
1913,50 km/h,Proibido Veículos,245,10.633680555555555
33270,Cuidado Geral,Ciclistas,245,10.633680555555555
29078,PARE,Dê a Preferência,245,10.633680555555555
15492,PARE,Dê a Preferência,246,10.677083333333332
20372,Semáforo,Pista Escorregadia,247,10.72048611111111
33349,Obras,Via Prioritária,247,10.72048611111111
38752,Cuidado Geral,Estreitamento (D),247,10.72048611111111
33834,Obras,Ciclistas,247,10.72048611111111
38738,Fim Proib. >3.5t,70 km/h,248,10.76388888888889
26719,Obras,Dê a Preferência,248,10.76388888888889
36458,Obras,80 km/h,248,10.76388888888889
23055,Vire à Esquerda,Siga em Frente,248,10.76388888888889
20960,Crianças,Cuidado Geral,249,10.807291666666668
29780,80 km/h,120 km/h,249,10.807291666666668
29008,120 km/h,60 km/h,250,10.850694444444445
20632,Semáforo,Prioridade Cruzamento,250,10.850694444444445
32196,Cuidado Geral,Fim de Proibições,250,10.850694444444445
35191,Via Prioritária,70 km/h,250,10.850694444444445
26402,Fim Proib. Ultrapassar,Fim de Proibições,251,10.894097222222223
21098,Crianças,Cuidado Geral,251,10.894097222222223
19643,Obras,Proibido Veículos,253,10.980902777777777
29600,PARE,30 km/h,253,10.980902777777777
22961,Vire à Esquerda,Mantenha-se à Direita,254,11.024305555555555
26382,Fim Proib. Ultrapassar,Fim de Proibições,257,11.15451388888889
32060,Frente ou Esquerda,Siga em Frente,258,11.197916666666668
21001,Crianças,Pista Escorregadia,258,11.197916666666668
21455,Neve/Gelo,Ciclistas,258,11.197916666666668
30133,Estreitamento (D),Pista Escorregadia,259,11.241319444444445
32919,Ciclistas,Neve/Gelo,259,11.241319444444445
22670,Vire à Direita,Siga em Frente,261,11.328125
38915,Proib. P/ >3.5t,80 km/h,261,11.328125
15216,PARE,Dê a Preferência,262,11.371527777777777
38960,Frente ou Direita,Vire à Direita,262,11.371527777777777
35413,Pedestres,Semáforo,263,11.414930555555555
20754,Pedestres,Crianças,263,11.414930555555555
16571,Proibido Entrar,Dê a Preferência,263,11.414930555555555
33036,Proib. P/ >3.5t,80 km/h,264,11.458333333333332
28604,Mantenha-se à Direita,Vire à Direita,264,11.458333333333332
11237,Proib. P/ >3.5t,100 km/h,264,11.458333333333332
27141,Neve/Gelo,Ciclistas,265,11.50173611111111
247,30 km/h,70 km/h,266,11.54513888888889
24294,Frente ou Direita,Siga em Frente,267,11.588541666666668
1628,30 km/h,70 km/h,268,11.631944444444445
37472,Pista Irregular,Cuidado Geral,269,11.675347222222223
15392,PARE,Dê a Preferência,269,11.675347222222223
16990,Proibido Entrar,Dê a Preferência,269,11.675347222222223
32343,Ciclistas,Proibido Veículos,270,11.71875
32632,Rotatória,Fim Proib. >3.5t,270,11.71875
17238,Cuidado Geral,Estreitamento (D),270,11.71875
30151,Mantenha-se à Direita,Obras,270,11.71875
35020,Proib. P/ >3.5t,80 km/h,270,11.71875
12982,Via Prioritária,Fim de Proibições,270,11.71875
16466,Proibido Entrar,Proibido Veículos,271,11.762152777777777
10424,Proib. P/ >3.5t,80 km/h,271,11.762152777777777
25873,Mantenha-se à Esquerda,Vire à Direita,272,11.805555555555555
27361,Dê a Preferência,50 km/h,272,11.805555555555555
16360,Proibido Entrar,60 km/h,272,11.805555555555555
37295,Obras,Mantenha-se à Direita,272,11.805555555555555
38211,Vire à Direita,Rotatória,272,11.805555555555555
5245,70 km/h,Proibido Veículos,272,11.805555555555555
16394,Proibido Entrar,60 km/h,273,11.848958333333332
29201,70 km/h,Dê a Preferência,274,11.89236111111111
6643,80 km/h,60 km/h,274,11.89236111111111
22927,Vire à Esquerda,Mantenha-se à Direita,274,11.89236111111111
23117,Vire à Esquerda,Mantenha-se à Direita,274,11.89236111111111
24769,Mantenha-se à Direita,50 km/h,274,11.89236111111111
18206,Curva Perigosa (D),Pista Escorregadia,275,11.93576388888889
32420,Vire à Esquerda,Mantenha-se à Direita,275,11.93576388888889
36041,Semáforo,Cuidado Geral,276,11.979166666666668
31691,PARE,30 km/h,276,11.979166666666668
33329,Frente ou Esquerda,Dê a Preferência,278,12.065972222222223
36229,Vire à Direita,Rotatória,278,12.065972222222223
22599,Vire à Direita,Siga em Frente,279,12.109375
21045,Crianças,Via Prioritária,280,12.152777777777777
15220,PARE,30 km/h,280,12.152777777777777
35904,PARE,60 km/h,280,12.152777777777777
22612,Vire à Direita,Siga em Frente,281,12.196180555555555
33359,PARE,Proibido Entrar,281,12.196180555555555
3195,60 km/h,80 km/h,281,12.196180555555555
20014,Obras,30 km/h,282,12.239583333333332
15367,PARE,60 km/h,282,12.239583333333332
26457,Fim Proib. Ultrapassar,Fim de Proibições,282,12.239583333333332
34749,Siga em Frente,Vire à Direita,282,12.239583333333332
35686,Animais Selvagens,Curva Perigosa (E),283,12.28298611111111
37604,Animais Selvagens,Curva Perigosa (E),283,12.28298611111111
3598,60 km/h,80 km/h,283,12.28298611111111
19115,Estreitamento (D),Neve/Gelo,283,12.28298611111111
15153,PARE,30 km/h,283,12.28298611111111
21398,Ciclistas,Crianças,283,12.28298611111111
15071,PARE,Dê a Preferência,284,12.32638888888889
20894,Crianças,Ciclistas,284,12.32638888888889
39064,Proib. P/ >3.5t,80 km/h,285,12.369791666666668
28639,60 km/h,80 km/h,285,12.369791666666668
31110,Semáforo,Neve/Gelo,285,12.369791666666668
17635,Cuidado Geral,Semáforo,285,12.369791666666668
36699,Pista Irregular,Cuidado Geral,285,12.369791666666668
3592,60 km/h,80 km/h,285,12.369791666666668
6347,80 km/h,60 km/h,286,12.413194444444445
20138,Obras,60 km/h,286,12.413194444444445
33351,120 km/h,60 km/h,286,12.413194444444445
10411,Proib. P/ >3.5t,80 km/h,286,12.413194444444445
19093,Estreitamento (D),Ciclistas,287,12.456597222222223
22668,Vire à Direita,Siga em Frente,287,12.456597222222223
26458,Fim Proib. Ultrapassar,Fim de Proibições,287,12.456597222222223
32157,Proibido Entrar,Mantenha-se à Direita,287,12.456597222222223
14823,Dê a Preferência,Obras,287,12.456597222222223
6861,Fim 80,Fim de Proibições,288,12.5
2194,50 km/h,Proibido Veículos,288,12.5
15488,PARE,Dê a Preferência,288,12.5
8454,120 km/h,Mantenha-se à Direita,288,12.5
20813,Pedestres,Prioridade Cruzamento,288,12.5
9994,Proib. P/ >3.5t,80 km/h,289,12.543402777777779
20204,Obras,50 km/h,289,12.543402777777779
34224,60 km/h,80 km/h,289,12.543402777777779
13865,Dê a Preferência,50 km/h,289,12.543402777777779
16509,Proibido Entrar,Dê a Preferência,290,12.586805555555555
3763,60 km/h,Dê a Preferência,290,12.586805555555555
20975,Crianças,Mantenha-se à Direita,291,12.630208333333334
33046,Proibido Entrar,50 km/h,291,12.630208333333334
23153,Vire à Esquerda,Siga em Frente,291,12.630208333333334
20966,Crianças,Cuidado Geral,291,12.630208333333334
21870,Animais Selvagens,Ciclistas,291,12.630208333333334
33926,Crianças,Cuidado Geral,291,12.630208333333334
26182,Rotatória,Vire à Direita,292,12.67361111111111
3809,60 km/h,80 km/h,292,12.67361111111111
10453,Proib. P/ >3.5t,80 km/h,292,12.67361111111111
20964,Crianças,Cuidado Geral,292,12.67361111111111
3886,60 km/h,Dê a Preferência,292,12.67361111111111
19567,Obras,Curva Dupla,292,12.67361111111111
11202,Proib. P/ >3.5t,80 km/h,293,12.71701388888889
31669,60 km/h,Dê a Preferência,294,12.760416666666666
3850,60 km/h,80 km/h,294,12.760416666666666
33901,Animais Selvagens,Obras,295,12.803819444444445
3807,60 km/h,80 km/h,295,12.803819444444445
20553,Semáforo,Curva Perigosa (D),295,12.803819444444445
26269,Rotatória,Mantenha-se à Direita,296,12.847222222222221
19147,Estreitamento (D),Curva Dupla,297,12.890625
26274,Rotatória,Via Prioritária,297,12.890625
19747,Obras,Dê a Preferência,298,12.934027777777779
10987,Proib. P/ >3.5t,80 km/h,299,12.977430555555555
28149,Proibido Entrar,Proibido Veículos,299,12.977430555555555
11243,Proib. P/ >3.5t,100 km/h,299,12.977430555555555
4056,60 km/h,20 km/h,299,12.977430555555555
38881,Cuidado Geral,Obras,299,12.977430555555555
34097,PARE,30 km/h,299,12.977430555555555
3178,60 km/h,80 km/h,299,12.977430555555555
21000,Crianças,Via Prioritária,299,12.977430555555555
15342,PARE,Fim de Proibições,300,13.020833333333334
35247,PARE,30 km/h,300,13.020833333333334
4060,60 km/h,20 km/h,300,13.020833333333334
32474,Crianças,Ciclistas,301,13.06423611111111
23008,Vire à Esquerda,Siga em Frente,301,13.06423611111111
33832,Proibido Entrar,Dê a Preferência,302,13.10763888888889
3636,60 km/h,Mantenha-se à Direita,302,13.10763888888889
15421,PARE,Proibido Entrar,303,13.151041666666666
30887,Via Prioritária,Fim Proib. >3.5t,303,13.151041666666666
4712,70 km/h,Proibido Veículos,304,13.194444444444445
19090,Estreitamento (D),Semáforo,304,13.194444444444445
22047,Animais Selvagens,Obras,304,13.194444444444445
21041,Crianças,Curva Perigosa (D),304,13.194444444444445
20998,Crianças,Cuidado Geral,304,13.194444444444445
21104,Crianças,Curva Perigosa (D),304,13.194444444444445
15063,PARE,60 km/h,304,13.194444444444445
3185,60 km/h,80 km/h,304,13.194444444444445
3151,60 km/h,Dê a Preferência,305,13.237847222222221
33209,Crianças,Cuidado Geral,305,13.237847222222221
22045,Animais Selvagens,Obras,306,13.28125
22039,Animais Selvagens,Obras,306,13.28125
19143,Estreitamento (D),Neve/Gelo,306,13.28125
20970,Crianças,Mantenha-se à Direita,307,13.324652777777779
29386,Via Prioritária,Fim Proib. >3.5t,307,13.324652777777779
19252,Estreitamento (D),Ciclistas,307,13.324652777777779
20140,Obras,60 km/h,307,13.324652777777779
20523,Semáforo,Neve/Gelo,307,13.324652777777779
34856,Via Prioritária,Fim Proib. >3.5t,308,13.368055555555555
19950,Obras,80 km/h,308,13.368055555555555
32823,Mantenha-se à Direita,Obras,308,13.368055555555555
33950,PARE,60 km/h,309,13.411458333333334
36785,Frente ou Direita,Siga em Frente,309,13.411458333333334
38690,50 km/h,60 km/h,309,13.411458333333334
24205,Frente ou Direita,Siga em Frente,309,13.411458333333334
26908,50 km/h,Proibido Veículos,309,13.411458333333334
37205,50 km/h,Proibido Veículos,309,13.411458333333334
16522,Proibido Entrar,30 km/h,310,13.45486111111111
20139,Obras,Animais Selvagens,310,13.45486111111111
18199,Curva Perigosa (D),Pista Escorregadia,310,13.45486111111111
12989,Via Prioritária,120 km/h,311,13.49826388888889
22619,Vire à Direita,Siga em Frente,311,13.49826388888889
20029,Obras,20 km/h,311,13.49826388888889
26697,Semáforo,Prioridade Cruzamento,312,13.541666666666666
3857,60 km/h,80 km/h,312,13.541666666666666
20321,Semáforo,Prioridade Cruzamento,312,13.541666666666666
12416,Via Prioritária,Dê a Preferência,312,13.541666666666666
3769,60 km/h,80 km/h,313,13.585069444444445
22913,Vire à Direita,Siga em Frente,314,13.628472222222221
24206,Frente ou Direita,Mantenha-se à Direita,315,13.671875
20061,Obras,Cuidado Geral,315,13.671875
21106,Crianças,Curva Perigosa (D),316,13.715277777777779
33408,Estreitamento (D),Proibido Veículos,316,13.715277777777779
28040,Vire à Direita,Rotatória,316,13.715277777777779
3026,50 km/h,30 km/h,317,13.758680555555555
36046,50 km/h,Proibido Veículos,317,13.758680555555555
10986,Proib. P/ >3.5t,80 km/h,318,13.802083333333334
26728,Pista Irregular,Cuidado Geral,318,13.802083333333334
28488,PARE,Dê a Preferência,318,13.802083333333334
28685,20 km/h,30 km/h,318,13.802083333333334
3121,50 km/h,20 km/h,318,13.802083333333334
37764,Pista Irregular,Cuidado Geral,318,13.802083333333334
22616,Vire à Direita,Siga em Frente,318,13.802083333333334
37767,Frente ou Direita,Mantenha-se à Direita,318,13.802083333333334
31144,20 km/h,70 km/h,318,13.802083333333334
22983,Vire à Esquerda,Siga em Frente,320,13.88888888888889
27213,Fim 80,Fim de Proibições,320,13.88888888888889
24293,Frente ou Direita,Siga em Frente,320,13.88888888888889
12458,Via Prioritária,Fim Proib. Ultrapassar,320,13.88888888888889
18679,Pista Irregular,Curva Perigosa (D),321,13.932291666666666
34379,Crianças,Curva Perigosa (D),322,13.975694444444445
24208,Frente ou Direita,Siga em Frente,322,13.975694444444445
15093,PARE,Proibido Entrar,323,14.019097222222221
8521,120 km/h,80 km/h,323,14.019097222222221
15487,PARE,Dê a Preferência,323,14.019097222222221
15062,PARE,Dê a Preferência,323,14.019097222222221
37029,Vire à Direita,70 km/h,324,14.0625
10013,Proib. P/ >3.5t,80 km/h,324,14.0625
33619,PARE,Dê a Preferência,324,14.0625
3703,60 km/h,Fim de Proibições,325,14.105902777777779
15067,PARE,Dê a Preferência,325,14.105902777777779
3422,60 km/h,80 km/h,326,14.149305555555555
23051,Vire à Esquerda,Siga em Frente,326,14.149305555555555
3595,60 km/h,80 km/h,326,14.149305555555555
3428,60 km/h,100 km/h,326,14.149305555555555
15261,PARE,Dê a Preferência,326,14.149305555555555
12901,Via Prioritária,70 km/h,327,14.192708333333334
28826,PARE,Dê a Preferência,327,14.192708333333334
36736,Semáforo,Prioridade Cruzamento,327,14.192708333333334
20525,Semáforo,Neve/Gelo,327,14.192708333333334
16862,Proibido Entrar,Proib. Ultrapassar,328,14.23611111111111
21467,Neve/Gelo,Ciclistas,328,14.23611111111111
20556,Semáforo,Curva Perigosa (D),328,14.23611111111111
21111,Crianças,Ciclistas,328,14.23611111111111
21500,Neve/Gelo,Estreitamento (D),328,14.23611111111111
36015,PARE,Dê a Preferência,328,14.23611111111111
3301,60 km/h,Dê a Preferência,328,14.23611111111111
24419,Frente ou Esquerda,60 km/h,328,14.23611111111111
22988,Vire à Esquerda,Siga em Frente,329,14.27951388888889
20130,Obras,30 km/h,329,14.27951388888889
24428,Frente ou Esquerda,Siga em Frente,329,14.27951388888889
31551,Proibido Entrar,Fim de Proibições,330,14.322916666666666
22921,Vire à Esquerda,Mantenha-se à Direita,330,14.322916666666666
49,20 km/h,Dê a Preferência,330,14.322916666666666
25610,Mantenha-se à Direita,Siga em Frente,331,14.366319444444445
19962,Obras,Neve/Gelo,332,14.409722222222221
30508,Obras,Mantenha-se à Direita,332,14.409722222222221
19971,Obras,Crianças,333,14.453125
12650,Via Prioritária,Fim Proib. >3.5t,333,14.453125
19230,Estreitamento (D),Obras,333,14.453125
25956,Mantenha-se à Esquerda,Siga em Frente,334,14.496527777777779
19206,Estreitamento (D),Cuidado Geral,335,14.539930555555555
22923,Vire à Esquerda,Mantenha-se à Direita,335,14.539930555555555
19112,Estreitamento (D),Crianças,335,14.539930555555555
39178,Estreitamento (D),Ciclistas,336,14.583333333333334
2953,50 km/h,Proibido Veículos,336,14.583333333333334
28961,60 km/h,80 km/h,336,14.583333333333334
22666,Vire à Direita,Curva Perigosa (D),336,14.583333333333334
15117,PARE,Proibido Entrar,339,14.713541666666666
39213,Proibido Entrar,50 km/h,339,14.713541666666666
20109,Obras,Crianças,339,14.713541666666666
24112,Frente ou Direita,Siga em Frente,339,14.713541666666666
27261,PARE,Dê a Preferência,340,14.756944444444445
28000,Semáforo,Vire à Direita,340,14.756944444444445
19316,Obras,Mantenha-se à Direita,340,14.756944444444445
23143,Vire à Esquerda,Siga em Frente,341,14.800347222222221
8845,120 km/h,80 km/h,341,14.800347222222221
12525,Via Prioritária,Fim Proib. >3.5t,342,14.84375
25650,Mantenha-se à Direita,30 km/h,345,14.973958333333334
26272,Rotatória,Siga em Frente,346,15.01736111111111
24420,Frente ou Esquerda,Siga em Frente,346,15.01736111111111
31660,Crianças,Fim Proib. >3.5t,346,15.01736111111111
38602,Vire à Esquerda,Siga em Frente,346,15.01736111111111
23322,Siga em Frente,Vire à Direita,347,15.06076388888889
28371,Vire à Direita,Siga em Frente,347,15.06076388888889
15439,PARE,Dê a Preferência,347,15.06076388888889
19976,Obras,Crianças,347,15.06076388888889
22631,Vire à Direita,Fim Proib. >3.5t,347,15.06076388888889
16516,Proibido Entrar,Dê a Preferência,347,15.06076388888889
31552,Proib. P/ >3.5t,100 km/h,347,15.06076388888889
22910,Vire à Direita,Siga em Frente,348,15.104166666666666
22765,Vire à Direita,Rotatória,348,15.104166666666666
19317,Obras,Mantenha-se à Direita,349,15.147569444444445
24343,Frente ou Esquerda,Siga em Frente,349,15.147569444444445
19977,Obras,Crianças,349,15.147569444444445
38279,Vire à Direita,Rotatória,351,15.234375
22902,Vire à Direita,Siga em Frente,351,15.234375
38345,Vire à Direita,Rotatória,351,15.234375
36477,Proibido Entrar,Vire à Direita,351,15.234375
28825,Mantenha-se à Direita,Obras,351,15.234375
3395,60 km/h,Siga em Frente,351,15.234375
33896,Frente ou Direita,Siga em Frente,352,15.277777777777779
11028,Proib. P/ >3.5t,80 km/h,352,15.277777777777779
15046,PARE,20 km/h,353,15.321180555555555
31556,Proibido Entrar,Obras,353,15.321180555555555
20587,Semáforo,Curva Perigosa (D),354,15.364583333333334
23733,Siga em Frente,Vire à Direita,354,15.364583333333334
25926,Mantenha-se à Esquerda,Vire à Direita,354,15.364583333333334
22658,Vire à Direita,Siga em Frente,354,15.364583333333334
38372,Proib. P/ >3.5t,80 km/h,354,15.364583333333334
20654,Semáforo,Cuidado Geral,355,15.40798611111111
12287,Via Prioritária,Fim Proib. >3.5t,355,15.40798611111111
16518,Proibido Entrar,30 km/h,355,15.40798611111111
29732,Vire à Direita,Siga em Frente,355,15.40798611111111
27643,Via Prioritária,Fim Proib. >3.5t,355,15.40798611111111
25953,Mantenha-se à Esquerda,Vire à Direita,356,15.45138888888889
17522,Cuidado Geral,Curva Perigosa (D),356,15.45138888888889
24985,Mantenha-se à Direita,Obras,356,15.45138888888889
19292,Obras,Ciclistas,356,15.45138888888889
23004,Vire à Esquerda,Mantenha-se à Direita,356,15.45138888888889
19370,Obras,Animais Selvagens,356,15.45138888888889
862,30 km/h,20 km/h,357,15.494791666666666
18003,Curva Perigosa (D),Ciclistas,357,15.494791666666666
6880,Fim 80,Fim Proib. >3.5t,358,15.538194444444445
15289,PARE,Dê a Preferência,359,15.581597222222221
34857,Vire à Direita,Rotatória,359,15.581597222222221
29158,Proibido Entrar,Vire à Direita,359,15.581597222222221
6919,Fim 80,Fim Proib. >3.5t,359,15.581597222222221
19322,Obras,Siga em Frente,361,15.668402777777779
36966,Vire à Direita,Siga em Frente,361,15.668402777777779
13205,Via Prioritária,Fim 80,362,15.711805555555555
3524,60 km/h,80 km/h,362,15.711805555555555
26672,Vire à Esquerda,Siga em Frente,362,15.711805555555555
9980,Proib. P/ >3.5t,80 km/h,362,15.711805555555555
33687,60 km/h,80 km/h,362,15.711805555555555
34190,Via Prioritária,Fim Proib. >3.5t,363,15.755208333333334
23655,Siga em Frente,Vire à Direita,363,15.755208333333334
16402,Proibido Entrar,Dê a Preferência,364,15.79861111111111
39072,Vire à Direita,Estreitamento (D),364,15.79861111111111
24425,Frente ou Esquerda,Siga em Frente,365,15.84201388888889
29834,Estreitamento (D),Vire à Direita,365,15.84201388888889
16654,Proibido Entrar,Dê a Preferência,365,15.84201388888889
36816,Estreitamento (D),Ciclistas,365,15.84201388888889
34293,Vire à Direita,Cuidado Geral,365,15.84201388888889
19378,Obras,30 km/h,366,15.885416666666666
16450,Proibido Entrar,Proibido Veículos,366,15.885416666666666
17529,Cuidado Geral,Curva Perigosa (D),366,15.885416666666666
3705,60 km/h,Siga em Frente,367,15.928819444444445
3573,60 km/h,Dê a Preferência,367,15.928819444444445
29591,120 km/h,80 km/h,367,15.928819444444445
3774,60 km/h,100 km/h,367,15.928819444444445
36362,Vire à Esquerda,Siga em Frente,367,15.928819444444445
3441,60 km/h,80 km/h,367,15.928819444444445
28056,60 km/h,100 km/h,367,15.928819444444445
28645,Semáforo,Curva Perigosa (D),367,15.928819444444445
4070,60 km/h,80 km/h,367,15.928819444444445
19914,Obras,Cuidado Geral,367,15.928819444444445
15456,PARE,Proibido Entrar,369,16.015625
29209,PARE,30 km/h,369,16.015625
22951,Vire à Esquerda,Mantenha-se à Direita,369,16.015625
30611,Vire à Esquerda,Mantenha-se à Direita,369,16.015625
31365,Semáforo,Cuidado Geral,370,16.05902777777778
20494,Semáforo,Ciclistas,371,16.102430555555554
32719,Vire à Esquerda,Siga em Frente,371,16.102430555555554
19259,Estreitamento (D),Obras,371,16.102430555555554
19154,Estreitamento (D),30 km/h,371,16.102430555555554
25652,Mantenha-se à Direita,30 km/h,371,16.102430555555554
30122,Proibido Entrar,Dê a Preferência,373,16.18923611111111
21034,Crianças,Via Prioritária,373,16.18923611111111
17442,Cuidado Geral,Curva Perigosa (D),373,16.18923611111111
19915,Obras,Cuidado Geral,374,16.23263888888889
28103,Vire à Esquerda,Siga em Frente,375,16.276041666666664
19969,Obras,Crianças,375,16.276041666666664
22534,Vire à Direita,Dê a Preferência,376,16.319444444444446
8827,120 km/h,60 km/h,376,16.319444444444446
29210,Semáforo,Cuidado Geral,376,16.319444444444446
38453,Mantenha-se à Esquerda,Vire à Direita,376,16.319444444444446
11102,Proib. P/ >3.5t,Pista Escorregadia,377,16.36284722222222
33532,Obras,Crianças,377,16.36284722222222
19584,Obras,Neve/Gelo,377,16.36284722222222
35597,Animais Selvagens,Obras,377,16.36284722222222
5473,80 km/h,PARE,378,16.40625
26421,Fim Proib. Ultrapassar,Fim de Proibições,378,16.40625
19802,Obras,Pista Escorregadia,379,16.44965277777778
19390,Obras,Ciclistas,379,16.44965277777778
31791,Obras,Fim Proib. >3.5t,379,16.44965277777778
19218,Estreitamento (D),Fim Proib. >3.5t,380,16.493055555555554
34044,Frente ou Direita,Crianças,380,16.493055555555554
21132,Crianças,Dê a Preferência,380,16.493055555555554
15517,PARE,Via Prioritária,381,16.536458333333336
20057,Obras,60 km/h,381,16.536458333333336
20040,Obras,Cuidado Geral,381,16.536458333333336
15061,PARE,Dê a Preferência,381,16.536458333333336
20063,Obras,Cuidado Geral,382,16.57986111111111
21121,Crianças,Dê a Preferência,383,16.62326388888889
26939,Semáforo,Curva Perigosa (D),384,16.666666666666664
26034,Mantenha-se à Esquerda,Siga em Frente,385,16.710069444444446
22897,Vire à Direita,Frente ou Direita,385,16.710069444444446
35702,Vire à Esquerda,Siga em Frente,385,16.710069444444446
16688,Proibido Entrar,Dê a Preferência,385,16.710069444444446
33018,Mantenha-se à Direita,50 km/h,385,16.710069444444446
30241,PARE,30 km/h,385,16.710069444444446
26426,Fim Proib. Ultrapassar,Fim de Proibições,386,16.75347222222222
12237,Via Prioritária,Fim Proib. >3.5t,388,16.84027777777778
8803,120 km/h,100 km/h,388,16.84027777777778
3163,60 km/h,Pista Escorregadia,388,16.84027777777778
19798,Obras,Crianças,389,16.883680555555554
34199,Neve/Gelo,Ciclistas,389,16.883680555555554
7873,100 km/h,80 km/h,390,16.927083333333336
36507,PARE,Proibido Entrar,390,16.927083333333336
20068,Obras,Cuidado Geral,391,16.97048611111111
23037,Vire à Esquerda,Dê a Preferência,391,16.97048611111111
20069,Obras,Cuidado Geral,391,16.97048611111111
27780,120 km/h,Proibido Veículos,393,17.057291666666664
12505,Via Prioritária,Fim Proib. >3.5t,393,17.057291666666664
29175,Rotatória,Vire à Direita,393,17.057291666666664
34117,100 km/h,80 km/h,393,17.057291666666664
37674,Obras,Ciclistas,393,17.057291666666664
6034,80 km/h,60 km/h,393,17.057291666666664
16459,Proibido Entrar,Proibido Veículos,394,17.100694444444446
16435,Proibido Entrar,Dê a Preferência,394,17.100694444444446
29603,Proibido Entrar,50 km/h,394,17.100694444444446
23310,Siga em Frente,100 km/h,395,17.14409722222222
22987,Vire à Esquerda,Siga em Frente,395,17.14409722222222
27865,Semáforo,80 km/h,395,17.14409722222222
39169,Mantenha-se à Direita,50 km/h,396,17.1875
10431,Proib. P/ >3.5t,80 km/h,396,17.1875
10787,Proib. P/ >3.5t,80 km/h,396,17.1875
15130,PARE,30 km/h,397,17.23090277777778
23129,Vire à Esquerda,Mantenha-se à Direita,398,17.274305555555554
32341,Crianças,Curva Perigosa (D),398,17.274305555555554
23740,Siga em Frente,Vire à Direita,399,17.317708333333336
19198,Estreitamento (D),Ciclistas,399,17.317708333333336
34921,60 km/h,80 km/h,400,17.36111111111111
3158,60 km/h,Pista Escorregadia,400,17.36111111111111
21143,Crianças,Ciclistas,401,17.40451388888889
27772,Rotatória,Vire à Direita,401,17.40451388888889
29622,Via Prioritária,Prioridade Cruzamento,401,17.40451388888889
29755,Via Prioritária,Prioridade Cruzamento,401,17.40451388888889
33844,Crianças,Dê a Preferência,402,17.447916666666664
3770,60 km/h,80 km/h,402,17.447916666666664
13428,Via Prioritária,Fim Proib. >3.5t,403,17.491319444444446
17537,Cuidado Geral,Curva Perigosa (D),403,17.491319444444446
34513,Vire à Esquerda,Siga em Frente,403,17.491319444444446
13546,Via Prioritária,Dê a Preferência,403,17.491319444444446
15115,PARE,Proibido Entrar,403,17.491319444444446
22575,Vire à Direita,Rotatória,404,17.53472222222222
35714,Vire à Direita,Rotatória,404,17.53472222222222
32240,Crianças,Fim Proib. >3.5t,404,17.53472222222222
34787,Vire à Esquerda,Siga em Frente,405,17.578125
20919,Crianças,Semáforo,406,17.62152777777778
31278,Obras,Crianças,407,17.664930555555554
10966,Proib. P/ >3.5t,80 km/h,407,17.664930555555554
38702,Vire à Direita,Rotatória,407,17.664930555555554
13248,Via Prioritária,Fim Proib. >3.5t,407,17.664930555555554
25654,Mantenha-se à Direita,30 km/h,408,17.708333333333336
12403,Via Prioritária,Crianças,408,17.708333333333336
29946,Vire à Esquerda,Siga em Frente,408,17.708333333333336
34164,Obras,Dê a Preferência,409,17.75173611111111
30350,Proibido Entrar,Dê a Preferência,409,17.75173611111111
31787,Mantenha-se à Direita,Obras,411,17.838541666666664
37011,Proibido Entrar,Dê a Preferência,411,17.838541666666664
28554,Vire à Esquerda,Siga em Frente,412,17.881944444444446
33355,Frente ou Direita,Siga em Frente,412,17.881944444444446
25251,Mantenha-se à Direita,50 km/h,413,17.92534722222222
36689,20 km/h,80 km/h,413,17.92534722222222
26135,Rotatória,Fim Proib. >3.5t,413,17.92534722222222
29316,Obras,Dê a Preferência,413,17.92534722222222
22754,Vire à Direita,Rotatória,414,17.96875
25110,Mantenha-se à Direita,Vire à Direita,414,17.96875
15129,PARE,30 km/h,415,18.01215277777778
21884,Animais Selvagens,Proib. P/ >3.5t,416,18.055555555555554
16772,Proibido Entrar,Dê a Preferência,416,18.055555555555554
22767,Vire à Direita,Rotatória,416,18.055555555555554
16631,Proibido Entrar,Curva Perigosa (E),416,18.055555555555554
25922,Mantenha-se à Esquerda,Mantenha-se à Direita,417,18.098958333333336
12495,Via Prioritária,Dê a Preferência,417,18.098958333333336
19166,Estreitamento (D),Mantenha-se à Direita,417,18.098958333333336
35089,Estreitamento (D),Crianças,418,18.14236111111111
34802,Vire à Direita,Rotatória,418,18.14236111111111
32061,100 km/h,80 km/h,418,18.14236111111111
8532,120 km/h,80 km/h,418,18.14236111111111
19227,Estreitamento (D),Ciclistas,418,18.14236111111111
16744,Proibido Entrar,Vire à Direita,419,18.18576388888889
15174,PARE,Obras,419,18.18576388888889
35787,Estreitamento (D),Ciclistas,419,18.18576388888889
28939,Frente ou Direita,Siga em Frente,420,18.229166666666664
7048,100 km/h,80 km/h,420,18.229166666666664
24162,Frente ou Direita,Siga em Frente,420,18.229166666666664
37556,Frente ou Direita,Siga em Frente,420,18.229166666666664
36021,Siga em Frente,Proib. Ultrapassar,422,18.31597222222222
24113,Frente ou Direita,Siga em Frente,423,18.359375
27494,Estreitamento (D),Ciclistas,423,18.359375
36843,Cuidado Geral,Semáforo,423,18.359375
9075,Proib. Ultrapassar,50 km/h,423,18.359375
19528,Obras,Crianças,423,18.359375
8533,120 km/h,80 km/h,424,18.40277777777778
7837,100 km/h,80 km/h,425,18.446180555555554
24369,Frente ou Esquerda,Pista Escorregadia,425,18.446180555555554
30782,Cuidado Geral,20 km/h,425,18.446180555555554
16336,Proibido Entrar,Dê a Preferência,425,18.446180555555554
34752,Proibido Entrar,Vire à Direita,427,18.53298611111111
37723,Proibido Entrar,Fim de Proibições,427,18.53298611111111
16893,Proibido Entrar,Dê a Preferência,427,18.53298611111111
16722,Proibido Entrar,Dê a Preferência,427,18.53298611111111
19750,Obras,Dê a Preferência,428,18.57638888888889
23294,Siga em Frente,Vire à Direita,428,18.57638888888889
12705,Via Prioritária,100 km/h,429,18.619791666666664
24377,Frente ou Esquerda,Via Prioritária,429,18.619791666666664
14299,Dê a Preferência,Siga em Frente,429,18.619791666666664
7595,100 km/h,80 km/h,430,18.663194444444446
7370,100 km/h,80 km/h,430,18.663194444444446
19271,Obras,Crianças,431,18.70659722222222
7832,100 km/h,80 km/h,431,18.70659722222222
20515,Semáforo,Curva Perigosa (D),431,18.70659722222222
10789,Proib. P/ >3.5t,80 km/h,432,18.75
32561,Siga em Frente,Vire à Direita,433,18.79340277777778
2096,50 km/h,Proibido Veículos,433,18.79340277777778
16792,Proibido Entrar,30 km/h,434,18.836805555555554
33279,20 km/h,Dê a Preferência,434,18.836805555555554
16778,Proibido Entrar,30 km/h,434,18.836805555555554
18013,Curva Perigosa (D),Pista Escorregadia,435,18.880208333333336
35275,Proibido Entrar,Dê a Preferência,436,18.92361111111111
23124,Vire à Esquerda,Frente ou Esquerda,436,18.92361111111111
20514,Semáforo,Curva Perigosa (D),436,18.92361111111111
23764,Siga em Frente,Vire à Direita,438,19.010416666666664
36488,Frente ou Esquerda,Siga em Frente,438,19.010416666666664
24992,Mantenha-se à Direita,Dê a Preferência,438,19.010416666666664
16864,Proibido Entrar,Vire à Direita,439,19.053819444444446
3793,60 km/h,Dê a Preferência,439,19.053819444444446
19759,Obras,60 km/h,439,19.053819444444446
28341,80 km/h,120 km/h,439,19.053819444444446
38436,Proibido Entrar,Dê a Preferência,439,19.053819444444446
39171,80 km/h,120 km/h,439,19.053819444444446
34230,Obras,Mantenha-se à Direita,440,19.09722222222222
30913,Obras,Mantenha-se à Direita,440,19.09722222222222
36462,Semáforo,80 km/h,440,19.09722222222222
23155,Vire à Esquerda,Mantenha-se à Direita,440,19.09722222222222
22655,Vire à Direita,Siga em Frente,441,19.140625
3474,60 km/h,80 km/h,441,19.140625
13267,Via Prioritária,Dê a Preferência,441,19.140625
32398,Obras,Mantenha-se à Direita,441,19.140625
15427,PARE,Dê a Preferência,442,19.18402777777778
30575,Mantenha-se à Direita,Obras,442,19.18402777777778
19300,Obras,Mantenha-se à Direita,442,19.18402777777778
3804,60 km/h,80 km/h,442,19.18402777777778
26234,Rotatória,Vire à Direita,443,19.227430555555554
23852,Siga em Frente,Vire à Direita,443,19.227430555555554
24823,Mantenha-se à Direita,50 km/h,443,19.227430555555554
21201,Crianças,Siga em Frente,444,19.270833333333336
17985,Curva Perigosa (D),Proib. P/ >3.5t,446,19.35763888888889
1714,50 km/h,60 km/h,446,19.35763888888889
17984,Curva Perigosa (D),Proib. P/ >3.5t,446,19.35763888888889
10868,Proib. P/ >3.5t,80 km/h,447,19.401041666666664
30393,Ciclistas,Vire à Direita,447,19.401041666666664
21323,Ciclistas,Proibido Veículos,447,19.401041666666664
31821,Mantenha-se à Direita,50 km/h,448,19.444444444444446
37667,60 km/h,Dê a Preferência,449,19.48784722222222
19449,Obras,Mantenha-se à Direita,450,19.53125
35239,Estreitamento (D),Proibido Veículos,450,19.53125
13244,Via Prioritária,Proibido >3.5t,450,19.53125
21067,Crianças,Vire à Direita,450,19.53125
27484,Obras,30 km/h,451,19.57465277777778
24329,Frente ou Esquerda,50 km/h,451,19.57465277777778
36276,Dê a Preferência,Siga em Frente,452,19.618055555555554
27497,Crianças,Semáforo,452,19.618055555555554
35295,120 km/h,80 km/h,453,19.661458333333336
38567,Proibido Entrar,Dê a Preferência,453,19.661458333333336
3403,60 km/h,Siga em Frente,453,19.661458333333336
12947,Via Prioritária,Dê a Preferência,453,19.661458333333336
23768,Siga em Frente,Vire à Direita,454,19.70486111111111
13263,Via Prioritária,Neve/Gelo,455,19.74826388888889
3396,60 km/h,Siga em Frente,455,19.74826388888889
20125,Obras,Via Prioritária,455,19.74826388888889
19526,Obras,Crianças,455,19.74826388888889
38460,Obras,Dê a Preferência,456,19.791666666666664
29027,Obras,Mantenha-se à Direita,456,19.791666666666664
27569,Proibido Entrar,Dê a Preferência,457,19.835069444444446
16423,Proibido Entrar,Fim de Proibições,457,19.835069444444446
29341,Siga em Frente,Vire à Direita,457,19.835069444444446
28493,20 km/h,80 km/h,459,19.921875
127,20 km/h,30 km/h,459,19.921875
15356,PARE,Fim de Proibições,459,19.921875
18205,Curva Perigosa (D),Ciclistas,460,19.96527777777778
24123,Frente ou Direita,Dê a Preferência,461,20.008680555555554
36020,Vire à Esquerda,Via Prioritária,461,20.008680555555554
30,20 km/h,Estreitamento (D),463,20.09548611111111
33798,Proibido Entrar,Dê a Preferência,463,20.09548611111111
16686,Proibido Entrar,Dê a Preferência,463,20.09548611111111
18698,Pista Irregular,Cuidado Geral,463,20.09548611111111
8793,120 km/h,Proibido Veículos,464,20.13888888888889
32993,Obras,Mantenha-se à Direita,464,20.13888888888889
20398,Semáforo,Ciclistas,466,20.225694444444446
122,20 km/h,120 km/h,466,20.225694444444446
29657,Semáforo,Crianças,466,20.225694444444446
23017,Vire à Esquerda,Frente ou Esquerda,466,20.225694444444446
33572,Crianças,Cuidado Geral,467,20.26909722222222
36160,Proibido Entrar,30 km/h,467,20.26909722222222
30764,30 km/h,80 km/h,467,20.26909722222222
23468,Siga em Frente,Vire à Direita,468,20.3125
19247,Estreitamento (D),Via Prioritária,469,20.35590277777778
8468,120 km/h,80 km/h,469,20.35590277777778
34448,120 km/h,80 km/h,472,20.48611111111111
16647,Proibido Entrar,60 km/h,472,20.48611111111111
1,20 km/h,Cuidado Geral,473,20.52951388888889
24134,Frente ou Direita,Siga em Frente,475,20.616319444444446
24063,Frente ou Direita,Curva Perigosa (E),475,20.616319444444446
14585,Dê a Preferência,Siga em Frente,476,20.65972222222222
14013,Dê a Preferência,Obras,476,20.65972222222222
6872,Fim 80,Fim Proib. >3.5t,478,20.74652777777778
15280,PARE,Mantenha-se à Direita,478,20.74652777777778
31240,Via Prioritária,Fim Proib. >3.5t,478,20.74652777777778
34837,Proib. P/ >3.5t,80 km/h,479,20.789930555555554
20338,Semáforo,Estreitamento (D),479,20.789930555555554
33462,Siga em Frente,Vire à Direita,479,20.789930555555554
10979,Proib. P/ >3.5t,80 km/h,480,20.833333333333336
0,20 km/h,Dê a Preferência,480,20.833333333333336
20690,Semáforo,Curva Perigosa (D),480,20.833333333333336
23550,Siga em Frente,Vire à Esquerda,480,20.833333333333336
25929,Mantenha-se à Esquerda,Vire à Direita,480,20.833333333333336
12531,Via Prioritária,Fim Proib. >3.5t,480,20.833333333333336
25875,Mantenha-se à Esquerda,Dê a Preferência,481,20.87673611111111
23408,Siga em Frente,Fim Proib. >3.5t,481,20.87673611111111
26020,Mantenha-se à Esquerda,Siga em Frente,481,20.87673611111111
17446,Cuidado Geral,Curva Perigosa (D),481,20.87673611111111
15445,PARE,Dê a Preferência,482,20.92013888888889
29936,60 km/h,80 km/h,483,20.963541666666664
17701,Cuidado Geral,Estreitamento (D),485,21.05034722222222
20393,Semáforo,Obras,486,21.09375
20987,Crianças,120 km/h,487,21.13715277777778
15096,PARE,Proibido Entrar,487,21.13715277777778
6875,Fim 80,Fim Proib. >3.5t,487,21.13715277777778
31098,Frente ou Esquerda,Via Prioritária,489,21.223958333333336
21264,Ciclistas,Dê a Preferência,489,21.223958333333336
30419,20 km/h,70 km/h,489,21.223958333333336
16718,Proibido Entrar,Dê a Preferência,490,21.26736111111111
21594,Neve/Gelo,Ciclistas,491,21.31076388888889
26144,Rotatória,Via Prioritária,491,21.31076388888889
13349,Via Prioritária,Fim Proib. >3.5t,492,21.354166666666664
22939,Vire à Esquerda,Mantenha-se à Direita,492,21.354166666666664
25092,Mantenha-se à Direita,Vire à Esquerda,492,21.354166666666664
20568,Semáforo,Curva Perigosa (D),492,21.354166666666664
35754,Obras,Neve/Gelo,493,21.397569444444446
30909,Proibido Entrar,Vire à Direita,493,21.397569444444446
15271,PARE,Via Prioritária,493,21.397569444444446
121,20 km/h,70 km/h,493,21.397569444444446
33051,Mantenha-se à Direita,Obras,495,21.484375
12687,Via Prioritária,Rotatória,496,21.52777777777778
20392,Semáforo,Curva Perigosa (D),496,21.52777777777778
20533,Semáforo,Vire à Direita,496,21.52777777777778
34737,Vire à Esquerda,Via Prioritária,496,21.52777777777778
15426,PARE,Dê a Preferência,496,21.52777777777778
23553,Siga em Frente,Vire à Direita,497,21.571180555555554
19294,Obras,Vire à Direita,497,21.571180555555554
36573,60 km/h,80 km/h,499,21.65798611111111
20314,Semáforo,Estreitamento (D),500,21.70138888888889
20563,Semáforo,Curva Perigosa (D),501,21.744791666666664
29705,Proibido Entrar,Dê a Preferência,501,21.744791666666664
38326,Proibido Entrar,Dê a Preferência,501,21.744791666666664
24350,Frente ou Esquerda,Siga em Frente,502,21.788194444444446
19272,Obras,Crianças,502,21.788194444444446
23892,Siga em Frente,Vire à Direita,502,21.788194444444446
23238,Siga em Frente,Vire à Direita,502,21.788194444444446
19689,Obras,Fim Proib. >3.5t,503,21.83159722222222
19770,Obras,80 km/h,503,21.83159722222222
15871,Proibido Veículos,Dê a Preferência,505,21.91840277777778
37819,Via Prioritária,Pista Escorregadia,505,21.91840277777778
20327,Semáforo,80 km/h,505,21.91840277777778
38556,Via Prioritária,Rotatória,506,21.961805555555554
31210,20 km/h,30 km/h,506,21.961805555555554
12413,Via Prioritária,Dê a Preferência,508,22.04861111111111
13540,Via Prioritária,Dê a Preferência,509,22.09201388888889
23552,Siga em Frente,Vire à Direita,509,22.09201388888889
20251,Obras,Dê a Preferência,509,22.09201388888889
34020,60 km/h,80 km/h,509,22.09201388888889
20473,Semáforo,Neve/Gelo,510,22.135416666666664
20317,Semáforo,80 km/h,510,22.135416666666664
16873,Proibido Entrar,Vire à Direita,510,22.135416666666664
3589,60 km/h,120 km/h,512,22.22222222222222
21205,Crianças,Cuidado Geral,512,22.22222222222222
10961,Proib. P/ >3.5t,80 km/h,512,22.22222222222222
19800,Obras,Vire à Direita,514,22.30902777777778
32509,Via Prioritária,Proibido >3.5t,515,22.352430555555554
6996,100 km/h,80 km/h,515,22.352430555555554
15260,PARE,Dê a Preferência,515,22.352430555555554
6630,80 km/h,60 km/h,516,22.395833333333336
36130,Obras,Vire à Direita,516,22.395833333333336
16713,Proibido Entrar,Proib. Ultrapassar,516,22.395833333333336
15425,PARE,Dê a Preferência,516,22.395833333333336
23647,Siga em Frente,Vire à Direita,516,22.395833333333336
24994,Mantenha-se à Direita,Dê a Preferência,516,22.395833333333336
38407,80 km/h,60 km/h,517,22.43923611111111
24271,Frente ou Direita,Mantenha-se à Direita,518,22.48263888888889
19243,Estreitamento (D),Proibido Veículos,519,22.526041666666664
31357,Frente ou Direita,Siga em Frente,519,22.526041666666664
17531,Cuidado Geral,Pista Irregular,520,22.569444444444446
11109,Proib. P/ >3.5t,80 km/h,520,22.569444444444446
25884,Mantenha-se à Esquerda,Dê a Preferência,520,22.569444444444446
37339,Obras,60 km/h,520,22.569444444444446
37653,Via Prioritária,Mantenha-se à Direita,521,22.61284722222222
25882,Mantenha-se à Esquerda,Dê a Preferência,522,22.65625
33483,Proibido Entrar,Obras,523,22.69965277777778
23560,Siga em Frente,Vire à Direita,523,22.69965277777778
19683,Obras,Dê a Preferência,523,22.69965277777778
32510,Crianças,Fim Proib. >3.5t,523,22.69965277777778
6983,Fim 80,Fim Proib. >3.5t,524,22.743055555555554
36185,Fim 80,Fim Proib. >3.5t,525,22.786458333333336
20687,Semáforo,Curva Perigosa (D),525,22.786458333333336
37422,Cuidado Geral,Neve/Gelo,525,22.786458333333336
4015,60 km/h,80 km/h,526,22.82986111111111
11107,Proib. P/ >3.5t,Obras,527,22.87326388888889
19771,Obras,Dê a Preferência,527,22.87326388888889
33456,Semáforo,Vire à Direita,528,22.916666666666664
21261,Ciclistas,Proibido Veículos,529,22.960069444444446
31549,120 km/h,80 km/h,529,22.960069444444446
32642,20 km/h,120 km/h,529,22.960069444444446
20331,Semáforo,120 km/h,529,22.960069444444446
18067,Curva Perigosa (D),Cuidado Geral,530,23.00347222222222
30788,PARE,Dê a Preferência,530,23.00347222222222
18068,Curva Perigosa (D),Cuidado Geral,531,23.046875
13257,Via Prioritária,Fim Proib. >3.5t,531,23.046875
34777,60 km/h,80 km/h,531,23.046875
27069,Vire à Esquerda,Siga em Frente,532,23.09027777777778
8469,120 km/h,80 km/h,532,23.09027777777778
8545,120 km/h,80 km/h,532,23.09027777777778
12537,Via Prioritária,100 km/h,532,23.09027777777778
32072,120 km/h,30 km/h,532,23.09027777777778
62,20 km/h,30 km/h,532,23.09027777777778
16663,Proibido Entrar,Dê a Preferência,533,23.133680555555554
20995,Crianças,Mantenha-se à Direita,533,23.133680555555554
21180,Crianças,Dê a Preferência,534,23.177083333333336
18060,Curva Perigosa (D),Cuidado Geral,534,23.177083333333336
36490,Obras,Siga em Frente,537,23.307291666666664
26022,Mantenha-se à Esquerda,Siga em Frente,537,23.307291666666664
23870,Siga em Frente,Vire à Direita,537,23.307291666666664
4090,60 km/h,Dê a Preferência,537,23.307291666666664
13285,Via Prioritária,Proibido >3.5t,539,23.39409722222222
3153,60 km/h,Dê a Preferência,539,23.39409722222222
15236,PARE,Dê a Preferência,540,23.4375
21203,Crianças,Dê a Preferência,541,23.48090277777778
22661,Vire à Direita,Rotatória,542,23.524305555555554
31942,Vire à Direita,Rotatória,542,23.524305555555554
15044,PARE,Dê a Preferência,543,23.567708333333336
20476,Semáforo,Obras,543,23.567708333333336
7,20 km/h,30 km/h,543,23.567708333333336
27328,Proibido Entrar,Vire à Direita,543,23.567708333333336
31869,Siga em Frente,Vire à Direita,544,23.61111111111111
27694,Rotatória,Dê a Preferência,544,23.61111111111111
15006,PARE,Dê a Preferência,546,23.697916666666664
3582,60 km/h,Dê a Preferência,546,23.697916666666664
15003,PARE,Dê a Preferência,546,23.697916666666664
25657,Mantenha-se à Direita,Dê a Preferência,546,23.697916666666664
15059,PARE,Dê a Preferência,548,23.78472222222222
19905,Obras,80 km/h,548,23.78472222222222
25856,Mantenha-se à Esquerda,Vire à Esquerda,548,23.78472222222222
85,20 km/h,Obras,549,23.828125
28948,Vire à Esquerda,Mantenha-se à Direita,550,23.87152777777778
15435,PARE,Dê a Preferência,550,23.87152777777778
16430,Proibido Entrar,Dê a Preferência,550,23.87152777777778
16680,Proibido Entrar,Dê a Preferência,552,23.958333333333336
37015,Proibido Entrar,Vire à Direita,553,24.00173611111111
27640,Proibido Entrar,30 km/h,553,24.00173611111111
13370,Via Prioritária,Rotatória,553,24.00173611111111
33769,Frente ou Esquerda,Mantenha-se à Direita,554,24.04513888888889
36682,Proibido Entrar,30 km/h,554,24.04513888888889
16531,Proibido Entrar,Dê a Preferência,555,24.088541666666664
15254,PARE,Dê a Preferência,555,24.088541666666664
37892,Proibido Entrar,60 km/h,555,24.088541666666664
15029,PARE,Dê a Preferência,556,24.131944444444446
24274,Frente ou Direita,Mantenha-se à Direita,558,24.21875
22483,Vire à Direita,30 km/h,559,24.26215277777778
16983,Proibido Entrar,60 km/h,560,24.305555555555554
12436,Via Prioritária,Dê a Preferência,561,24.348958333333336
30319,Proibido Entrar,Dê a Preferência,561,24.348958333333336
23939,Siga em Frente,Dê a Preferência,562,24.39236111111111
15322,PARE,Dê a Preferência,563,24.43576388888889
15082,PARE,Dê a Preferência,563,24.43576388888889
12676,Via Prioritária,Proibido >3.5t,564,24.479166666666664
28102,Fim Proib. >3.5t,100 km/h,565,24.522569444444446
37564,Proibido Entrar,30 km/h,565,24.522569444444446
33505,Proibido Entrar,50 km/h,565,24.522569444444446
27282,Proibido Entrar,50 km/h,565,24.522569444444446
16484,Proibido Entrar,50 km/h,565,24.522569444444446
24360,Frente ou Esquerda,70 km/h,569,24.696180555555554
36154,Semáforo,Fim de Proibições,569,24.696180555555554
15192,PARE,Dê a Preferência,569,24.696180555555554
26973,Obras,80 km/h,569,24.696180555555554
12626,Via Prioritária,Dê a Preferência,569,24.696180555555554
22941,Vire à Esquerda,Mantenha-se à Direita,570,24.739583333333336
20934,Crianças,120 km/h,571,24.78298611111111
29248,Vire à Direita,Rotatória,572,24.82638888888889
38959,Cuidado Geral,Ciclistas,572,24.82638888888889
31170,Via Prioritária,Dê a Preferência,572,24.82638888888889
4094,60 km/h,Dê a Preferência,573,24.869791666666664
35307,Proibido Entrar,60 km/h,575,24.95659722222222
35494,Proibido Entrar,Dê a Preferência,575,24.95659722222222
3,20 km/h,Dê a Preferência,576,25.0
64,20 km/h,Dê a Preferência,576,25.0
17399,Cuidado Geral,Obras,576,25.0
15472,PARE,Dê a Preferência,577,25.04340277777778
16669,Proibido Entrar,PARE,577,25.04340277777778
15049,PARE,Dê a Preferência,577,25.04340277777778
20935,Crianças,120 km/h,578,25.086805555555557
38966,Rotatória,Via Prioritária,578,25.086805555555557
21076,Crianças,Vire à Direita,578,25.086805555555557
19610,Obras,Dê a Preferência,579,25.130208333333332
33626,Ciclistas,Proibido Veículos,580,25.17361111111111
26236,Rotatória,Fim de Proibições,581,25.21701388888889
56,20 km/h,Dê a Preferência,581,25.21701388888889
15196,PARE,Dê a Preferência,582,25.260416666666668
83,20 km/h,80 km/h,583,25.303819444444443
84,20 km/h,80 km/h,583,25.303819444444443
15004,PARE,Dê a Preferência,583,25.303819444444443
26463,Fim Proib. >3.5t,100 km/h,584,25.34722222222222
15346,PARE,Dê a Preferência,584,25.34722222222222
15078,PARE,Dê a Preferência,584,25.34722222222222
22860,Vire à Direita,Rotatória,585,25.390625
25290,Mantenha-se à Direita,Dê a Preferência,586,25.43402777777778
26237,Rotatória,Fim de Proibições,587,25.477430555555557
33421,Mantenha-se à Direita,Frente ou Esquerda,588,25.520833333333332
15328,PARE,Dê a Preferência,588,25.520833333333332
17479,Cuidado Geral,Pista Irregular,589,25.56423611111111
16988,Proibido Entrar,Dê a Preferência,589,25.56423611111111
15235,PARE,Dê a Preferência,592,25.694444444444443
15,20 km/h,120 km/h,592,25.694444444444443
15471,PARE,Dê a Preferência,592,25.694444444444443
16488,Proibido Entrar,50 km/h,592,25.694444444444443
15149,PARE,Dê a Preferência,592,25.694444444444443
33666,Proibido Entrar,50 km/h,593,25.73784722222222
38161,Proibido Entrar,50 km/h,594,25.78125
36880,Proibido Entrar,Dê a Preferência,594,25.78125
12179,Via Prioritária,Siga em Frente,594,25.78125
16887,Proibido Entrar,Dê a Preferência,595,25.82465277777778
25120,Mantenha-se à Direita,Dê a Preferência,595,25.82465277777778
16672,Proibido Entrar,20 km/h,595,25.82465277777778
23331,Siga em Frente,Vire à Direita,596,25.868055555555557
23805,Siga em Frente,Vire à Direita,596,25.868055555555557
38467,Vire à Direita,Fim de Proibições,597,25.911458333333332
25667,Mantenha-se à Direita,Dê a Preferência,597,25.911458333333332
20547,Semáforo,Vire à Direita,598,25.95486111111111
24480,Mantenha-se à Direita,Dê a Preferência,599,25.99826388888889
38212,120 km/h,Proibido Veículos,600,26.041666666666668
7878,100 km/h,80 km/h,601,26.085069444444443
35152,Proibido Entrar,60 km/h,602,26.12847222222222
34522,Proibido Entrar,50 km/h,603,26.171875
31444,Proibido Entrar,Mantenha-se à Direita,603,26.171875
18719,Pista Irregular,Cuidado Geral,605,26.258680555555557
24827,Mantenha-se à Direita,60 km/h,607,26.34548611111111
23890,Siga em Frente,Vire à Direita,607,26.34548611111111
26156,Rotatória,Via Prioritária,608,26.38888888888889
8471,120 km/h,100 km/h,608,26.38888888888889
32955,100 km/h,80 km/h,609,26.432291666666668
16880,Proibido Entrar,50 km/h,610,26.475694444444443
16769,Proibido Entrar,30 km/h,610,26.475694444444443
35212,Proibido Entrar,30 km/h,611,26.51909722222222
23767,Siga em Frente,Vire à Direita,613,26.60590277777778
12174,Via Prioritária,Dê a Preferência,613,26.60590277777778
16907,Proibido Entrar,50 km/h,613,26.60590277777778
23795,Siga em Frente,Vire à Direita,613,26.60590277777778
16753,Proibido Entrar,50 km/h,613,26.60590277777778
23682,Siga em Frente,Vire à Direita,614,26.649305555555557
23742,Siga em Frente,Vire à Direita,614,26.649305555555557
34071,Via Prioritária,Dê a Preferência,616,26.73611111111111
33810,Proibido Entrar,60 km/h,617,26.77951388888889
39076,Rotatória,Fim de Proibições,619,26.866319444444443
16494,Proibido Entrar,50 km/h,619,26.866319444444443
26111,Rotatória,Dê a Preferência,620,26.90972222222222
16720,Proibido Entrar,60 km/h,622,26.99652777777778
35758,Frente ou Direita,Mantenha-se à Direita,623,27.039930555555557
28220,Fim 80,Fim Proib. >3.5t,625,27.12673611111111
34421,Proibido Entrar,50 km/h,626,27.17013888888889
6937,Fim 80,Fim Proib. >3.5t,627,27.213541666666668
21459,Neve/Gelo,Ciclistas,630,27.34375
32786,Neve/Gelo,Pista Escorregadia,633,27.473958333333332
19654,Obras,Siga em Frente,634,27.51736111111111
19451,Obras,Fim de Proibições,634,27.51736111111111
6878,Fim 80,Fim Proib. >3.5t,636,27.604166666666668
15265,PARE,Dê a Preferência,636,27.604166666666668
32673,Fim 80,Fim Proib. >3.5t,638,27.69097222222222
27105,Mantenha-se à Direita,Obras,638,27.69097222222222
27053,Semáforo,Obras,639,27.734375
20969,Crianças,Dê a Preferência,641,27.821180555555557
36615,Rotatória,Fim Proib. >3.5t,641,27.821180555555557
36157,30 km/h,70 km/h,642,27.864583333333332
24449,Frente ou Esquerda,Vire à Direita,642,27.864583333333332
16725,Proibido Entrar,PARE,644,27.95138888888889
34023,Fim 80,Fim Proib. >3.5t,645,27.994791666666668
39048,Fim 80,Fim Proib. >3.5t,645,27.994791666666668
22492,Vire à Direita,30 km/h,645,27.994791666666668
15111,PARE,Proibido Entrar,646,28.038194444444443
26131,Rotatória,Via Prioritária,647,28.08159722222222
25287,Mantenha-se à Direita,Semáforo,650,28.211805555555557
6745,Fim 80,Fim Proib. >3.5t,650,28.211805555555557
27372,PARE,Dê a Preferência,651,28.255208333333332
6876,Fim 80,Fim Proib. >3.5t,652,28.29861111111111
24409,Frente ou Esquerda,50 km/h,653,28.34201388888889
29297,Obras,50 km/h,654,28.385416666666668
25888,Mantenha-se à Esquerda,Mantenha-se à Direita,654,28.385416666666668
28272,Obras,Ciclistas,654,28.385416666666668
15249,PARE,Dê a Preferência,656,28.47222222222222
22491,Vire à Direita,30 km/h,657,28.515625
6822,Fim 80,Fim Proib. >3.5t,657,28.515625
15025,PARE,Dê a Preferência,658,28.55902777777778
27526,Vire à Direita,Mantenha-se à Direita,660,28.645833333333332
30772,Vire à Direita,30 km/h,661,28.68923611111111
22486,Vire à Direita,30 km/h,661,28.68923611111111
22515,Vire à Direita,Mantenha-se à Esquerda,661,28.68923611111111
22889,Vire à Direita,Mantenha-se à Direita,661,28.68923611111111
22538,Vire à Direita,Fim de Proibições,662,28.73263888888889
17637,Cuidado Geral,Obras,664,28.819444444444443
33924,Obras,Proibido Veículos,665,28.86284722222222
32879,Cuidado Geral,Obras,665,28.86284722222222
8799,120 km/h,80 km/h,666,28.90625
12257,Via Prioritária,Fim Proib. >3.5t,667,28.94965277777778
36214,80 km/h,Obras,668,28.993055555555557
15417,PARE,Dê a Preferência,669,29.036458333333332
24151,Frente ou Direita,Pista Escorregadia,669,29.036458333333332
19555,Obras,Proibido Veículos,669,29.036458333333332
15279,PARE,Dê a Preferência,670,29.07986111111111
19817,Obras,60 km/h,672,29.166666666666668
16695,Proibido Entrar,30 km/h,672,29.166666666666668
6971,Fim 80,Fim Proib. >3.5t,673,29.210069444444443
16699,Proibido Entrar,30 km/h,678,29.427083333333332
27781,Vire à Direita,Mantenha-se à Direita,679,29.47048611111111
20986,Crianças,Mantenha-se à Direita,680,29.51388888888889
20540,Semáforo,Mantenha-se à Direita,681,29.557291666666668
6977,Fim 80,Fim Proib. >3.5t,681,29.557291666666668
22525,Vire à Direita,Rotatória,681,29.557291666666668
22527,Vire à Direita,Rotatória,681,29.557291666666668
23790,Siga em Frente,Vire à Direita,682,29.600694444444443
6915,Fim 80,Fim Proib. >3.5t,682,29.600694444444443
30546,Mantenha-se à Direita,Neve/Gelo,683,29.64409722222222
39263,Siga em Frente,Vire à Esquerda,683,29.64409722222222
24457,Mantenha-se à Direita,60 km/h,686,29.774305555555557
24620,Mantenha-se à Direita,Cuidado Geral,686,29.774305555555557
25089,Mantenha-se à Direita,Fim de Proibições,687,29.817708333333332
36917,Mantenha-se à Direita,Cuidado Geral,687,29.817708333333332
26239,Rotatória,Vire à Direita,687,29.817708333333332
24613,Mantenha-se à Direita,Curva Perigosa (D),687,29.817708333333332
26152,Rotatória,Via Prioritária,687,29.817708333333332
15323,PARE,Dê a Preferência,688,29.86111111111111
4071,60 km/h,20 km/h,690,29.947916666666668
21263,Ciclistas,Proibido Veículos,691,29.991319444444443
20971,Crianças,Via Prioritária,694,30.12152777777778
20972,Crianças,Via Prioritária,694,30.12152777777778
22508,Vire à Direita,Fim de Proibições,694,30.12152777777778
26467,Fim Proib. >3.5t,Rotatória,694,30.12152777777778
15095,PARE,Proibido Entrar,696,30.208333333333332
27211,120 km/h,70 km/h,699,30.338541666666668
15320,PARE,Dê a Preferência,700,30.381944444444443
29181,Via Prioritária,20 km/h,701,30.42534722222222
6848,Fim 80,Fim de Proibições,701,30.42534722222222
16732,Proibido Entrar,Dê a Preferência,701,30.42534722222222
28335,Semáforo,Mantenha-se à Direita,704,30.555555555555557
15148,PARE,Dê a Preferência,704,30.555555555555557
15112,PARE,Proibido Entrar,705,30.598958333333332
35721,Fim 80,80 km/h,705,30.598958333333332
15324,PARE,Dê a Preferência,707,30.68576388888889
29180,Obras,Dê a Preferência,707,30.68576388888889
23465,Siga em Frente,Vire à Direita,707,30.68576388888889
12540,Via Prioritária,Fim 80,711,30.859375
37300,PARE,60 km/h,712,30.90277777777778
16697,Proibido Entrar,Dê a Preferência,714,30.989583333333332
16759,Proibido Entrar,50 km/h,714,30.989583333333332
22569,Vire à Direita,Dê a Preferência,714,30.989583333333332
27985,120 km/h,60 km/h,715,31.03298611111111
31340,Vire à Direita,Frente ou Direita,716,31.07638888888889
13363,Via Prioritária,Obras,716,31.07638888888889
27899,80 km/h,20 km/h,716,31.07638888888889
20662,Semáforo,Fim de Proibições,716,31.07638888888889
31276,Vire à Direita,Frente ou Direita,717,31.119791666666668
6802,Fim 80,60 km/h,717,31.119791666666668
20982,Crianças,Rotatória,718,31.163194444444443
15113,PARE,Proibido Entrar,721,31.29340277777778
18074,Curva Perigosa (D),Cuidado Geral,722,31.336805555555557
24460,Mantenha-se à Direita,Dê a Preferência,722,31.336805555555557
15877,Proibido Veículos,Dê a Preferência,722,31.336805555555557
25589,Mantenha-se à Direita,Semáforo,723,31.380208333333332
4072,60 km/h,80 km/h,723,31.380208333333332
24185,Frente ou Direita,Siga em Frente,723,31.380208333333332
3344,60 km/h,80 km/h,723,31.380208333333332
31690,Obras,Fim de Proibições,723,31.380208333333332
39151,Vire à Direita,Mantenha-se à Direita,724,31.42361111111111
25083,Mantenha-se à Direita,Dê a Preferência,724,31.42361111111111
24,20 km/h,30 km/h,724,31.42361111111111
18,20 km/h,30 km/h,724,31.42361111111111
33715,Mantenha-se à Direita,Dê a Preferência,725,31.46701388888889
6707,Fim 80,Fim Proib. >3.5t,727,31.553819444444443
21681,Neve/Gelo,Ciclistas,727,31.553819444444443
21139,Crianças,Via Prioritária,731,31.727430555555557
20981,Crianças,Via Prioritária,734,31.85763888888889
20602,Semáforo,Mantenha-se à Direita,735,31.901041666666668
32591,120 km/h,30 km/h,738,32.03125
15018,PARE,Dê a Preferência,739,32.07465277777778
19486,Obras,Siga em Frente,739,32.07465277777778
37891,Mantenha-se à Direita,Dê a Preferência,742,32.20486111111111
37309,Obras,Ciclistas,744,32.29166666666667
32268,Frente ou Esquerda,Siga em Frente,747,32.421875
6817,Fim 80,Fim Proib. >3.5t,747,32.421875
25211,Mantenha-se à Direita,Dê a Preferência,748,32.46527777777778
26124,Rotatória,Via Prioritária,749,32.50868055555556
8479,120 km/h,80 km/h,749,32.50868055555556
7806,100 km/h,120 km/h,751,32.59548611111111
19473,Obras,Dê a Preferência,752,32.63888888888889
37766,Cuidado Geral,Neve/Gelo,754,32.72569444444444
37434,Siga em Frente,Frente ou Esquerda,754,32.72569444444444
23661,Siga em Frente,Vire à Direita,754,32.72569444444444
23782,Siga em Frente,Frente ou Esquerda,754,32.72569444444444
23798,Siga em Frente,Vire à Direita,757,32.85590277777778
27418,20 km/h,80 km/h,758,32.89930555555556
10448,Proib. P/ >3.5t,80 km/h,762,33.07291666666667
75,20 km/h,30 km/h,764,33.15972222222222
25850,Mantenha-se à Esquerda,Vire à Esquerda,766,33.24652777777778
30724,Via Prioritária,Dê a Preferência,770,33.42013888888889
20578,Semáforo,Fim de Proibições,770,33.42013888888889
19754,Obras,Ciclistas,771,33.46354166666667
19396,Obras,Dê a Preferência,772,33.50694444444444
21338,Ciclistas,Proibido Veículos,773,33.55034722222222
36019,Vire à Direita,Mantenha-se à Direita,776,33.68055555555556
7736,100 km/h,30 km/h,777,33.72395833333333
30217,120 km/h,100 km/h,780,33.85416666666667
16413,Proibido Entrar,Obras,780,33.85416666666667
21060,Crianças,Via Prioritária,781,33.89756944444444
21065,Crianças,Siga em Frente,781,33.89756944444444
35755,120 km/h,80 km/h,782,33.94097222222222
15103,PARE,Dê a Preferência,783,33.984375
1360,30 km/h,50 km/h,784,34.02777777777778
22750,Vire à Direita,Mantenha-se à Direita,786,34.11458333333333
22565,Vire à Direita,Siga em Frente,786,34.11458333333333
31049,Cuidado Geral,Neve/Gelo,786,34.11458333333333
22747,Vire à Direita,Mantenha-se à Direita,789,34.24479166666667
32553,Vire à Direita,Dê a Preferência,789,34.24479166666667
22376,Fim de Proibições,Fim Proib. >3.5t,789,34.24479166666667
30288,Via Prioritária,Neve/Gelo,789,34.24479166666667
32064,PARE,Dê a Preferência,790,34.28819444444444
8008,120 km/h,80 km/h,791,34.33159722222222
8477,120 km/h,80 km/h,794,34.46180555555556
19657,Obras,Dê a Preferência,795,34.50520833333333
24324,Frente ou Esquerda,Siga em Frente,796,34.54861111111111
21199,Crianças,30 km/h,797,34.59201388888889
24305,Frente ou Esquerda,Vire à Direita,799,34.67881944444444
24315,Frente ou Esquerda,Fim Proib. >3.5t,799,34.67881944444444
39028,Mantenha-se à Direita,Semáforo,800,34.72222222222222
18021,Curva Perigosa (D),Pista Escorregadia,801,34.765625
27986,Siga em Frente,Crianças,802,34.80902777777778
8474,120 km/h,80 km/h,803,34.85243055555556
16908,Proibido Entrar,Dê a Preferência,803,34.85243055555556
28206,Obras,Proibido Veículos,803,34.85243055555556
39001,100 km/h,80 km/h,804,34.89583333333333
27168,Cuidado Geral,Obras,805,34.93923611111111
17987,Curva Perigosa (D),Frente ou Direita,806,34.98263888888889
22748,Vire à Direita,Frente ou Direita,808,35.06944444444444
7607,100 km/h,80 km/h,817,35.46006944444444
16760,Proibido Entrar,Dê a Preferência,819,35.546875
36848,Dê a Preferência,Obras,820,35.59027777777778
13216,Via Prioritária,60 km/h,822,35.67708333333333
16731,Proibido Entrar,PARE,824,35.76388888888889
23706,Siga em Frente,Vire à Direita,825,35.80729166666667
19725,Obras,Vire à Direita,826,35.85069444444444
35583,Obras,Vire à Direita,826,35.85069444444444
19812,Obras,Dê a Preferência,826,35.85069444444444
11128,Proib. P/ >3.5t,80 km/h,826,35.85069444444444
19700,Obras,Proibido Veículos,826,35.85069444444444
33598,Mantenha-se à Esquerda,Mantenha-se à Direita,828,35.9375
20675,Semáforo,Obras,829,35.98090277777778
7718,100 km/h,80 km/h,830,36.02430555555556
22743,Vire à Direita,Mantenha-se à Direita,831,36.06770833333333
3380,60 km/h,80 km/h,832,36.11111111111111
22633,Vire à Direita,Fim de Proibições,833,36.15451388888889
32691,Semáforo,Mantenha-se à Direita,834,36.19791666666667
21474,Neve/Gelo,Ciclistas,836,36.28472222222222
23989,Siga em Frente,Vire à Esquerda,837,36.328125
1294,30 km/h,20 km/h,837,36.328125
21591,Neve/Gelo,Ciclistas,838,36.37152777777778
3350,60 km/h,80 km/h,840,36.45833333333333
23609,Siga em Frente,Vire à Direita,842,36.54513888888889
23607,Siga em Frente,Vire à Direita,842,36.54513888888889
23905,Siga em Frente,Vire à Direita,842,36.54513888888889
38575,Obras,Dê a Preferência,843,36.58854166666667
26076,Rotatória,Dê a Preferência,844,36.63194444444444
22634,Vire à Direita,Fim de Proibições,849,36.84895833333333
36013,Mantenha-se à Direita,Semáforo,852,36.97916666666667
10459,Proib. P/ >3.5t,50 km/h,856,37.15277777777778
19604,Obras,80 km/h,857,37.19618055555556
24453,Mantenha-se à Direita,Dê a Preferência,861,37.36979166666667
25848,Mantenha-se à Esquerda,Vire à Esquerda,861,37.36979166666667
3932,60 km/h,Proib. P/ >3.5t,863,37.45659722222222
25845,Mantenha-se à Esquerda,Vire à Esquerda,866,37.58680555555556
28329,Obras,Proibido Veículos,869,37.71701388888889
29101,Mantenha-se à Direita,Dê a Preferência,870,37.76041666666667
8007,120 km/h,80 km/h,870,37.76041666666667
34589,Fim Proib. >3.5t,Fim de Proibições,875,37.97743055555556
24322,Frente ou Esquerda,Dê a Preferência,876,38.02083333333333
19545,Obras,Proibido Veículos,877,38.06423611111111
19462,Obras,Dê a Preferência,879,38.15104166666667
15284,PARE,Dê a Preferência,880,38.19444444444444
7599,100 km/h,80 km/h,887,38.49826388888889
21183,Crianças,Dê a Preferência,887,38.49826388888889
26899,Proibido Veículos,Dê a Preferência,888,38.54166666666667
25843,Mantenha-se à Esquerda,Vire à Esquerda,892,38.71527777777778
22660,Vire à Direita,Dê a Preferência,898,38.97569444444444
31001,Proib. P/ >3.5t,Proibido Entrar,901,39.10590277777778
37610,Via Prioritária,Dê a Preferência,902,39.14930555555556
3213,60 km/h,80 km/h,906,39.32291666666667
23309,Siga em Frente,Crianças,910,39.49652777777778
18075,Curva Perigosa (D),Cuidado Geral,910,39.49652777777778
24544,Mantenha-se à Direita,Fim de Proibições,910,39.49652777777778
23711,Siga em Frente,Vire à Direita,915,39.71354166666667
10432,Proib. P/ >3.5t,80 km/h,917,39.80034722222222
8478,120 km/h,80 km/h,918,39.84375
30448,Proib. P/ >3.5t,Proibido Veículos,919,39.88715277777778
19601,Obras,60 km/h,920,39.93055555555556
7387,100 km/h,80 km/h,923,40.06076388888889
24165,Frente ou Direita,Siga em Frente,924,40.10416666666667
10972,Proib. P/ >3.5t,80 km/h,925,40.14756944444444
23689,Siga em Frente,Crianças,925,40.14756944444444
20557,Semáforo,Mantenha-se à Direita,926,40.19097222222222
22626,Vire à Direita,Fim de Proibições,938,40.71180555555556
35379,Siga em Frente,Vire à Direita,939,40.75520833333333
32269,Pista Escorregadia,Proib. P/ >3.5t,941,40.84201388888889
26917,Mantenha-se à Esquerda,Via Prioritária,948,41.14583333333333
25841,Mantenha-se à Esquerda,Via Prioritária,949,41.18923611111111
31705,Dê a Preferência,Obras,949,41.18923611111111
12921,Via Prioritária,Dê a Preferência,950,41.23263888888889
38834,60 km/h,Proib. P/ >3.5t,951,41.27604166666667
3996,60 km/h,Proib. P/ >3.5t,954,41.40625
26484,Fim Proib. >3.5t,Fim Proib. Ultrapassar,956,41.49305555555556
24088,Frente ou Direita,Siga em Frente,957,41.53645833333333
24065,Frente ou Direita,Mantenha-se à Direita,957,41.53645833333333
24096,Frente ou Direita,Ciclistas,957,41.53645833333333
24115,Frente ou Direita,Vire à Esquerda,961,41.71006944444444
37661,Mantenha-se à Direita,Fim de Proibições,968,42.01388888888889
25288,Mantenha-se à Direita,Obras,970,42.10069444444444
20679,Semáforo,Proibido Entrar,972,42.1875
22742,Vire à Direita,Fim de Proibições,972,42.1875
21144,Crianças,60 km/h,973,42.23090277777778
34792,100 km/h,80 km/h,977,42.40451388888889
23903,Siga em Frente,Vire à Esquerda,977,42.40451388888889
25621,Mantenha-se à Direita,Fim de Proibições,978,42.44791666666667
25908,Mantenha-se à Esquerda,Rotatória,981,42.578125
28200,Fim Proib. >3.5t,Vire à Direita,981,42.578125
15086,PARE,Dê a Preferência,985,42.75173611111111
3560,60 km/h,80 km/h,988,42.88194444444444
23511,Siga em Frente,Vire à Esquerda,988,42.88194444444444
23702,Siga em Frente,Vire à Direita,989,42.92534722222222
38421,Fim 80,Fim Proib. >3.5t,989,42.92534722222222
38566,Siga em Frente,Vire à Esquerda,989,42.92534722222222
23597,Siga em Frente,Crianças,989,42.92534722222222
23510,Siga em Frente,Vire à Esquerda,992,43.05555555555556
36567,Semáforo,30 km/h,994,43.14236111111111
33981,Vire à Direita,60 km/h,995,43.18576388888889
7044,100 km/h,80 km/h,996,43.22916666666667
28959,100 km/h,120 km/h,996,43.22916666666667
24433,Frente ou Esquerda,Siga em Frente,998,43.31597222222222
3565,60 km/h,80 km/h,999,43.359375
7870,100 km/h,80 km/h,999,43.359375
7305,100 km/h,80 km/h,1000,43.40277777777778
6738,Fim 80,Fim Proib. >3.5t,1002,43.48958333333333
6737,Fim 80,Fim Proib. >3.5t,1002,43.48958333333333
23393,Siga em Frente,Vire à Direita,1002,43.48958333333333
30597,Fim 80,Fim Proib. >3.5t,1002,43.48958333333333
3331,60 km/h,80 km/h,1002,43.48958333333333
23509,Siga em Frente,Vire à Esquerda,1002,43.48958333333333
34248,Semáforo,30 km/h,1005,43.61979166666667
19598,Obras,60 km/h,1007,43.70659722222222
27815,Mantenha-se à Esquerda,Vire à Esquerda,1011,43.88020833333333
25833,Mantenha-se à Esquerda,Vire à Esquerda,1011,43.88020833333333
7542,100 km/h,80 km/h,1012,43.92361111111111
7055,100 km/h,80 km/h,1018,44.18402777777778
7308,100 km/h,80 km/h,1022,44.35763888888889
23497,Siga em Frente,100 km/h,1024,44.44444444444444
20600,Semáforo,Proibido Entrar,1025,44.48784722222222
31285,Mantenha-se à Esquerda,Vire à Esquerda,1025,44.48784722222222
20589,Semáforo,Proibido Entrar,1027,44.57465277777778
35254,Mantenha-se à Direita,Dê a Preferência,1030,44.70486111111111
25904,Mantenha-se à Esquerda,Rotatória,1031,44.74826388888889
30979,100 km/h,80 km/h,1033,44.83506944444444
38993,Frente ou Direita,Vire à Esquerda,1035,44.921875
39252,Mantenha-se à Esquerda,Rotatória,1037,45.00868055555556
26470,Fim Proib. >3.5t,Rotatória,1037,45.00868055555556
25277,Mantenha-se à Direita,Obras,1038,45.05208333333333
20603,Semáforo,Proibido Entrar,1039,45.09548611111111
20566,Semáforo,Proibido Entrar,1039,45.09548611111111
7823,100 km/h,80 km/h,1042,45.22569444444444
27440,Mantenha-se à Direita,Dê a Preferência,1044,45.3125
7544,100 km/h,80 km/h,1048,45.48611111111111
23544,Siga em Frente,Vire à Esquerda,1048,45.48611111111111
23542,Siga em Frente,Vire à Esquerda,1048,45.48611111111111
23978,Siga em Frente,Vire à Esquerda,1048,45.48611111111111
13007,Via Prioritária,Proibido Veículos,1049,45.52951388888889
25004,Mantenha-se à Direita,Dê a Preferência,1051,45.61631944444444
35733,Mantenha-se à Esquerda,Rotatória,1052,45.65972222222222
38150,Mantenha-se à Esquerda,Rotatória,1052,45.65972222222222
22561,Vire à Direita,Dê a Preferência,1053,45.703125
25033,Mantenha-se à Direita,Dê a Preferência,1062,46.09375
24964,Mantenha-se à Direita,Frente ou Direita,1062,46.09375
26108,Rotatória,Dê a Preferência,1062,46.09375
3973,60 km/h,Dê a Preferência,1063,46.13715277777778
7820,100 km/h,80 km/h,1063,46.13715277777778
25265,Mantenha-se à Direita,Obras,1066,46.26736111111111
6833,Fim 80,Fim de Proibições,1067,46.31076388888889
10797,Proib. P/ >3.5t,80 km/h,1067,46.31076388888889
6834,Fim 80,Fim Proib. >3.5t,1071,46.484375
3548,60 km/h,Dê a Preferência,1078,46.78819444444444
9072,Proib. Ultrapassar,Dê a Preferência,1080,46.875
102,20 km/h,Dê a Preferência,1085,47.09201388888889
9478,Proib. Ultrapassar,Dê a Preferência,1087,47.17881944444444
7021,100 km/h,80 km/h,1087,47.17881944444444
26293,Fim Proib. Ultrapassar,Mantenha-se à Direita,1089,47.265625
25835,Mantenha-se à Esquerda,Vire à Esquerda,1091,47.35243055555556
32621,Mantenha-se à Esquerda,Vire à Esquerda,1091,47.35243055555556
6809,Fim 80,Fim Proib. >3.5t,1091,47.35243055555556
9633,Proib. Ultrapassar,Proibido Veículos,1092,47.39583333333333
21465,Neve/Gelo,Obras,1097,47.61284722222222
7536,100 km/h,70 km/h,1097,47.61284722222222
7842,100 km/h,80 km/h,1097,47.61284722222222
4088,60 km/h,Dê a Preferência,1104,47.91666666666667
7314,100 km/h,80 km/h,1105,47.96006944444444
27239,Semáforo,Vire à Direita,1106,48.00347222222222
7671,100 km/h,80 km/h,1107,48.046875
17982,Curva Perigosa (D),Pista Irregular,1108,48.09027777777778
7400,100 km/h,80 km/h,1113,48.30729166666667
13194,Via Prioritária,Dê a Preferência,1117,48.48090277777778
36210,Semáforo,30 km/h,1119,48.56770833333333
7404,100 km/h,30 km/h,1123,48.74131944444444
10435,Proib. P/ >3.5t,80 km/h,1125,48.828125
18126,Curva Perigosa (D),Fim de Proibições,1128,48.95833333333333
26553,Fim Proib. >3.5t,Dê a Preferência,1128,48.95833333333333
7556,100 km/h,80 km/h,1128,48.95833333333333
18042,Curva Perigosa (D),Ciclistas,1131,49.08854166666667
3252,60 km/h,Dê a Preferência,1133,49.17534722222222
7670,100 km/h,80 km/h,1133,49.17534722222222
23390,Siga em Frente,Fim Proib. >3.5t,1133,49.17534722222222
17997,Curva Perigosa (D),Pista Irregular,1136,49.30555555555556
23474,Siga em Frente,Vire à Esquerda,1136,49.30555555555556
18037,Curva Perigosa (D),Ciclistas,1137,49.34895833333333
30532,Proib. P/ >3.5t,80 km/h,1143,49.609375
23349,Siga em Frente,Vire à Direita,1144,49.65277777777778
23668,Siga em Frente,Vire à Esquerda,1144,49.65277777777778
23666,Siga em Frente,Vire à Esquerda,1144,49.65277777777778
23741,Siga em Frente,Vire à Esquerda,1144,49.65277777777778
26294,Fim Proib. Ultrapassar,Mantenha-se à Direita,1146,49.73958333333333
31987,80 km/h,30 km/h,1147,49.78298611111111
23687,Siga em Frente,Vire à Esquerda,1157,50.217013888888886
25030,Mantenha-se à Direita,Dê a Preferência,1157,50.217013888888886
23683,Siga em Frente,Vire à Esquerda,1158,50.260416666666664
23396,Siga em Frente,Vire à Esquerda,1161,50.390625
7319,100 km/h,80 km/h,1168,50.69444444444444
23540,Siga em Frente,Vire à Esquerda,1171,50.82465277777778
3315,60 km/h,Dê a Preferência,1172,50.86805555555556
3876,60 km/h,Dê a Preferência,1172,50.86805555555556
9071,Proib. Ultrapassar,Proibido Veículos,1175,50.998263888888886
24161,Frente ou Direita,Vire à Esquerda,1175,50.998263888888886
9826,Proib. Ultrapassar,Proibido Veículos,1175,50.998263888888886
23723,Siga em Frente,Vire à Esquerda,1175,50.998263888888886
32837,Frente ou Direita,Via Prioritária,1176,51.041666666666664
23483,Siga em Frente,Vire à Esquerda,1177,51.08506944444444
9053,Proib. Ultrapassar,Dê a Preferência,1179,51.171875
25970,Mantenha-se à Esquerda,Fim de Proibições,1182,51.302083333333336
6787,Fim 80,Fim de Proibições,1183,51.345486111111114
23246,Siga em Frente,Vire à Esquerda,1183,51.345486111111114
24920,Mantenha-se à Direita,Semáforo,1186,51.47569444444444
21552,Neve/Gelo,80 km/h,1187,51.51909722222222
21551,Neve/Gelo,80 km/h,1187,51.51909722222222
15881,Proibido Veículos,Via Prioritária,1192,51.736111111111114
25946,Mantenha-se à Esquerda,Vire à Esquerda,1192,51.736111111111114
13732,Dê a Preferência,Obras,1195,51.86631944444444
7066,100 km/h,80 km/h,1196,51.90972222222222
35973,Proib. Ultrapassar,Dê a Preferência,1199,52.03993055555556
23800,Siga em Frente,Vire à Esquerda,1199,52.03993055555556
23617,Siga em Frente,Fim Proib. >3.5t,1200,52.083333333333336
29986,60 km/h,80 km/h,1203,52.213541666666664
9882,Proib. Ultrapassar,Dê a Preferência,1203,52.213541666666664
7065,100 km/h,80 km/h,1205,52.30034722222222
7064,100 km/h,80 km/h,1205,52.30034722222222
7822,100 km/h,80 km/h,1212,52.604166666666664
7872,100 km/h,Estreitamento (D),1213,52.64756944444444
13627,Dê a Preferência,30 km/h,1216,52.77777777777778
14602,Dê a Preferência,30 km/h,1217,52.82118055555556
9031,Proib. Ultrapassar,Dê a Preferência,1220,52.951388888888886
31733,Pista Escorregadia,Proib. P/ >3.5t,1223,53.08159722222222
7564,100 km/h,30 km/h,1229,53.342013888888886
23576,Siga em Frente,Vire à Esquerda,1229,53.342013888888886
38303,100 km/h,80 km/h,1233,53.515625
26698,Proib. Ultrapassar,Dê a Preferência,1234,53.55902777777778
23482,Siga em Frente,Vire à Esquerda,1235,53.60243055555556
14577,Dê a Preferência,Obras,1237,53.689236111111114
34304,Dê a Preferência,30 km/h,1237,53.689236111111114
35005,Pista Escorregadia,80 km/h,1242,53.90625
27807,Mantenha-se à Direita,Dê a Preferência,1244,53.99305555555556
25142,Mantenha-se à Direita,Dê a Preferência,1245,54.036458333333336
24338,Frente ou Esquerda,Obras,1246,54.079861111111114
25038,Mantenha-se à Direita,Dê a Preferência,1246,54.079861111111114
10437,Proib. P/ >3.5t,80 km/h,1247,54.123263888888886
25253,Mantenha-se à Direita,Via Prioritária,1248,54.166666666666664
23248,Siga em Frente,Vire à Esquerda,1250,54.25347222222222
18053,Curva Perigosa (D),Ciclistas,1255,54.470486111111114
36557,Dê a Preferência,Obras,1255,54.470486111111114
29594,Pista Escorregadia,Proib. P/ >3.5t,1256,54.513888888888886
79,20 km/h,60 km/h,1257,54.557291666666664
21549,Neve/Gelo,80 km/h,1259,54.64409722222222
30689,Siga em Frente,Vire à Esquerda,1260,54.6875
6681,80 km/h,60 km/h,1260,54.6875
23307,Siga em Frente,Mantenha-se à Direita,1263,54.817708333333336
7724,100 km/h,80 km/h,1266,54.947916666666664
9640,Proib. Ultrapassar,Dê a Preferência,1266,54.947916666666664
9825,Proib. Ultrapassar,Dê a Preferência,1266,54.947916666666664
37863,Dê a Preferência,Obras,1268,55.03472222222222
25037,Mantenha-se à Direita,Dê a Preferência,1268,55.03472222222222
18045,Curva Perigosa (D),Ciclistas,1269,55.078125
35818,Proib. P/ >3.5t,80 km/h,1270,55.12152777777778
18055,Curva Perigosa (D),Ciclistas,1270,55.12152777777778
18046,Curva Perigosa (D),Ciclistas,1270,55.12152777777778
18038,Curva Perigosa (D),Ciclistas,1270,55.12152777777778
18058,Curva Perigosa (D),Ciclistas,1270,55.12152777777778
14482,Dê a Preferência,Obras,1272,55.208333333333336
9631,Proib. Ultrapassar,Dê a Preferência,1274,55.295138888888886
9167,Proib. Ultrapassar,Fim de Proibições,1275,55.338541666666664
23665,Siga em Frente,Vire à Esquerda,1276,55.38194444444444
9170,Proib. Ultrapassar,Dê a Preferência,1277,55.42534722222222
3341,60 km/h,Dê a Preferência,1278,55.46875
18983,Pista Escorregadia,Fim de Proibições,1279,55.51215277777778
36732,Proib. Ultrapassar,Dê a Preferência,1279,55.51215277777778
23784,Siga em Frente,Crianças,1280,55.55555555555556
18049,Curva Perigosa (D),Ciclistas,1280,55.55555555555556
23595,Siga em Frente,Vire à Esquerda,1280,55.55555555555556
23755,Siga em Frente,Vire à Esquerda,1282,55.642361111111114
17981,Curva Perigosa (D),Pista Irregular,1285,55.77256944444444
33569,Dê a Preferência,30 km/h,1287,55.859375
19022,Pista Escorregadia,Curva Perigosa (D),1289,55.94618055555556
19029,Pista Escorregadia,Curva Perigosa (D),1290,55.989583333333336
19047,Pista Escorregadia,Neve/Gelo,1291,56.032986111111114
18754,Pista Escorregadia,Neve/Gelo,1291,56.032986111111114
18761,Pista Escorregadia,Neve/Gelo,1291,56.032986111111114
18906,Pista Escorregadia,Neve/Gelo,1291,56.032986111111114
13825,Dê a Preferência,Obras,1294,56.16319444444444
14942,Dê a Preferência,Obras,1295,56.20659722222222
9161,Proib. Ultrapassar,Dê a Preferência,1297,56.29340277777778
37643,Proib. Ultrapassar,Dê a Preferência,1297,56.29340277777778
29878,Pista Escorregadia,Crianças,1298,56.33680555555556
23973,Siga em Frente,Fim Proib. >3.5t,1300,56.423611111111114
6957,Fim 80,Fim Proib. >3.5t,1302,56.510416666666664
6956,Fim 80,Fim Proib. >3.5t,1302,56.510416666666664
13590,Dê a Preferência,Via Prioritária,1305,56.640625
6954,Fim 80,Fim Proib. >3.5t,1310,56.857638888888886
21462,Neve/Gelo,Fim Proib. >3.5t,1310,56.857638888888886
21471,Neve/Gelo,Fim Proib. >3.5t,1311,56.901041666666664
19039,Pista Escorregadia,Neve/Gelo,1313,56.98784722222222
32806,Frente ou Direita,Mantenha-se à Direita,1314,57.03125
25949,Mantenha-se à Esquerda,Vire à Esquerda,1314,57.03125
35338,Proib. Ultrapassar,Proibido Veículos,1317,57.161458333333336
18777,Pista Escorregadia,Neve/Gelo,1317,57.161458333333336
19043,Pista Escorregadia,Neve/Gelo,1317,57.161458333333336
19036,Pista Escorregadia,Neve/Gelo,1317,57.161458333333336
14438,Dê a Preferência,30 km/h,1319,57.248263888888886
35136,Dê a Preferência,Fim de Proibições,1320,57.291666666666664
34586,Dê a Preferência,Fim de Proibições,1323,57.421875
38701,Dê a Preferência,Obras,1325,57.50868055555556
35518,Dê a Preferência,Obras,1326,57.552083333333336
18917,Pista Escorregadia,Neve/Gelo,1330,57.72569444444444
18889,Pista Escorregadia,Prioridade Cruzamento,1331,57.76909722222222
18873,Pista Escorregadia,80 km/h,1331,57.76909722222222
14251,Dê a Preferência,60 km/h,1332,57.8125
14193,Dê a Preferência,Via Prioritária,1334,57.89930555555556
37879,Pista Escorregadia,80 km/h,1339,58.11631944444444
18872,Pista Escorregadia,Fim Proib. >3.5t,1340,58.15972222222222
14879,Dê a Preferência,Via Prioritária,1343,58.28993055555556
14196,Dê a Preferência,Via Prioritária,1343,58.28993055555556
18881,Pista Escorregadia,Prioridade Cruzamento,1345,58.376736111111114
18880,Pista Escorregadia,Estreitamento (D),1347,58.463541666666664
25049,Mantenha-se à Direita,Dê a Preferência,1347,58.463541666666664
18736,Pista Escorregadia,Curva Perigosa (D),1347,58.463541666666664
38925,Frente ou Direita,Via Prioritária,1348,58.50694444444444
13565,Dê a Preferência,Obras,1350,58.59375
37601,Pista Escorregadia,Estreitamento (D),1352,58.68055555555556
18913,Pista Escorregadia,Neve/Gelo,1352,58.68055555555556
18807,Pista Escorregadia,80 km/h,1352,58.68055555555556
18723,Pista Escorregadia,Curva Perigosa (D),1352,58.68055555555556
14878,Dê a Preferência,Via Prioritária,1353,58.723958333333336
14852,Dê a Preferência,Via Prioritária,1353,58.723958333333336
18936,Pista Escorregadia,Estreitamento (D),1356,58.854166666666664
18940,Pista Escorregadia,Neve/Gelo,1358,58.94097222222222
13918,Dê a Preferência,30 km/h,1362,59.114583333333336
23406,Siga em Frente,Vire à Direita,1363,59.157986111111114
33313,Proib. Ultrapassar,Proibido Veículos,1367,59.33159722222222
9018,Proib. Ultrapassar,Dê a Preferência,1367,59.33159722222222
33522,Proib. Ultrapassar,Proibido Veículos,1367,59.33159722222222
30248,Proib. Ultrapassar,Dê a Preferência,1367,59.33159722222222
9895,Proib. Ultrapassar,Proibido Veículos,1367,59.33159722222222
9016,Proib. Ultrapassar,Dê a Preferência,1367,59.33159722222222
9288,Proib. Ultrapassar,Proibido Veículos,1367,59.33159722222222
9566,Proib. Ultrapassar,Proibido Veículos,1367,59.33159722222222
9646,Proib. Ultrapassar,Proibido Veículos,1367,59.33159722222222
9898,Proib. Ultrapassar,Proibido Veículos,1367,59.33159722222222
28356,Proib. Ultrapassar,Dê a Preferência,1367,59.33159722222222
9021,Proib. Ultrapassar,Dê a Preferência,1368,59.375
28170,Dê a Preferência,Obras,1371,59.505208333333336
18916,Pista Escorregadia,Prioridade Cruzamento,1374,59.635416666666664
26289,Fim Proib. Ultrapassar,Vire à Direita,1375,59.67881944444444
18738,Pista Escorregadia,Curva Perigosa (D),1396,60.59027777777778
3220,60 km/h,Proibido Veículos,1401,60.807291666666664
27593,Dê a Preferência,Obras,1404,60.9375
32759,Frente ou Direita,Mantenha-se à Direita,1407,61.067708333333336
13582,Dê a Preferência,Mantenha-se à Direita,1408,61.111111111111114
38553,Pista Escorregadia,Crianças,1414,61.37152777777778
26486,Fim Proib. >3.5t,Fim Proib. Ultrapassar,1415,61.41493055555556
18894,Pista Escorregadia,Prioridade Cruzamento,1415,61.41493055555556
18933,Pista Escorregadia,30 km/h,1416,61.458333333333336
18838,Pista Escorregadia,Curva Perigosa (E),1418,61.545138888888886
21556,Neve/Gelo,Mantenha-se à Direita,1419,61.588541666666664
18952,Pista Escorregadia,Estreitamento (D),1421,61.67534722222222
28022,Dê a Preferência,Obras,1429,62.02256944444444
18846,Pista Escorregadia,50 km/h,1434,62.239583333333336
35201,Pista Escorregadia,Neve/Gelo,1435,62.282986111111114
18812,Pista Escorregadia,Neve/Gelo,1437,62.369791666666664
18899,Pista Escorregadia,Neve/Gelo,1437,62.369791666666664
18749,Pista Escorregadia,Curva Perigosa (D),1438,62.41319444444444
39204,Pista Escorregadia,Neve/Gelo,1439,62.45659722222222
18739,Pista Escorregadia,Ciclistas,1440,62.5
18737,Pista Escorregadia,Neve/Gelo,1440,62.5
18843,Pista Escorregadia,50 km/h,1447,62.80381944444444
23376,Siga em Frente,Crianças,1450,62.93402777777778
26301,Fim Proib. Ultrapassar,Vire à Direita,1459,63.32465277777778
9839,Proib. Ultrapassar,Proibido Veículos,1459,63.32465277777778
9164,Proib. Ultrapassar,Dê a Preferência,1460,63.36805555555556
14663,Dê a Preferência,Mantenha-se à Direita,1462,63.454861111111114
18805,Pista Escorregadia,Dê a Preferência,1474,63.97569444444444
30501,Pista Escorregadia,Neve/Gelo,1474,63.97569444444444
18830,Pista Escorregadia,Estreitamento (D),1474,63.97569444444444
18774,Pista Escorregadia,Mantenha-se à Direita,1475,64.01909722222221
13605,Dê a Preferência,Mantenha-se à Direita,1475,64.01909722222221
14985,Dê a Preferência,Mantenha-se à Direita,1475,64.01909722222221
18752,Pista Escorregadia,Mantenha-se à Direita,1475,64.01909722222221
18758,Pista Escorregadia,30 km/h,1476,64.0625
18756,Pista Escorregadia,30 km/h,1476,64.0625
18821,Pista Escorregadia,Prioridade Cruzamento,1481,64.27951388888889
14671,Dê a Preferência,Fim de Proibições,1485,64.453125
14975,Dê a Preferência,Mantenha-se à Direita,1485,64.453125
7562,100 km/h,Neve/Gelo,1488,64.58333333333334
19015,Pista Escorregadia,Estreitamento (D),1488,64.58333333333334
19013,Pista Escorregadia,Estreitamento (D),1488,64.58333333333334
18820,Pista Escorregadia,Estreitamento (D),1488,64.58333333333334
18826,Pista Escorregadia,Estreitamento (D),1488,64.58333333333334
14657,Dê a Preferência,Mantenha-se à Direita,1495,64.88715277777779
14725,Dê a Preferência,Mantenha-se à Direita,1495,64.88715277777779
13662,Dê a Preferência,Fim de Proibições,1496,64.93055555555556
13852,Dê a Preferência,Obras,1497,64.97395833333334
14729,Dê a Preferência,Mantenha-se à Direita,1500,65.10416666666666
14644,Dê a Preferência,Mantenha-se à Direita,1501,65.14756944444444
13587,Dê a Preferência,Mantenha-se à Direita,1501,65.14756944444444
29096,Dê a Preferência,Mantenha-se à Direita,1502,65.19097222222221
14697,Dê a Preferência,Mantenha-se à Direita,1502,65.19097222222221
38025,Proib. Ultrapassar,Proibido Veículos,1502,65.19097222222221
32943,Pista Escorregadia,Neve/Gelo,1506,65.36458333333334
8962,Proib. Ultrapassar,Dê a Preferência,1513,65.66840277777779
9833,Proib. Ultrapassar,Proibido Veículos,1513,65.66840277777779
19012,Pista Escorregadia,Estreitamento (D),1514,65.71180555555556
25674,Mantenha-se à Direita,Via Prioritária,1516,65.79861111111111
29380,Pista Escorregadia,50 km/h,1520,65.97222222222221
18818,Pista Escorregadia,Prioridade Cruzamento,1521,66.015625
33401,Siga em Frente,Vire à Esquerda,1523,66.10243055555556
23627,Siga em Frente,Vire à Esquerda,1525,66.18923611111111
18796,Pista Escorregadia,Dê a Preferência,1532,66.49305555555556
37093,Pista Escorregadia,Neve/Gelo,1532,66.49305555555556
3469,60 km/h,Animais Selvagens,1533,66.53645833333334
14223,Dê a Preferência,Obras,1533,66.53645833333334
31797,80 km/h,100 km/h,1535,66.62326388888889
18858,Pista Escorregadia,Frente ou Esquerda,1539,66.796875
14686,Dê a Preferência,Via Prioritária,1539,66.796875
38980,80 km/h,100 km/h,1546,67.10069444444444
24908,Mantenha-se à Direita,20 km/h,1548,67.1875
18860,Pista Escorregadia,50 km/h,1557,67.578125
14650,Dê a Preferência,Via Prioritária,1560,67.70833333333334
14569,Dê a Preferência,Obras,1562,67.79513888888889
14574,Dê a Preferência,Obras,1566,67.96875
14977,Dê a Preferência,Via Prioritária,1568,68.05555555555556
14526,Dê a Preferência,30 km/h,1568,68.05555555555556
18713,Pista Irregular,Proibido Veículos,1573,68.27256944444444
30443,Dê a Preferência,30 km/h,1576,68.40277777777779
18861,Pista Escorregadia,50 km/h,1576,68.40277777777779
38416,Siga em Frente,Vire à Esquerda,1580,68.57638888888889
14875,Dê a Preferência,Via Prioritária,1580,68.57638888888889
14368,Dê a Preferência,Obras,1580,68.57638888888889
14617,Dê a Preferência,Fim de Proibições,1581,68.61979166666666
38890,Pista Escorregadia,Ciclistas,1600,69.44444444444444
23366,Siga em Frente,Dê a Preferência,1602,69.53125
18992,Pista Escorregadia,Neve/Gelo,1606,69.70486111111111
24426,Frente ou Esquerda,Dê a Preferência,1609,69.83506944444444
34968,Proibido Veículos,Dê a Preferência,1624,70.48611111111111
24499,Mantenha-se à Direita,Vire à Direita,1627,70.61631944444444
14267,Dê a Preferência,Obras,1634,70.92013888888889
3406,60 km/h,Animais Selvagens,1634,70.92013888888889
26472,Fim Proib. >3.5t,Vire à Direita,1640,71.18055555555556
18990,Pista Escorregadia,Obras,1644,71.35416666666666
24504,Mantenha-se à Direita,Fim de Proibições,1647,71.484375
14358,Dê a Preferência,Mantenha-se à Direita,1652,71.70138888888889
25174,Mantenha-se à Direita,Rotatória,1653,71.74479166666666
19060,Pista Escorregadia,Animais Selvagens,1661,72.09201388888889
19052,Pista Escorregadia,Animais Selvagens,1662,72.13541666666666
8959,Proib. Ultrapassar,Proibido Veículos,1669,72.43923611111111
28492,Dê a Preferência,Obras,1674,72.65625
27290,Fim de Proibições,Dê a Preferência,1685,73.13368055555556
31753,80 km/h,100 km/h,1687,73.22048611111111
33802,100 km/h,Fim 80,1688,73.26388888888889
23631,Siga em Frente,Pista Escorregadia,1692,73.4375
12714,Via Prioritária,Dê a Preferência,1694,73.52430555555556
28504,Dê a Preferência,Mantenha-se à Direita,1698,73.69791666666666
7709,100 km/h,80 km/h,1703,73.91493055555556
29449,Mantenha-se à Direita,60 km/h,1704,73.95833333333334
5585,80 km/h,100 km/h,1706,74.04513888888889
38767,Fim de Proibições,Dê a Preferência,1711,74.26215277777779
25180,Mantenha-se à Direita,30 km/h,1712,74.30555555555556
19069,Pista Escorregadia,30 km/h,1723,74.78298611111111
6680,80 km/h,Fim de Proibições,1728,75.0
33053,Mantenha-se à Direita,Dê a Preferência,1731,75.13020833333334
38800,80 km/h,30 km/h,1731,75.13020833333334
3707,60 km/h,Animais Selvagens,1749,75.91145833333334
39130,100 km/h,Fim 80,1755,76.171875
22353,Fim de Proibições,Dê a Preferência,1775,77.03993055555556
3976,60 km/h,80 km/h,1777,77.12673611111111
4047,60 km/h,Dê a Preferência,1780,77.25694444444444
3957,60 km/h,Dê a Preferência,1782,77.34375
24590,Mantenha-se à Direita,60 km/h,1788,77.60416666666666
24574,Mantenha-se à Direita,Dê a Preferência,1796,77.95138888888889
3557,60 km/h,80 km/h,1798,78.03819444444444
3962,60 km/h,Fim Proib. >3.5t,1799,78.08159722222221
34796,60 km/h,Proib. P/ >3.5t,1801,78.16840277777779
3897,60 km/h,80 km/h,1801,78.16840277777779
24948,Mantenha-se à Direita,60 km/h,1802,78.21180555555556
6401,80 km/h,30 km/h,1813,78.68923611111111
34482,80 km/h,30 km/h,1815,78.77604166666666
25186,Mantenha-se à Direita,Dê a Preferência,1816,78.81944444444444
3945,60 km/h,Fim Proib. >3.5t,1816,78.81944444444444
34563,Fim de Proibições,Dê a Preferência,1819,78.94965277777779
29458,Fim de Proibições,Dê a Preferência,1821,79.03645833333334
6662,80 km/h,30 km/h,1836,79.6875
22356,Fim de Proibições,Via Prioritária,1838,79.77430555555556
13569,Dê a Preferência,Mantenha-se à Direita,1841,79.90451388888889
22388,Fim de Proibições,Fim Proib. >3.5t,1843,79.99131944444444
22414,Fim de Proibições,80 km/h,1845,80.078125
3269,60 km/h,80 km/h,1869,81.11979166666666
6076,80 km/h,30 km/h,1873,81.29340277777779
36521,Pista Escorregadia,Dê a Preferência,1880,81.59722222222221
36364,80 km/h,30 km/h,1880,81.59722222222221
22393,Fim de Proibições,Dê a Preferência,1892,82.11805555555556
6003,80 km/h,60 km/h,1897,82.33506944444444
22418,Fim de Proibições,60 km/h,1900,82.46527777777779
3940,60 km/h,Fim Proib. >3.5t,1908,82.8125
30889,80 km/h,Fim 80,1914,83.07291666666666
33931,80 km/h,Fim 80,1914,83.07291666666666
3944,60 km/h,Dê a Preferência,1915,83.11631944444444
34640,Fim de Proibições,Dê a Preferência,1918,83.24652777777779
29990,60 km/h,Proib. P/ >3.5t,1919,83.28993055555556
34032,Proibido Veículos,Dê a Preferência,1923,83.46354166666666
32122,Proibido Veículos,Dê a Preferência,1923,83.46354166666666
22395,Fim de Proibições,Fim Proib. >3.5t,1930,83.76736111111111
21242,Ciclistas,100 km/h,1937,84.07118055555556
5530,80 km/h,Fim 80,1946,84.46180555555556
15868,Proibido Veículos,Obras,1949,84.59201388888889
22425,Fim de Proibições,60 km/h,1949,84.59201388888889
22430,Fim de Proibições,Dê a Preferência,1949,84.59201388888889
5525,80 km/h,Fim 80,1956,84.89583333333334
283,30 km/h,Proibido Entrar,1963,85.19965277777779
5988,80 km/h,Fim 80,1970,85.50347222222221
15896,Proibido Veículos,Dê a Preferência,1970,85.50347222222221
15837,Proibido Veículos,Dê a Preferência,1971,85.546875
15832,Proibido Veículos,Dê a Preferência,1971,85.546875
15674,Proibido Veículos,Dê a Preferência,1971,85.546875
22411,Fim de Proibições,Dê a Preferência,1986,86.19791666666666
3946,60 km/h,Fim de Proibições,1989,86.328125
6452,80 km/h,Fim Proib. >3.5t,1990,86.37152777777779
34017,80 km/h,100 km/h,1997,86.67534722222221
25163,Mantenha-se à Direita,Via Prioritária,1997,86.67534722222221
6479,80 km/h,Fim de Proibições,1999,86.76215277777779
6454,80 km/h,Fim 80,2000,86.80555555555556
34240,60 km/h,Proibido Entrar,2003,86.93576388888889
38581,80 km/h,Neve/Gelo,2010,87.23958333333334
37848,80 km/h,Fim de Proibições,2010,87.23958333333334
5911,80 km/h,Mantenha-se à Direita,2010,87.23958333333334
5509,80 km/h,Fim 80,2010,87.23958333333334
15845,Proibido Veículos,Dê a Preferência,2011,87.28298611111111
15846,Proibido Veículos,Dê a Preferência,2012,87.32638888888889
33808,Proibido Veículos,30 km/h,2024,87.84722222222221
15835,Proibido Veículos,Dê a Preferência,2025,87.890625
15812,Proibido Veículos,Dê a Preferência,2025,87.890625
15913,Proibido Veículos,Dê a Preferência,2026,87.93402777777779
15689,Proibido Veículos,Dê a Preferência,2028,88.02083333333334
15778,Proibido Veículos,Obras,2028,88.02083333333334
6019,80 km/h,Fim 80,2048,88.88888888888889
6477,80 km/h,Fim 80,2063,89.53993055555556
5440,80 km/h,60 km/h,2066,89.67013888888889
15902,Proibido Veículos,Dê a Preferência,2067,89.71354166666666
15565,Proibido Veículos,Obras,2075,90.06076388888889
39078,80 km/h,100 km/h,2079,90.234375
5555,80 km/h,Mantenha-se à Direita,2079,90.234375
5601,80 km/h,Fim 80,2082,90.36458333333334
15573,Proibido Veículos,60 km/h,2090,90.71180555555556
28484,80 km/h,Fim de Proibições,2094,90.88541666666666
29933,80 km/h,120 km/h,2102,91.23263888888889
27623,80 km/h,Mantenha-se à Direita,2102,91.23263888888889
14784,Dê a Preferência,Proibido Entrar,2109,91.53645833333334
15557,Proibido Veículos,Obras,2111,91.62326388888889
36203,80 km/h,Mantenha-se à Direita,2112,91.66666666666666
15586,Proibido Veículos,30 km/h,2113,91.71006944444444
5534,80 km/h,Dê a Preferência,2118,91.92708333333334
6475,80 km/h,120 km/h,2118,91.92708333333334
27013,80 km/h,Dê a Preferência,2118,91.92708333333334
34800,80 km/h,Dê a Preferência,2120,92.01388888888889
5544,80 km/h,Fim de Proibições,2121,92.05729166666666
6085,80 km/h,30 km/h,2127,92.31770833333334
5959,80 km/h,Mantenha-se à Direita,2128,92.36111111111111
5569,80 km/h,60 km/h,2138,92.79513888888889
5595,80 km/h,Mantenha-se à Direita,2156,93.57638888888889
15867,Proibido Veículos,60 km/h,2158,93.66319444444444
35693,80 km/h,Fim 80,2166,94.01041666666666
15597,Proibido Veículos,30 km/h,2167,94.05381944444444
6086,80 km/h,120 km/h,2170,94.18402777777779
15584,Proibido Veículos,60 km/h,2172,94.27083333333334
15588,Proibido Veículos,Dê a Preferência,2174,94.35763888888889
32770,80 km/h,100 km/h,2200,95.48611111111111
14163,Dê a Preferência,Fim de Proibições,2203,95.61631944444444
27228,80 km/h,Fim de Proibições,2228,96.70138888888889
14125,Dê a Preferência,Fim de Proibições,2239,97.17881944444444
31743,80 km/h,Dê a Preferência,2240,97.22222222222221
14568,Dê a Preferência,Fim de Proibições,2247,97.52604166666666
6029,80 km/h,120 km/h,2249,97.61284722222221
14780,Dê a Preferência,30 km/h,2257,97.96006944444444
34207,Dê a Preferência,30 km/h,2262,98.17708333333334
14643,Dê a Preferência,Mantenha-se à Direita,2262,98.17708333333334
28986,80 km/h,Fim de Proibições,2302,99.91319444444444
36370,80 km/h,Fim de Proibições,2302,99.91319444444444
30835,80 km/h,Fim de Proibições,2302,99.91319444444444
6328,80 km/h,Fim de Proibições,2302,99.91319444444444
14237,Dê a Preferência,Fim de Proibições,2303,99.95659722222221
13749,Dê a Preferência,Fim de Proibições,2303,99.95659722222221
14914,Dê a Preferência,Fim de Proibições,2304,100.0
14128,Dê a Preferência,Fim de Proibições,2304,100.0
14248,Dê a Preferência,Fim de Proibições,2304,100.0
13765,Dê a Preferência,Fim de Proibições,2304,100.0
14653,Dê a Preferência,Fim de Proibições,2304,100.0
28635,Dê a Preferência,Fim de Proibições,2304,100.0
14911,Dê a Preferência,Fim de Proibições,2304,100.0
29843,Dê a Preferência,Fim de Proibições,2304,100.0
33213,Dê a Preferência,Fim de Proibições,2304,100.0
38997,Dê a Preferência,Fim de Proibições,2304,100.0
28361,Dê a Preferência,Fim de Proibições,2304,100.0
14439,Dê a Preferência,Fim de Proibições,2304,100.0
37523,Dê a Preferência,Fim de Proibições,2304,100.0
14923,Dê a Preferência,Fim de Proibições,2304,100.0
38245,Dê a Preferência,Fim de Proibições,2304,100.0
14225,Dê a Preferência,Fim de Proibições,2304,100.0
14229,Dê a Preferência,Fim de Proibições,2304,100.0
13766,Dê a Preferência,Fim de Proibições,2304,100.0
14872,Dê a Preferência,Fim de Proibições,2304,100.0
14144,Dê a Preferência,Fim de Proibições,2304,100.0
27009,Dê a Preferência,Fim de Proibições,2304,100.0
32210,Dê a Preferência,Fim de Proibições,2304,100.0
13853,Dê a Preferência,Fim de Proibições,2304,100.0
14175,Dê a Preferência,Fim de Proibições,2304,100.0
13759,Dê a Preferência,Fim de Proibições,2304,100.0
14219,Dê a Preferência,Fim de Proibições,2304,100.0
14351,Dê a Preferência,Fim de Proibições,2304,100.0
14131,Dê a Preferência,Fim de Proibições,2304,100.0
32042,Dê a Preferência,Fim de Proibições,2304,100.0
14935,Dê a Preferência,Fim de Proibições,2304,100.0
13888,Dê a Preferência,Fim de Proibições,2304,100.0
14912,Dê a Preferência,Fim de Proibições,2304,100.0
29264,Dê a Preferência,Fim de Proibições,2304,100.0
38278,Dê a Preferência,Fim de Proibições,2304,100.0
14567,Dê a Preferência,Fim de Proibições,2304,100.0
14913,Dê a Preferência,Fim de Proibições,2304,100.0
35580,Dê a Preferência,Fim de Proibições,2304,100.0
