image_id,true_label,final_prediction,pixels_changed,pixels_changed_percent
9603,2,7,1,0.09765625
6871,9,3,1,0.09765625
3071,7,3,1,0.09765625
4261,9,8,1,0.09765625
2060,5,3,1,0.09765625
3280,3,5,1,0.09765625
8786,3,4,1,0.09765625
4563,7,5,1,0.09765625
8146,8,0,1,0.09765625
5611,5,2,1,0.09765625
9522,3,5,1,0.09765625
9779,2,3,1,0.09765625
3105,1,9,1,0.09765625
8208,8,9,1,0.09765625
190,5,6,1,0.09765625
5418,8,1,1,0.09765625
7741,5,3,1,0.09765625
551,5,3,1,0.09765625
9483,0,8,1,0.09765625
2046,3,5,1,0.09765625
4566,8,0,1,0.09765625
3901,3,8,1,0.09765625
8967,2,3,1,0.09765625
2420,8,1,1,0.09765625
3734,7,5,1,0.09765625
4225,5,3,1,0.09765625
1230,5,3,1,0.09765625
8806,3,2,1,0.09765625
7790,8,0,1,0.09765625
9140,7,9,1,0.09765625
8716,2,0,1,0.09765625
1906,9,3,1,0.09765625
434,3,7,1,0.09765625
3413,3,5,1,0.09765625
3056,4,6,1,0.09765625
2778,4,7,1,0.09765625
9781,3,5,1,0.09765625
1547,2,0,1,0.09765625
7228,3,6,1,0.09765625
2881,7,4,1,0.09765625
1097,5,7,1,0.09765625
825,3,2,1,0.09765625
5795,7,4,1,0.09765625
808,7,3,1,0.09765625
1205,8,0,1,0.09765625
5508,7,5,1,0.09765625
385,8,0,1,0.09765625
2543,3,5,1,0.09765625
568,9,6,1,0.09765625
1713,8,9,1,0.09765625
2032,4,2,1,0.09765625
4546,2,0,1,0.09765625
1294,8,0,1,0.09765625
7436,0,8,1,0.09765625
8968,8,9,1,0.09765625
5071,1,0,1,0.09765625
4612,7,4,1,0.09765625
7914,7,5,1,0.09765625
7402,0,9,1,0.09765625
405,4,6,1,0.09765625
7203,5,7,1,0.09765625
275,5,2,1,0.09765625
9725,8,0,1,0.09765625
7567,7,3,1,0.09765625
8906,4,7,1,0.09765625
6574,0,8,1,0.09765625
8078,7,5,1,0.09765625
4725,9,1,1,0.09765625
1960,2,5,1,0.09765625
125,0,2,1,0.09765625
3757,4,0,1,0.09765625
8267,0,7,1,0.09765625
5990,8,0,1,0.09765625
2319,7,4,1,0.09765625
5134,5,6,1,0.09765625
3257,7,5,1,0.09765625
3854,8,1,1,0.09765625
8630,5,2,1,0.09765625
4410,9,8,1,0.09765625
5404,2,6,1,0.09765625
1841,9,8,1,0.09765625
4643,3,2,1,0.09765625
1479,2,3,1,0.09765625
5206,3,4,1,0.09765625
1525,3,8,1,0.09765625
2423,2,6,1,0.09765625
2021,8,0,1,0.09765625
1328,5,3,1,0.09765625
8412,2,4,1,0.09765625
7241,5,4,1,0.09765625
9640,5,7,1,0.09765625
1251,2,5,1,0.09765625
540,1,9,1,0.09765625
5115,5,2,1,0.09765625
4589,3,4,1,0.09765625
9465,5,4,1,0.09765625
4366,2,6,1,0.09765625
8384,2,3,1,0.09765625
5380,1,9,1,0.09765625
8516,8,4,1,0.09765625
3605,6,4,1,0.09765625
6305,6,3,1,0.09765625
4286,2,0,1,0.09765625
6938,3,4,1,0.09765625
3216,4,3,1,0.09765625
3408,2,6,1,0.09765625
7834,5,4,1,0.09765625
4745,7,1,1,0.09765625
3676,9,1,1,0.09765625
4108,2,6,1,0.09765625
1222,9,1,1,0.09765625
1708,7,2,1,0.09765625
428,0,8,1,0.09765625
266,2,8,1,0.09765625
257,0,8,1,0.09765625
9149,7,3,1,0.09765625
4715,9,1,1,0.09765625
1862,5,4,1,0.09765625
9204,9,8,1,0.09765625
3847,0,8,1,0.09765625
7235,2,6,1,0.09765625
952,6,2,1,0.09765625
8646,2,4,1,0.09765625
2309,6,3,1,0.09765625
5085,2,4,1,0.09765625
3194,3,5,1,0.09765625
818,8,1,1,0.09765625
5630,3,4,1,0.09765625
9452,2,4,1,0.09765625
9397,2,6,1,0.09765625
5258,2,6,1,0.09765625
3111,0,8,1,0.09765625
5814,8,0,1,0.09765625
2472,5,3,1,0.09765625
8463,1,3,1,0.09765625
2806,2,3,1,0.09765625
2130,0,2,1,0.09765625
3900,3,6,1,0.09765625
3328,2,4,1,0.09765625
312,8,0,1,0.09765625
7414,8,0,1,0.09765625
4439,9,3,1,0.09765625
8741,1,0,1,0.09765625
5187,4,3,1,0.09765625
8073,0,8,1,0.09765625
9881,9,1,1,0.09765625
7173,1,6,1,0.09765625
8606,1,3,1,0.09765625
5191,3,5,1,0.09765625
8921,8,0,1,0.09765625
5259,0,8,1,0.09765625
3569,9,6,1,0.09765625
3627,4,3,1,0.09765625
1963,2,0,1,0.09765625
2973,0,8,1,0.09765625
8810,2,3,1,0.09765625
980,2,6,1,0.09765625
2129,9,0,1,0.09765625
1043,2,7,1,0.09765625
8219,3,6,1,0.09765625
8869,5,3,1,0.09765625
6656,6,4,1,0.09765625
8758,9,7,1,0.09765625
1263,8,0,1,0.09765625
8103,7,5,1,0.09765625
9127,8,0,1,0.09765625
9841,0,8,1,0.09765625
1980,9,1,1,0.09765625
7628,4,3,1,0.09765625
3003,2,8,1,0.09765625
2769,2,9,1,0.09765625
2250,7,3,1,0.09765625
9252,7,4,1,0.09765625
8730,2,4,1,0.09765625
2141,7,5,1,0.09765625
8898,7,0,1,0.09765625
6424,8,0,1,0.09765625
6989,7,3,1,0.09765625
9761,5,3,1,0.09765625
7990,0,4,1,0.09765625
5034,8,0,1,0.09765625
3072,8,1,1,0.09765625
6136,9,3,1,0.09765625
1889,9,8,1,0.09765625
2898,8,9,1,0.09765625
889,4,6,1,0.09765625
129,2,0,1,0.09765625
8229,8,1,1,0.09765625
1433,7,5,1,0.09765625
6498,4,6,1,0.09765625
5277,8,1,1,0.09765625
7231,8,0,2,0.1953125
3067,3,4,2,0.1953125
8572,0,8,2,0.1953125
6454,4,6,2,0.1953125
3956,3,2,2,0.1953125
7255,3,2,2,0.1953125
8597,5,3,2,0.1953125
8269,8,0,2,0.1953125
3476,8,2,2,0.1953125
4375,3,5,2,0.1953125
53,3,6,2,0.1953125
6162,0,7,2,0.1953125
4814,3,6,2,0.1953125
6849,4,2,2,0.1953125
6562,5,9,2,0.1953125
1696,4,2,2,0.1953125
7979,3,5,2,0.1953125
519,8,1,2,0.1953125
5650,5,7,2,0.1953125
4478,1,8,2,0.1953125
6465,3,6,2,0.1953125
2171,2,5,2,0.1953125
2269,3,4,2,0.1953125
346,4,7,2,0.1953125
474,5,4,2,0.1953125
6904,5,0,2,0.1953125
8437,7,4,2,0.1953125
6631,7,4,2,0.1953125
9370,8,3,2,0.1953125
687,6,5,2,0.1953125
6021,3,0,2,0.1953125
6827,3,2,2,0.1953125
2324,0,2,2,0.1953125
3929,3,5,2,0.1953125
2350,3,6,2,0.1953125
4441,1,9,2,0.1953125
3845,0,8,2,0.1953125
974,7,0,2,0.1953125
9043,3,0,2,0.1953125
4820,3,5,2,0.1953125
1603,3,4,2,0.1953125
4447,0,8,2,0.1953125
3724,6,2,2,0.1953125
5991,3,5,2,0.1953125
6741,9,0,2,0.1953125
6234,7,5,2,0.1953125
1704,3,0,2,0.1953125
8139,1,9,2,0.1953125
5283,4,2,2,0.1953125
3505,4,5,2,0.1953125
7574,3,0,2,0.1953125
2314,3,0,2,0.1953125
8820,2,0,3,0.29296875
9050,5,3,3,0.29296875
7504,6,3,3,0.29296875
8518,9,8,3,0.29296875
2385,4,7,3,0.29296875
8050,7,4,3,0.29296875
3883,7,4,3,0.29296875
6488,2,7,3,0.29296875
9358,2,0,3,0.29296875
1651,0,2,3,0.29296875
9518,9,1,3,0.29296875
5861,1,9,3,0.29296875
2855,3,2,3,0.29296875
6808,0,8,3,0.29296875
3608,0,9,3,0.29296875
6039,8,1,3,0.29296875
1129,3,5,3,0.29296875
1732,9,1,3,0.29296875
7082,2,8,3,0.29296875
2712,1,8,3,0.29296875
4655,7,5,3,0.29296875
1778,8,0,3,0.29296875
8779,7,5,3,0.29296875
8428,5,7,3,0.29296875
8259,8,1,3,0.29296875
206,0,8,3,0.29296875
6180,0,8,3,0.29296875
8956,2,0,3,0.29296875
1955,2,7,3,0.29296875
2935,8,0,3,0.29296875
3168,9,3,3,0.29296875
2026,5,3,3,0.29296875
70,2,3,3,0.29296875
7930,2,0,3,0.29296875
7884,9,1,3,0.29296875
1002,8,9,3,0.29296875
7445,6,5,3,0.29296875
7441,8,9,3,0.29296875
900,2,6,3,0.29296875
8620,3,2,3,0.29296875
7182,0,8,3,0.29296875
17,7,3,3,0.29296875
5207,8,2,3,0.29296875
7320,8,0,3,0.29296875
4605,3,6,3,0.29296875
7846,6,3,3,0.29296875
2039,8,1,3,0.29296875
3361,4,5,3,0.29296875
8698,6,4,3,0.29296875
5703,0,3,3,0.29296875
4386,6,7,3,0.29296875
5589,2,4,3,0.29296875
2198,8,0,3,0.29296875
4709,8,9,3,0.29296875
8308,2,5,3,0.29296875
6567,4,5,3,0.29296875
696,8,0,3,0.29296875
6795,9,0,3,0.29296875
5320,7,2,3,0.29296875
2083,2,7,3,0.29296875
2434,0,8,3,0.29296875
2624,8,2,3,0.29296875
9288,8,3,3,0.29296875
2962,8,0,3,0.29296875
6490,8,0,3,0.29296875
2210,2,0,3,0.29296875
9377,4,7,3,0.29296875
3171,0,1,3,0.29296875
2361,2,0,3,0.29296875
9193,0,8,3,0.29296875
5097,7,3,3,0.29296875
3907,2,7,3,0.29296875
7552,4,7,3,0.29296875
6303,7,4,3,0.29296875
5473,5,3,3,0.29296875
570,6,2,3,0.29296875
3625,8,0,3,0.29296875
1424,9,1,3,0.29296875
2320,5,2,3,0.29296875
3905,2,7,3,0.29296875
9168,2,0,3,0.29296875
4556,2,8,3,0.29296875
5405,2,0,3,0.29296875
1683,8,0,3,0.29296875
8679,8,0,3,0.29296875
4646,2,5,3,0.29296875
5514,2,0,3,0.29296875
9541,4,3,3,0.29296875
7674,1,9,4,0.390625
7278,5,4,4,0.390625
3963,1,5,4,0.390625
9943,7,2,4,0.390625
2335,5,3,4,0.390625
1636,5,3,4,0.390625
9795,4,5,4,0.390625
7857,4,6,4,0.390625
9898,9,0,4,0.390625
2429,8,0,4,0.390625
9276,7,4,4,0.390625
1600,8,9,4,0.390625
4479,7,4,4,0.390625
5639,3,5,4,0.390625
4998,5,6,4,0.390625
2795,3,2,4,0.390625
6684,8,9,4,0.390625
1322,0,9,4,0.390625
5186,5,3,4,0.390625
1830,3,2,4,0.390625
9450,6,3,4,0.390625
5459,5,3,4,0.390625
1245,6,5,4,0.390625
5068,4,3,4,0.390625
3799,3,7,4,0.390625
7969,6,1,4,0.390625
4925,5,3,4,0.390625
7015,3,5,4,0.390625
953,1,8,4,0.390625
3274,1,9,4,0.390625
798,7,2,4,0.390625
6349,0,8,4,0.390625
8624,9,7,4,0.390625
4722,6,3,4,0.390625
453,3,2,4,0.390625
5927,6,2,4,0.390625
636,8,1,4,0.390625
5690,7,4,4,0.390625
6502,6,5,4,0.390625
6486,8,1,4,0.390625
8407,8,0,4,0.390625
9451,8,0,4,0.390625
5482,5,7,4,0.390625
1446,0,2,4,0.390625
5354,0,8,4,0.390625
3079,8,0,4,0.390625
8013,8,0,4,0.390625
2886,6,3,4,0.390625
8148,9,0,4,0.390625
4163,2,6,4,0.390625
7139,0,8,4,0.390625
6334,0,2,5,0.48828125
9965,2,0,5,0.48828125
9668,4,7,5,0.48828125
65,2,6,5,0.48828125
7497,3,5,5,0.48828125
3890,7,4,5,0.48828125
5250,7,5,5,0.48828125
3444,0,2,5,0.48828125
4710,3,4,5,0.48828125
5578,3,6,5,0.48828125
6402,8,0,5,0.48828125
6235,6,3,5,0.48828125
5859,2,4,5,0.48828125
9878,5,4,5,0.48828125
9446,5,3,5,0.48828125
2938,2,5,5,0.48828125
3102,0,4,5,0.48828125
5670,4,5,5,0.48828125
2447,6,4,5,0.48828125
5656,3,6,5,0.48828125
5800,2,4,5,0.48828125
6116,5,3,5,0.48828125
154,0,2,5,0.48828125
1472,7,4,5,0.48828125
7317,6,3,5,0.48828125
2760,2,4,5,0.48828125
8598,3,6,6,0.5859375
8252,2,6,6,0.5859375
5495,4,3,6,0.5859375
5833,3,2,6,0.5859375
2756,9,3,6,0.5859375
6769,3,4,6,0.5859375
4637,3,5,6,0.5859375
7244,5,3,6,0.5859375
5029,3,6,6,0.5859375
8501,8,0,6,0.5859375
5194,7,5,6,0.5859375
2565,3,5,6,0.5859375
9433,3,2,6,0.5859375
4818,3,9,6,0.5859375
9604,8,9,6,0.5859375
8774,3,4,6,0.5859375
2952,3,5,6,0.5859375
9105,8,0,6,0.5859375
9310,3,4,6,0.5859375
118,2,6,6,0.5859375
4808,3,7,6,0.5859375
5921,7,4,6,0.5859375
8689,6,2,6,0.5859375
8245,3,5,6,0.5859375
850,7,5,6,0.5859375
2781,7,4,6,0.5859375
189,0,8,6,0.5859375
9169,1,9,7,0.68359375
2035,6,2,7,0.68359375
5184,4,6,7,0.68359375
2438,1,8,7,0.68359375
6985,0,8,7,0.68359375
5061,1,3,7,0.68359375
8629,7,3,7,0.68359375
5674,9,8,7,0.68359375
720,4,7,7,0.68359375
1453,5,6,7,0.68359375
289,9,8,7,0.68359375
2925,4,6,7,0.68359375
4111,4,3,7,0.68359375
5455,9,0,7,0.68359375
3820,0,2,7,0.68359375
3768,1,8,7,0.68359375
844,1,8,7,0.68359375
793,4,5,7,0.68359375
8512,9,1,7,0.68359375
2807,9,2,7,0.68359375
1994,8,9,7,0.68359375
1240,2,6,7,0.68359375
5104,8,0,7,0.68359375
3823,0,8,7,0.68359375
555,4,2,7,0.68359375
5395,0,8,7,0.68359375
8896,8,9,7,0.68359375
3106,8,0,7,0.68359375
1376,9,1,7,0.68359375
3485,1,8,7,0.68359375
9760,9,5,7,0.68359375
5826,7,4,7,0.68359375
3689,7,0,7,0.68359375
1510,8,0,7,0.68359375
2305,9,2,7,0.68359375
7410,4,3,7,0.68359375
3046,8,0,7,0.68359375
2630,2,6,7,0.68359375
3856,9,1,7,0.68359375
7912,0,2,7,0.68359375
1545,1,9,7,0.68359375
7100,9,2,7,0.68359375
6300,1,9,8,0.78125
4867,9,1,8,0.78125
1537,4,7,8,0.78125
9359,6,0,8,0.78125
9246,3,6,8,0.78125
6255,6,5,8,0.78125
6573,7,5,8,0.78125
6658,6,3,8,0.78125
621,7,1,8,0.78125
6320,0,2,8,0.78125
7201,4,2,8,0.78125
7280,1,9,8,0.78125
7579,3,5,8,0.78125
3793,6,5,8,0.78125
5969,5,3,8,0.78125
4516,1,9,8,0.78125
7455,1,9,8,0.78125
4903,2,6,8,0.78125
2132,2,5,8,0.78125
47,9,7,8,0.78125
8226,8,6,8,0.78125
6485,9,1,9,0.87890625
436,2,6,9,0.87890625
9422,3,5,9,0.87890625
4293,9,6,9,0.87890625
5265,2,4,9,0.87890625
719,9,8,9,0.87890625
8602,8,0,9,0.87890625
1216,8,1,9,0.87890625
8841,2,0,9,0.87890625
8507,8,0,9,0.87890625
4114,4,3,9,0.87890625
2573,5,3,9,0.87890625
255,0,8,9,0.87890625
2644,8,3,9,0.87890625
4335,9,8,9,0.87890625
2822,3,5,9,0.87890625
7609,0,9,9,0.87890625
4251,8,1,9,0.87890625
156,2,6,9,0.87890625
1280,3,5,9,0.87890625
9528,0,8,9,0.87890625
4783,4,2,9,0.87890625
7843,0,8,9,0.87890625
7949,8,9,9,0.87890625
8788,5,3,9,0.87890625
287,0,8,9,0.87890625
5978,5,3,9,0.87890625
8479,4,7,9,0.87890625
2876,9,8,9,0.87890625
4585,8,1,9,0.87890625
4984,7,3,9,0.87890625
3206,8,0,9,0.87890625
8566,4,0,9,0.87890625
7760,2,7,9,0.87890625
715,3,6,9,0.87890625
198,7,0,9,0.87890625
172,9,8,9,0.87890625
8684,2,3,9,0.87890625
32,4,2,10,0.9765625
8304,1,9,10,0.9765625
5534,6,2,10,0.9765625
1780,7,0,10,0.9765625
6975,8,1,10,0.9765625
4519,6,8,10,0.9765625
274,8,9,10,0.9765625
9922,5,3,10,0.9765625
4223,8,0,10,0.9765625
1147,6,9,10,0.9765625
6380,3,7,10,0.9765625
8177,8,9,10,0.9765625
3384,7,5,10,0.9765625
1747,1,9,10,0.9765625
1482,8,0,10,0.9765625
1750,8,0,10,0.9765625
4573,4,6,10,0.9765625
7853,3,2,10,0.9765625
246,1,9,10,0.9765625
5205,8,0,10,0.9765625
3731,6,2,10,0.9765625
1612,3,5,10,0.9765625
9924,4,0,10,0.9765625
4134,1,9,11,1.07421875
4211,4,7,11,1.07421875
9593,1,3,11,1.07421875
9818,0,8,11,1.07421875
1986,4,2,11,1.07421875
354,2,6,11,1.07421875
1051,2,7,11,1.07421875
1330,2,6,11,1.07421875
5314,7,6,11,1.07421875
5681,3,2,11,1.07421875
8878,8,4,11,1.07421875
7207,3,6,11,1.07421875
1656,2,4,11,1.07421875
833,2,5,11,1.07421875
86,2,3,11,1.07421875
991,5,3,11,1.07421875
335,9,1,11,1.07421875
2181,3,2,11,1.07421875
3469,9,8,11,1.07421875
7334,5,3,11,1.07421875
3381,5,3,11,1.07421875
8001,1,8,11,1.07421875
8551,8,0,11,1.07421875
6155,8,0,11,1.07421875
201,1,9,11,1.07421875
9441,4,3,11,1.07421875
6538,3,2,11,1.07421875
5848,4,3,11,1.07421875
4798,4,0,11,1.07421875
9090,2,4,11,1.07421875
4829,5,3,11,1.07421875
1871,3,0,11,1.07421875
6632,7,5,11,1.07421875
7351,2,4,11,1.07421875
9678,3,2,11,1.07421875
9311,5,3,11,1.07421875
6861,8,0,11,1.07421875
4345,6,2,11,1.07421875
3100,0,8,11,1.07421875
6388,7,3,12,1.171875
4013,1,3,12,1.171875
6822,4,2,12,1.171875
7712,5,3,12,1.171875
5379,4,3,12,1.171875
663,6,2,12,1.171875
388,2,3,12,1.171875
2659,2,4,12,1.171875
3017,5,3,12,1.171875
7421,5,3,12,1.171875
2002,4,2,12,1.171875
6950,8,0,12,1.171875
6670,3,7,12,1.171875
2721,8,9,12,1.171875
4911,8,1,12,1.171875
701,2,0,12,1.171875
4226,0,8,12,1.171875
1300,4,5,12,1.171875
9024,0,8,12,1.171875
5610,8,0,12,1.171875
2403,4,3,12,1.171875
1385,5,3,12,1.171875
9420,5,7,12,1.171875
2581,4,7,12,1.171875
4357,4,3,12,1.171875
5113,6,4,12,1.171875
966,6,3,12,1.171875
872,4,2,12,1.171875
4029,4,2,12,1.171875
7976,7,4,12,1.171875
2108,4,5,12,1.171875
1003,4,7,12,1.171875
8381,4,5,12,1.171875
3697,4,5,12,1.171875
3503,4,5,12,1.171875
9158,8,1,12,1.171875
7917,6,3,12,1.171875
8809,8,3,12,1.171875
6035,5,3,12,1.171875
1092,6,3,12,1.171875
8254,8,0,12,1.171875
3884,3,4,12,1.171875
1724,4,2,12,1.171875
9710,7,5,12,1.171875
3623,5,3,12,1.171875
5945,9,0,13,1.26953125
6395,8,0,13,1.26953125
3909,5,3,13,1.26953125
6280,8,5,13,1.26953125
8131,3,2,13,1.26953125
3036,9,0,13,1.26953125
1318,5,3,13,1.26953125
4932,9,2,13,1.26953125
7253,4,2,13,1.26953125
5043,0,9,13,1.26953125
3222,4,7,13,1.26953125
6158,7,2,13,1.26953125
6986,5,3,13,1.26953125
6010,1,6,13,1.26953125
3433,4,5,13,1.26953125
3207,0,9,13,1.26953125
8202,5,7,13,1.26953125
286,1,8,13,1.26953125
8944,4,7,13,1.26953125
5698,7,5,13,1.26953125
2688,5,3,13,1.26953125
9894,1,8,13,1.26953125
3853,9,3,13,1.26953125
1321,2,3,13,1.26953125
9860,0,2,13,1.26953125
8775,1,3,13,1.26953125
4193,9,0,13,1.26953125
9708,9,1,13,1.26953125
9498,3,6,13,1.26953125
4836,9,8,14,1.3671875
9727,6,8,14,1.3671875
2455,6,4,14,1.3671875
9576,3,4,14,1.3671875
8176,6,3,14,1.3671875
6881,2,4,14,1.3671875
4463,5,1,14,1.3671875
8027,4,6,14,1.3671875
109,7,5,14,1.3671875
7011,7,5,14,1.3671875
238,5,3,14,1.3671875
2313,6,4,14,1.3671875
2927,8,0,14,1.3671875
4751,6,4,14,1.3671875
2371,4,8,14,1.3671875
2570,0,3,14,1.3671875
7560,0,9,14,1.3671875
2547,4,6,14,1.3671875
5298,5,3,14,1.3671875
8413,9,8,15,1.46484375
688,3,2,15,1.46484375
2207,3,2,15,1.46484375
4421,2,5,15,1.46484375
7026,3,4,15,1.46484375
7176,8,4,15,1.46484375
5586,8,0,15,1.46484375
7404,8,0,15,1.46484375
9190,3,5,15,1.46484375
1101,8,0,15,1.46484375
5659,2,6,15,1.46484375
3137,5,3,15,1.46484375
124,8,0,15,1.46484375
5154,2,4,15,1.46484375
6716,8,0,15,1.46484375
6432,8,0,15,1.46484375
5946,8,2,15,1.46484375
3019,5,3,15,1.46484375
8962,5,3,15,1.46484375
5554,9,8,15,1.46484375
6782,5,3,15,1.46484375
6406,3,4,15,1.46484375
5779,3,6,15,1.46484375
202,8,0,15,1.46484375
4692,8,0,15,1.46484375
3495,2,3,15,1.46484375
6177,2,7,15,1.46484375
4143,5,2,15,1.46484375
2920,2,4,15,1.46484375
8102,3,7,15,1.46484375
3190,3,5,15,1.46484375
8399,5,3,15,1.46484375
3321,0,8,16,1.5625
9969,6,9,16,1.5625
6717,0,9,16,1.5625
2976,0,9,16,1.5625
6400,0,8,16,1.5625
6093,2,6,16,1.5625
5792,2,6,16,1.5625
4220,4,0,16,1.5625
6739,0,1,16,1.5625
4313,0,2,16,1.5625
8244,4,2,16,1.5625
9087,3,5,16,1.5625
6475,2,7,16,1.5625
2440,7,1,16,1.5625
1471,8,0,16,1.5625
4348,8,0,16,1.5625
8694,0,8,16,1.5625
4617,3,6,16,1.5625
4525,0,3,16,1.5625
8791,6,4,16,1.5625
7315,0,4,16,1.5625
8719,2,7,16,1.5625
9765,4,2,16,1.5625
7462,8,1,16,1.5625
4756,6,2,16,1.5625
6941,4,2,16,1.5625
3452,5,3,16,1.5625
5909,1,9,16,1.5625
3650,0,2,16,1.5625
4131,1,9,16,1.5625
6467,3,6,17,1.66015625
4888,5,3,17,1.66015625
9829,5,4,17,1.66015625
6121,2,5,17,1.66015625
1122,8,0,17,1.66015625
418,3,6,17,1.66015625
586,3,6,17,1.66015625
3708,4,3,17,1.66015625
1159,8,9,17,1.66015625
2538,5,4,17,1.66015625
7588,2,5,17,1.66015625
1262,8,0,17,1.66015625
2875,1,8,17,1.66015625
239,5,3,17,1.66015625
6674,5,3,17,1.66015625
3178,5,7,17,1.66015625
5072,6,2,17,1.66015625
4317,8,0,17,1.66015625
8561,8,0,17,1.66015625
6690,5,2,17,1.66015625
8161,5,3,17,1.66015625
5257,8,0,17,1.66015625
6937,8,0,17,1.66015625
5873,4,5,17,1.66015625
1064,9,5,17,1.66015625
3195,5,4,17,1.66015625
2397,5,3,17,1.66015625
7149,5,4,17,1.66015625
2019,9,1,17,1.66015625
4537,3,6,17,1.66015625
3774,5,7,17,1.66015625
1383,8,0,17,1.66015625
2277,5,3,17,1.66015625
5613,5,3,17,1.66015625
1766,6,3,17,1.66015625
810,5,2,17,1.66015625
8847,5,4,17,1.66015625
5486,3,2,17,1.66015625
7367,3,5,17,1.66015625
2196,8,0,17,1.66015625
8466,7,3,17,1.66015625
4300,8,0,17,1.66015625
6378,5,7,17,1.66015625
1820,8,9,17,1.66015625
5572,1,9,17,1.66015625
2600,8,0,17,1.66015625
9694,1,9,17,1.66015625
7643,8,1,17,1.66015625
6666,2,4,17,1.66015625
7515,8,9,17,1.66015625
6677,5,6,17,1.66015625
3458,5,3,18,1.7578125
9381,2,5,18,1.7578125
1574,0,7,18,1.7578125
8196,3,0,18,1.7578125
3428,2,5,18,1.7578125
7684,0,2,18,1.7578125
9170,0,9,18,1.7578125
5101,5,3,18,1.7578125
1233,4,8,18,1.7578125
8764,1,8,18,1.7578125
2452,2,4,18,1.7578125
9406,5,3,18,1.7578125
679,5,3,18,1.7578125
1921,2,0,18,1.7578125
5816,5,3,18,1.7578125
8346,6,3,18,1.7578125
1829,1,9,18,1.7578125
904,8,0,18,1.7578125
160,2,0,18,1.7578125
8232,2,5,18,1.7578125
5687,2,0,18,1.7578125
841,0,8,18,1.7578125
5528,5,3,18,1.7578125
2311,7,4,18,1.7578125
5493,3,6,18,1.7578125
6835,5,3,18,1.7578125
7582,5,3,18,1.7578125
935,2,3,18,1.7578125
768,5,2,18,1.7578125
9143,9,3,19,1.85546875
5009,7,2,19,1.85546875
8759,7,5,19,1.85546875
8702,0,8,19,1.85546875
5096,7,4,19,1.85546875
9250,3,2,19,1.85546875
2815,3,8,19,1.85546875
6842,3,8,19,1.85546875
9752,7,0,19,1.85546875
6326,7,4,19,1.85546875
7347,0,8,19,1.85546875
8265,0,8,19,1.85546875
6584,5,3,19,1.85546875
6064,5,3,19,1.85546875
5870,7,4,19,1.85546875
7754,0,8,19,1.85546875
2209,4,8,19,1.85546875
6617,4,7,19,1.85546875
4247,5,7,19,1.85546875
8724,6,3,19,1.85546875
3023,3,5,19,1.85546875
3776,9,0,19,1.85546875
5754,3,5,19,1.85546875
857,0,8,19,1.85546875
9749,0,8,19,1.85546875
9562,3,6,19,1.85546875
6133,0,8,19,1.85546875
1812,5,7,19,1.85546875
9135,7,5,19,1.85546875
6361,0,8,19,1.85546875
9326,0,8,19,1.85546875
6535,5,3,19,1.85546875
9404,3,8,19,1.85546875
6055,0,8,19,1.85546875
7103,0,8,19,1.85546875
942,7,5,19,1.85546875
1090,0,8,19,1.85546875
6883,7,4,20,1.953125
1700,5,3,20,1.953125
1470,7,4,20,1.953125
1609,4,5,20,1.953125
7051,3,4,20,1.953125
7855,2,4,20,1.953125
1379,7,4,20,1.953125
40,4,0,20,1.953125
4414,2,3,20,1.953125
2090,2,0,20,1.953125
2294,1,9,20,1.953125
2998,5,7,20,1.953125
3998,2,3,20,1.953125
8858,6,2,20,1.953125
363,1,0,20,1.953125
6031,5,3,20,1.953125
7709,3,2,20,1.953125
6929,5,7,20,1.953125
1434,0,8,20,1.953125
218,8,0,20,1.953125
3872,7,5,20,1.953125
1485,0,2,20,1.953125
6079,3,5,20,1.953125
8389,1,0,20,1.953125
3662,6,4,20,1.953125
2727,9,0,20,1.953125
2571,9,6,21,2.05078125
8340,5,3,21,2.05078125
4057,7,5,21,2.05078125
3493,0,2,21,2.05078125
6242,4,0,21,2.05078125
565,3,5,21,2.05078125
3762,1,9,21,2.05078125
3399,0,4,21,2.05078125
2223,8,0,21,2.05078125
3498,4,8,21,2.05078125
7825,3,6,21,2.05078125
452,7,5,21,2.05078125
4619,9,0,21,2.05078125
6604,2,3,21,2.05078125
3159,2,7,21,2.05078125
9601,1,6,21,2.05078125
1664,0,2,21,2.05078125
5080,7,5,21,2.05078125
365,4,0,21,2.05078125
5031,4,8,21,2.05078125
7533,0,9,21,2.05078125
8237,7,5,21,2.05078125
4449,9,8,21,2.05078125
4624,5,3,21,2.05078125
7332,7,5,21,2.05078125
2322,0,2,21,2.05078125
2816,7,4,21,2.05078125
4852,9,0,21,2.05078125
1520,7,3,21,2.05078125
1827,4,2,21,2.05078125
2540,2,4,21,2.05078125
1749,2,4,21,2.05078125
773,4,3,21,2.05078125
2549,6,4,21,2.05078125
5618,0,9,21,2.05078125
9561,0,9,22,2.1484375
2672,0,8,22,2.1484375
7680,3,7,22,2.1484375
6824,0,2,22,2.1484375
8937,7,0,22,2.1484375
3610,5,3,22,2.1484375
524,0,1,22,2.1484375
5684,7,4,22,2.1484375
5327,0,9,22,2.1484375
5281,3,6,22,2.1484375
4501,5,7,22,2.1484375
7020,7,4,22,2.1484375
1062,6,3,22,2.1484375
8082,5,3,22,2.1484375
8783,6,5,22,2.1484375
1052,0,8,22,2.1484375
366,1,9,22,2.1484375
2173,3,1,22,2.1484375
3467,0,9,22,2.1484375
1065,3,0,22,2.1484375
5860,0,8,23,2.24609375
1431,4,6,23,2.24609375
5679,0,6,23,2.24609375
2430,7,5,23,2.24609375
9950,3,5,23,2.24609375
9538,8,9,23,2.24609375
2191,4,6,23,2.24609375
1775,3,6,23,2.24609375
6102,3,9,23,2.24609375
308,1,9,23,2.24609375
8925,0,8,23,2.24609375
6610,8,1,23,2.24609375
7077,0,8,23,2.24609375
9028,8,0,23,2.24609375
2237,6,5,23,2.24609375
9679,2,3,23,2.24609375
1658,4,8,23,2.24609375
7746,2,0,23,2.24609375
7800,0,8,23,2.24609375
5463,5,3,23,2.24609375
556,6,3,23,2.24609375
4062,0,8,23,2.24609375
8295,3,0,23,2.24609375
6492,1,9,23,2.24609375
5662,8,2,23,2.24609375
2098,0,8,23,2.24609375
63,3,9,23,2.24609375
7802,2,5,23,2.24609375
9836,2,0,23,2.24609375
7416,1,9,23,2.24609375
2065,2,4,23,2.24609375
9692,9,0,23,2.24609375
3401,2,0,23,2.24609375
4926,7,3,24,2.34375
9327,2,3,24,2.34375
2200,0,2,24,2.34375
6768,2,5,24,2.34375
393,2,4,24,2.34375
9260,5,3,24,2.34375
638,0,9,24,2.34375
108,8,1,24,2.34375
6215,2,7,24,2.34375
632,6,3,24,2.34375
7230,2,6,24,2.34375
9131,3,5,24,2.34375
1342,7,4,24,2.34375
9234,2,4,24,2.34375
8006,9,7,24,2.34375
6763,2,3,24,2.34375
6720,2,4,24,2.34375
4208,2,7,24,2.34375
6248,2,0,24,2.34375
186,6,2,24,2.34375
7670,2,4,24,2.34375
8318,2,3,24,2.34375
2464,2,4,24,2.34375
1388,5,3,24,2.34375
3525,2,4,24,2.34375
8022,2,7,24,2.34375
4373,0,2,24,2.34375
8713,2,4,24,2.34375
9264,5,3,24,2.34375
2442,4,6,24,2.34375
84,2,7,25,2.44140625
515,3,5,25,2.44140625
7877,0,1,25,2.44140625
3506,2,6,25,2.44140625
6200,3,5,25,2.44140625
647,4,7,25,2.44140625
6017,9,4,25,2.44140625
8560,7,5,25,2.44140625
3220,3,9,25,2.44140625
8656,7,5,25,2.44140625
4962,3,1,25,2.44140625
1469,7,4,25,2.44140625
6721,7,2,25,2.44140625
9277,3,7,25,2.44140625
6389,5,2,25,2.44140625
7284,0,8,25,2.44140625
2120,4,2,25,2.44140625
2670,9,3,25,2.44140625
1076,0,8,25,2.44140625
5178,5,3,25,2.44140625
2029,3,6,25,2.44140625
7210,3,2,25,2.44140625
7783,3,5,25,2.44140625
9505,3,4,25,2.44140625
2995,4,2,25,2.44140625
9258,9,7,25,2.44140625
6290,9,6,25,2.44140625
8069,4,2,25,2.44140625
5933,4,8,25,2.44140625
8218,9,6,25,2.44140625
6772,0,3,25,2.44140625
8836,4,2,25,2.44140625
3061,7,5,26,2.5390625
2668,0,8,26,2.5390625
6926,7,4,26,2.5390625
7054,2,0,26,2.5390625
2380,8,1,26,2.5390625
2909,0,8,26,2.5390625
5894,7,4,26,2.5390625
9905,1,9,26,2.5390625
6101,9,0,26,2.5390625
7248,4,3,26,2.5390625
1794,3,5,26,2.5390625
2505,7,4,26,2.5390625
3576,4,2,26,2.5390625
2903,2,0,26,2.5390625
7530,2,8,26,2.5390625
6762,7,4,26,2.5390625
3980,9,2,26,2.5390625
5444,7,4,26,2.5390625
8015,8,0,26,2.5390625
169,0,8,26,2.5390625
1932,0,2,26,2.5390625
427,4,3,27,2.63671875
5425,6,3,27,2.63671875
9649,5,3,27,2.63671875
3262,2,3,27,2.63671875
2401,3,5,27,2.63671875
9248,0,8,27,2.63671875
5397,9,8,27,2.63671875
2689,5,3,27,2.63671875
1203,0,8,27,2.63671875
316,7,4,27,2.63671875
8935,0,8,27,2.63671875
8886,4,3,27,2.63671875
6137,2,4,27,2.63671875
8581,8,4,27,2.63671875
9461,4,6,27,2.63671875
1193,5,3,27,2.63671875
1940,5,3,27,2.63671875
3864,3,6,27,2.63671875
8192,5,3,27,2.63671875
3396,0,2,27,2.63671875
5069,9,0,27,2.63671875
265,8,0,27,2.63671875
763,0,8,27,2.63671875
6329,1,3,27,2.63671875
2993,0,8,27,2.63671875
1884,7,5,28,2.734375
1299,7,4,28,2.734375
8976,7,3,28,2.734375
4195,3,6,28,2.734375
284,0,9,28,2.734375
9693,6,3,28,2.734375
8706,7,4,28,2.734375
3857,1,8,28,2.734375
5551,7,1,28,2.734375
9268,7,4,28,2.734375
2142,1,9,28,2.734375
1450,2,3,28,2.734375
2603,0,9,28,2.734375
3336,0,9,28,2.734375
3378,4,7,28,2.734375
3601,0,5,28,2.734375
1004,8,0,28,2.734375
3400,6,2,28,2.734375
4192,0,9,28,2.734375
3470,7,5,28,2.734375
6521,4,7,28,2.734375
1941,7,8,28,2.734375
826,7,9,28,2.734375
6909,4,2,28,2.734375
3151,8,1,28,2.734375
6625,4,2,28,2.734375
5216,6,5,28,2.734375
3707,6,3,28,2.734375
1241,0,8,28,2.734375
8447,0,4,28,2.734375
3959,5,3,28,2.734375
1397,0,2,28,2.734375
4132,4,5,28,2.734375
3725,2,0,28,2.734375
5040,3,6,28,2.734375
3792,0,9,28,2.734375
7573,1,0,28,2.734375
8064,0,8,28,2.734375
394,9,3,29,2.83203125
6183,5,3,29,2.83203125
8140,5,3,29,2.83203125
4933,3,5,29,2.83203125
2593,8,1,29,2.83203125
1185,1,0,29,2.83203125
8636,6,5,29,2.83203125
6075,3,6,29,2.83203125
3205,8,1,29,2.83203125
9438,7,2,29,2.83203125
8678,1,9,29,2.83203125
4897,1,9,29,2.83203125
5048,1,9,29,2.83203125
489,0,8,29,2.83203125
7153,7,4,29,2.83203125
5671,3,2,29,2.83203125
69,7,0,29,2.83203125
724,8,0,29,2.83203125
6365,7,5,29,2.83203125
5571,0,9,30,2.9296875
5725,5,3,30,2.9296875
4400,3,5,30,2.9296875
7718,0,8,30,2.9296875
8315,6,2,30,2.9296875
5392,0,9,30,2.9296875
7818,9,0,30,2.9296875
7295,5,3,30,2.9296875
6903,9,2,30,2.9296875
1728,0,8,30,2.9296875
4527,3,5,30,2.9296875
1465,9,8,30,2.9296875
6225,3,6,30,2.9296875
9464,4,0,30,2.9296875
313,0,8,30,2.9296875
3310,6,2,31,3.02734375
8098,1,9,31,3.02734375
8212,5,3,31,3.02734375
119,7,5,31,3.02734375
835,4,9,31,3.02734375
2478,6,4,31,3.02734375
5003,4,7,31,3.02734375
1566,7,5,31,3.02734375
1984,7,5,31,3.02734375
2395,7,8,31,3.02734375
7014,3,0,31,3.02734375
9164,5,3,31,3.02734375
68,3,5,31,3.02734375
6338,7,5,31,3.02734375
1516,4,0,31,3.02734375
814,0,9,31,3.02734375
8123,1,9,31,3.02734375
1180,3,0,31,3.02734375
7465,0,8,31,3.02734375
7313,3,5,31,3.02734375
7751,7,4,31,3.02734375
3251,5,3,31,3.02734375
880,8,0,31,3.02734375
3065,3,4,31,3.02734375
6889,5,3,31,3.02734375
2058,0,8,31,3.02734375
3621,4,0,31,3.02734375
5357,0,8,31,3.02734375
8571,7,5,31,3.02734375
6862,5,3,31,3.02734375
1461,0,9,32,3.125
7415,3,1,32,3.125
74,0,9,32,3.125
6367,4,3,32,3.125
5391,9,1,32,3.125
2554,4,7,32,3.125
6191,0,2,32,3.125
9738,6,2,32,3.125
1425,4,3,32,3.125
3955,0,9,32,3.125
5865,6,3,32,3.125
5491,0,9,32,3.125
162,6,3,32,3.125
1688,6,5,32,3.125
2016,6,4,32,3.125
7707,8,3,32,3.125
7197,4,3,32,3.125
3302,0,8,32,3.125
7864,1,9,32,3.125
5182,1,9,32,3.125
3509,3,6,32,3.125
9056,4,5,32,3.125
3441,0,9,32,3.125
9535,1,9,32,3.125
8465,9,1,32,3.125
9490,8,1,32,3.125
929,0,8,32,3.125
5341,6,3,32,3.125
3443,4,2,32,3.125
8305,4,3,32,3.125
4005,5,3,32,3.125
3808,5,3,32,3.125
680,9,1,32,3.125
8003,4,3,32,3.125
2009,1,9,32,3.125
1135,6,3,32,3.125
3765,0,8,32,3.125
5177,4,3,32,3.125
8478,5,3,32,3.125
423,0,2,32,3.125
5452,0,9,32,3.125
8832,6,3,32,3.125
8416,6,2,32,3.125
5294,8,0,32,3.125
6318,7,9,33,3.22265625
1066,9,1,33,3.22265625
5822,3,6,33,3.22265625
1218,8,0,33,3.22265625
1078,0,8,33,3.22265625
6316,7,9,33,3.22265625
7558,2,0,33,3.22265625
3214,6,3,33,3.22265625
150,8,1,33,3.22265625
4095,8,3,33,3.22265625
3660,0,8,33,3.22265625
7539,5,3,33,3.22265625
126,8,0,33,3.22265625
6752,9,0,33,3.22265625
1266,0,8,33,3.22265625
3070,0,3,33,3.22265625
5536,6,9,33,3.22265625
214,8,0,33,3.22265625
8631,2,6,33,3.22265625
3278,0,2,33,3.22265625
9948,8,9,33,3.22265625
8026,0,9,33,3.22265625
4446,0,9,33,3.22265625
6754,8,0,33,3.22265625
4490,0,3,33,3.22265625
5111,6,3,33,3.22265625
2662,6,8,33,3.22265625
9834,8,0,34,3.3203125
8687,6,4,34,3.3203125
3842,8,9,34,3.3203125
1260,1,9,34,3.3203125
3915,4,2,34,3.3203125
8118,4,8,34,3.3203125
3754,0,4,34,3.3203125
2836,3,9,34,3.3203125
2338,6,5,34,3.3203125
2612,3,5,34,3.3203125
760,3,7,34,3.3203125
9856,5,3,34,3.3203125
9620,4,7,34,3.3203125
7828,5,3,34,3.3203125
7868,8,9,34,3.3203125
5109,9,0,35,3.41796875
4347,8,0,35,3.41796875
1680,6,3,35,3.41796875
690,3,4,35,3.41796875
9119,4,2,35,3.41796875
787,9,0,35,3.41796875
6154,4,0,35,3.41796875
6868,9,0,35,3.41796875
5240,1,2,35,3.41796875
3871,8,1,35,3.41796875
3840,6,3,35,3.41796875
6429,8,1,35,3.41796875
1166,3,5,35,3.41796875
2730,6,3,35,3.41796875
1335,1,8,35,3.41796875
1223,8,0,35,3.41796875
3930,1,9,35,3.41796875
9057,8,9,35,3.41796875
2456,8,0,35,3.41796875
5467,5,0,35,3.41796875
3546,5,3,35,3.41796875
4072,5,3,35,3.41796875
573,3,2,35,3.41796875
7697,5,3,35,3.41796875
7380,7,2,35,3.41796875
495,8,0,35,3.41796875
3132,5,3,35,3.41796875
1344,9,1,35,3.41796875
9355,6,3,35,3.41796875
7798,5,3,35,3.41796875
9398,8,1,35,3.41796875
8298,3,1,35,3.41796875
1368,3,5,35,3.41796875
7258,5,3,35,3.41796875
9383,9,0,35,3.41796875
5538,7,9,35,3.41796875
9285,8,1,36,3.515625
7796,8,1,36,3.515625
7503,8,0,36,3.515625
2850,5,3,36,3.515625
8599,4,2,36,3.515625
4428,8,0,36,3.515625
6025,6,4,36,3.515625
5500,8,1,36,3.515625
8701,8,1,36,3.515625
8781,6,2,36,3.515625
3562,8,0,36,3.515625
5648,8,0,36,3.515625
5200,3,5,36,3.515625
5879,8,1,36,3.515625
9936,8,1,36,3.515625
4770,9,6,36,3.515625
4280,8,0,36,3.515625
5365,8,6,36,3.515625
5223,0,8,36,3.515625
4530,5,3,36,3.515625
7923,9,7,36,3.515625
8544,6,3,36,3.515625
9012,8,0,36,3.515625
4702,6,2,36,3.515625
5308,9,6,36,3.515625
7817,6,3,36,3.515625
8686,9,8,36,3.515625
8400,0,9,36,3.515625
1195,6,3,36,3.515625
9687,1,9,36,3.515625
9844,5,3,36,3.515625
8402,0,8,36,3.515625
4695,8,9,36,3.515625
4242,8,0,37,3.61328125
9228,3,4,37,3.61328125
9810,8,2,37,3.61328125
5295,0,8,37,3.61328125
3411,5,3,37,3.61328125
7542,8,1,37,3.61328125
8289,5,4,37,3.61328125
7464,8,9,37,3.61328125
6553,3,5,37,3.61328125
7623,1,8,37,3.61328125
8485,0,8,37,3.61328125
1022,0,8,37,3.61328125
9718,9,0,37,3.61328125
2632,3,5,37,3.61328125
7032,4,3,37,3.61328125
5280,0,8,37,3.61328125
7276,1,9,37,3.61328125
8825,0,1,37,3.61328125
8263,5,3,37,3.61328125
6597,1,9,37,3.61328125
1818,5,3,37,3.61328125
8505,5,3,37,3.61328125
7833,8,0,37,3.61328125
3397,9,6,37,3.61328125
5853,5,3,37,3.61328125
2157,3,4,37,3.61328125
9018,8,0,37,3.61328125
3950,8,0,37,3.61328125
852,8,9,37,3.61328125
2628,0,8,37,3.61328125
7386,5,3,37,3.61328125
181,5,3,37,3.61328125
9418,8,1,38,3.7109375
9491,8,0,38,3.7109375
9166,6,3,38,3.7109375
3700,3,4,38,3.7109375
1213,8,0,38,3.7109375
8470,8,9,38,3.7109375
7459,8,1,38,3.7109375
2307,9,3,38,3.7109375
347,6,3,38,3.7109375
6785,6,3,38,3.7109375
4199,8,0,38,3.7109375
2421,8,0,38,3.7109375
5292,4,7,38,3.7109375
2387,9,8,39,3.80859375
2348,4,3,39,3.80859375
668,1,9,39,3.80859375
8625,5,3,39,3.80859375
635,6,8,39,3.80859375
9507,0,8,39,3.80859375
7477,0,8,39,3.80859375
1107,7,1,39,3.80859375
1910,4,7,39,3.80859375
9025,5,4,39,3.80859375
8776,5,3,39,3.80859375
2394,6,4,39,3.80859375
7736,3,6,39,3.80859375
2134,4,3,39,3.80859375
553,5,3,39,3.80859375
358,8,1,39,3.80859375
8182,8,3,39,3.80859375
2205,5,3,39,3.80859375
3288,9,8,39,3.80859375
310,8,1,39,3.80859375
6194,1,9,39,3.80859375
4934,5,3,39,3.80859375
8174,3,4,39,3.80859375
1505,2,6,39,3.80859375
5309,3,6,39,3.80859375
5289,4,5,39,3.80859375
6220,2,4,39,3.80859375
9174,9,4,39,3.80859375
270,2,7,39,3.80859375
8352,5,3,39,3.80859375
42,5,3,39,3.80859375
8875,8,0,39,3.80859375
4403,8,1,39,3.80859375
3935,4,7,40,3.90625
3047,6,3,40,3.90625
5241,4,6,40,3.90625
407,1,9,40,3.90625
151,9,3,40,3.90625
9782,2,7,40,3.90625
2310,6,7,40,3.90625
6229,6,2,40,3.90625
2900,3,7,40,3.90625
4521,9,3,40,3.90625
6634,4,3,40,3.90625
1874,8,0,40,3.90625
7267,5,3,40,3.90625
1253,8,1,40,3.90625
7915,3,6,40,3.90625
5535,3,6,40,3.90625
8480,2,1,40,3.90625
8905,8,1,41,4.00390625
5905,1,9,41,4.00390625
4267,7,9,41,4.00390625
997,1,9,41,4.00390625
5621,8,9,41,4.00390625
8409,8,9,41,4.00390625
6127,5,4,41,4.00390625
4048,5,3,41,4.00390625
4623,5,3,41,4.00390625
9300,5,4,41,4.00390625
9737,5,3,41,4.00390625
815,8,0,41,4.00390625
2118,8,0,41,4.00390625
7598,3,6,41,4.00390625
3000,5,3,41,4.00390625
260,8,6,41,4.00390625
9015,8,0,41,4.00390625
8487,4,2,41,4.00390625
1139,8,0,41,4.00390625
7311,1,8,41,4.00390625
9389,8,0,41,4.00390625
3818,9,8,41,4.00390625
9937,4,7,42,4.1015625
1648,8,9,42,4.1015625
6807,7,0,42,4.1015625
7526,9,8,42,4.1015625
4162,0,8,42,4.1015625
5485,8,0,42,4.1015625
5563,1,9,42,4.1015625
1153,8,9,42,4.1015625
167,4,6,42,4.1015625
6,1,9,42,4.1015625
5142,8,0,42,4.1015625
3634,3,1,42,4.1015625
5407,4,7,42,4.1015625
5417,4,3,42,4.1015625
4505,4,9,42,4.1015625
8928,4,8,42,4.1015625
1800,4,8,42,4.1015625
8287,8,1,42,4.1015625
7789,3,6,42,4.1015625
8850,1,9,42,4.1015625
532,9,1,42,4.1015625
7786,9,8,42,4.1015625
1953,4,2,42,4.1015625
6725,8,3,42,4.1015625
6000,8,3,43,4.19921875
8125,8,1,43,4.19921875
2874,8,9,43,4.19921875
7490,4,2,43,4.19921875
1538,3,9,43,4.19921875
8608,8,9,43,4.19921875
8843,8,7,43,4.19921875
6453,8,1,43,4.19921875
269,0,2,43,4.19921875
2937,3,5,43,4.19921875
3679,0,8,43,4.19921875
9257,5,3,43,4.19921875
472,8,0,43,4.19921875
588,8,0,43,4.19921875
4296,8,1,43,4.19921875
2983,5,3,43,4.19921875
914,0,2,43,4.19921875
3531,8,9,43,4.19921875
54,8,0,43,4.19921875
9751,0,1,43,4.19921875
837,2,4,43,4.19921875
3606,3,6,43,4.19921875
8168,6,4,43,4.19921875
2459,5,3,43,4.19921875
4997,3,6,43,4.19921875
1676,8,0,43,4.19921875
5796,5,3,43,4.19921875
144,8,0,43,4.19921875
9145,1,9,43,4.19921875
9219,9,3,43,4.19921875
7502,8,6,43,4.19921875
2692,8,1,43,4.19921875
1633,1,8,43,4.19921875
5887,1,9,43,4.19921875
3362,1,9,43,4.19921875
5890,3,5,43,4.19921875
3885,6,3,43,4.19921875
1091,8,0,43,4.19921875
5396,1,9,43,4.19921875
1852,2,4,43,4.19921875
4238,5,3,43,4.19921875
1840,8,3,43,4.19921875
4320,1,9,43,4.19921875
4196,8,0,43,4.19921875
4175,3,7,44,4.296875
2539,8,9,44,4.296875
127,3,6,44,4.296875
9343,8,9,44,4.296875
4279,6,2,44,4.296875
9083,8,1,44,4.296875
5704,4,7,44,4.296875
3643,8,9,44,4.296875
9914,8,9,44,4.296875
1179,3,7,44,4.296875
4020,8,9,44,4.296875
7396,8,0,44,4.296875
6216,5,3,44,4.296875
1088,3,5,44,4.296875
5831,6,8,44,4.296875
7621,8,9,44,4.296875
5466,8,9,44,4.296875
5503,8,0,44,4.296875
4582,8,0,44,4.296875
717,8,9,44,4.296875
5638,4,2,44,4.296875
3750,9,8,44,4.296875
6794,8,0,44,4.296875
1347,8,0,44,4.296875
5897,4,3,44,4.296875
6540,8,0,44,4.296875
7842,5,4,44,4.296875
4670,8,9,44,4.296875
2283,4,7,44,4.296875
6238,8,0,44,4.296875
5824,7,9,44,4.296875
9815,5,2,44,4.296875
999,8,0,44,4.296875
5886,2,3,44,4.296875
2957,8,9,44,4.296875
3749,8,9,44,4.296875
9785,8,0,44,4.296875
1,8,1,44,4.296875
5288,4,9,44,4.296875
5522,2,3,44,4.296875
5919,4,0,45,4.39453125
9757,7,3,45,4.39453125
1598,5,3,45,4.39453125
828,5,4,45,4.39453125
9233,8,9,45,4.39453125
8019,3,6,45,4.39453125
4967,7,2,45,4.39453125
4078,5,3,45,4.39453125
4559,3,6,45,4.39453125
7303,8,0,45,4.39453125
6541,8,0,45,4.39453125
4649,8,0,45,4.39453125
5126,0,4,45,4.39453125
574,6,5,45,4.39453125
4448,4,0,45,4.39453125
6678,7,9,45,4.39453125
9874,2,4,45,4.39453125
8151,8,0,45,4.39453125
855,7,9,45,4.39453125
1961,7,9,46,4.4921875
494,1,8,46,4.4921875
7265,5,3,46,4.4921875
4430,1,8,46,4.4921875
1134,1,9,46,4.4921875
9328,6,3,46,4.4921875
8342,1,0,46,4.4921875
9116,4,2,46,4.4921875
9508,8,9,46,4.4921875
8120,8,9,46,4.4921875
7922,8,3,46,4.4921875
2481,7,2,46,4.4921875
9352,1,8,46,4.4921875
3981,5,3,46,4.4921875
7779,5,3,46,4.4921875
1435,1,3,46,4.4921875
4086,8,0,46,4.4921875
7403,4,2,46,4.4921875
3315,3,6,47,4.58984375
1843,8,0,47,4.58984375
8439,8,0,47,4.58984375
5940,7,2,47,4.58984375
9347,8,0,47,4.58984375
2267,6,3,47,4.58984375
5836,8,1,47,4.58984375
6556,8,0,47,4.58984375
7945,6,3,47,4.58984375
612,8,1,47,4.58984375
6250,4,3,47,4.58984375
3895,1,9,47,4.58984375
8919,7,9,47,4.58984375
6030,8,1,47,4.58984375
9466,8,0,47,4.58984375
3508,3,5,47,4.58984375
6874,6,3,47,4.58984375
8106,8,0,47,4.58984375
180,0,9,47,4.58984375
8365,6,9,47,4.58984375
7224,3,7,47,4.58984375
8058,4,0,48,4.6875
9144,0,9,48,4.6875
8239,8,1,48,4.6875
7901,1,9,48,4.6875
7022,2,0,48,4.6875
7943,1,9,48,4.6875
977,8,0,48,4.6875
6660,0,9,48,4.6875
1845,7,9,48,4.6875
6297,5,3,48,4.6875
2172,5,4,48,4.6875
4016,6,3,48,4.6875
9644,0,9,48,4.6875
3364,4,2,48,4.6875
9622,5,4,48,4.6875
8456,4,2,48,4.6875
2390,1,9,48,4.6875
7850,0,8,48,4.6875
6285,8,0,48,4.6875
6083,2,3,48,4.6875
106,3,6,48,4.6875
2102,0,8,48,4.6875
3472,7,9,48,4.6875
6421,6,2,48,4.6875
7803,0,8,48,4.6875
6598,6,2,48,4.6875
9715,4,2,48,4.6875
8665,3,7,49,4.78515625
639,5,3,49,4.78515625
3534,2,0,49,4.78515625
754,2,4,49,4.78515625
9235,0,2,49,4.78515625
8530,8,1,49,4.78515625
7195,7,4,49,4.78515625
6425,2,8,49,4.78515625
5409,1,9,49,4.78515625
9997,5,3,49,4.78515625
492,8,0,49,4.78515625
2219,5,1,49,4.78515625
3331,8,0,49,4.78515625
191,8,3,49,4.78515625
2153,8,0,49,4.78515625
516,8,0,49,4.78515625
623,2,4,49,4.78515625
5868,9,0,49,4.78515625
6124,8,3,49,4.78515625
219,2,4,49,4.78515625
4409,8,0,49,4.78515625
8792,6,2,49,4.78515625
5876,6,3,49,4.78515625
4720,8,0,49,4.78515625
6501,2,4,49,4.78515625
7807,3,6,50,4.8828125
9282,7,2,50,4.8828125
9430,6,2,50,4.8828125
2038,2,3,50,4.8828125
892,7,5,50,4.8828125
8546,8,0,50,4.8828125
9859,6,2,50,4.8828125
9165,4,2,50,4.8828125
3488,1,9,50,4.8828125
8171,6,4,50,4.8828125
5138,8,0,51,4.98046875
6496,7,5,51,4.98046875
8533,6,2,51,4.98046875
1892,6,5,51,4.98046875
2530,6,3,51,4.98046875
7910,3,5,51,4.98046875
2255,1,8,51,4.98046875
5617,5,3,51,4.98046875
3834,8,6,51,4.98046875
1625,3,6,51,4.98046875
3236,5,3,51,4.98046875
4107,3,9,51,4.98046875
3696,4,2,51,4.98046875
1662,3,5,51,4.98046875
6505,4,2,51,4.98046875
3653,8,9,51,4.98046875
1786,1,9,51,4.98046875
3703,6,3,51,4.98046875
3983,7,9,51,4.98046875
6595,2,0,51,4.98046875
2426,2,0,52,5.078125
1402,7,5,52,5.078125
898,3,7,52,5.078125
5400,9,0,52,5.078125
6689,8,7,52,5.078125
1191,1,9,52,5.078125
121,3,7,52,5.078125
134,1,9,52,5.078125
4990,7,5,52,5.078125
6108,4,7,52,5.078125
7164,0,8,52,5.078125
1613,8,5,52,5.078125
1621,1,9,52,5.078125
2619,7,3,53,5.17578125
8454,2,7,53,5.17578125
9019,9,0,53,5.17578125
2167,7,5,53,5.17578125
7391,4,2,53,5.17578125
4285,1,9,53,5.17578125
1872,5,3,53,5.17578125
895,1,9,53,5.17578125
9763,1,9,53,5.17578125
2051,5,3,53,5.17578125
2404,0,9,53,5.17578125
1287,9,0,53,5.17578125
5594,9,0,53,5.17578125
8372,1,8,53,5.17578125
4470,0,9,53,5.17578125
9185,1,9,53,5.17578125
7342,7,3,53,5.17578125
1828,7,9,53,5.17578125
2761,7,9,53,5.17578125
1973,0,2,53,5.17578125
2072,6,2,53,5.17578125
6123,6,9,54,5.2734375
9176,8,4,54,5.2734375
4066,6,2,54,5.2734375
7895,4,6,54,5.2734375
738,1,9,54,5.2734375
8344,7,5,54,5.2734375
8732,8,9,54,5.2734375
5125,1,9,54,5.2734375
8933,6,3,54,5.2734375
5386,1,9,54,5.2734375
30,6,2,54,5.2734375
3507,4,2,54,5.2734375
7329,1,9,54,5.2734375
9421,1,9,54,5.2734375
4282,3,2,54,5.2734375
3695,8,0,54,5.2734375
9852,0,8,54,5.2734375
1407,8,1,54,5.2734375
2923,3,7,54,5.2734375
9758,6,9,54,5.2734375
7580,8,0,54,5.2734375
4869,8,0,54,5.2734375
491,0,8,54,5.2734375
4496,8,0,54,5.2734375
3012,1,9,54,5.2734375
6960,9,0,55,5.37109375
7889,1,9,55,5.37109375
4040,0,8,55,5.37109375
7685,9,0,55,5.37109375
8468,6,4,55,5.37109375
8334,6,4,55,5.37109375
1663,6,2,55,5.37109375
9681,2,3,55,5.37109375
4712,4,3,55,5.37109375
5729,8,9,55,5.37109375
5446,6,9,55,5.37109375
6398,6,5,55,5.37109375
5456,1,9,55,5.37109375
4318,1,9,55,5.37109375
1976,5,3,55,5.37109375
1395,3,6,55,5.37109375
132,8,9,55,5.37109375
8818,3,9,55,5.37109375
9065,0,8,55,5.37109375
5847,8,0,55,5.37109375
4038,0,9,55,5.37109375
1760,0,8,55,5.37109375
8172,5,3,55,5.37109375
8435,3,9,55,5.37109375
4991,0,8,55,5.37109375
7363,1,9,55,5.37109375
99,7,3,55,5.37109375
2580,6,3,55,5.37109375
9313,7,4,55,5.37109375
2238,1,9,55,5.37109375
7211,3,9,55,5.37109375
4248,3,6,55,5.37109375
3376,5,3,56,5.46875
3235,5,3,56,5.46875
2536,5,3,56,5.46875
8403,6,2,56,5.46875
9296,8,1,56,5.46875
5499,6,2,56,5.46875
4564,4,2,56,5.46875
2081,3,6,56,5.46875
3539,3,9,56,5.46875
3656,2,3,56,5.46875
7331,5,3,56,5.46875
4265,6,1,56,5.46875
3042,8,3,56,5.46875
7390,6,9,56,5.46875
7967,9,5,57,5.56640625
6906,1,9,57,5.56640625
7093,2,4,57,5.56640625
640,5,3,57,5.56640625
9762,6,4,57,5.56640625
5938,9,0,57,5.56640625
8448,4,2,57,5.56640625
8170,5,3,57,5.56640625
7907,6,3,57,5.56640625
3532,5,3,57,5.56640625
3149,1,9,57,5.56640625
7304,2,5,57,5.56640625
409,2,3,57,5.56640625
6957,6,2,57,5.56640625
5804,0,9,57,5.56640625
9403,9,7,57,5.56640625
2700,9,0,57,5.56640625
6803,6,3,57,5.56640625
8074,7,9,57,5.56640625
7566,9,7,57,5.56640625
9578,3,4,57,5.56640625
5598,1,9,57,5.56640625
590,6,3,57,5.56640625
8742,9,0,57,5.56640625
9804,5,3,57,5.56640625
8992,5,3,57,5.56640625
6999,8,0,57,5.56640625
972,2,3,57,5.56640625
4290,2,3,57,5.56640625
9407,6,9,57,5.56640625
3519,8,6,57,5.56640625
1084,5,3,57,5.56640625
9334,7,9,57,5.56640625
7399,3,6,58,5.6640625
1144,1,9,58,5.6640625
283,1,9,58,5.6640625
1284,8,5,58,5.6640625
5557,4,5,58,5.6640625
1405,1,9,58,5.6640625
6800,6,2,58,5.6640625
7615,5,3,58,5.6640625
697,2,3,58,5.6640625
2014,8,0,58,5.6640625
7141,5,3,58,5.6640625
4358,5,3,58,5.6640625
8280,4,3,58,5.6640625
8613,6,9,58,5.6640625
8611,7,3,58,5.6640625
2520,1,9,58,5.6640625
5229,5,3,58,5.6640625
6268,5,3,59,5.76171875
4321,5,3,59,5.76171875
7285,1,9,59,5.76171875
4118,0,2,59,5.76171875
8300,5,4,59,5.76171875
6286,8,9,59,5.76171875
7695,8,0,59,5.76171875
4636,8,1,59,5.76171875
7097,7,3,59,5.76171875
307,2,3,59,5.76171875
4954,1,9,59,5.76171875
7133,1,9,59,5.76171875
2023,5,3,59,5.76171875
2584,6,2,59,5.76171875
7263,5,3,59,5.76171875
4451,2,3,59,5.76171875
148,5,3,59,5.76171875
5329,4,8,59,5.76171875
173,8,0,59,5.76171875
2491,9,0,59,5.76171875
3138,8,9,59,5.76171875
1916,9,5,59,5.76171875
4390,5,3,59,5.76171875
8350,9,7,59,5.76171875
5047,5,3,59,5.76171875
5002,8,0,59,5.76171875
3018,5,4,59,5.76171875
8223,8,0,59,5.76171875
654,9,7,59,5.76171875
2954,9,1,59,5.76171875
2711,5,3,59,5.76171875
694,8,0,59,5.76171875
7926,5,3,59,5.76171875
5020,8,1,59,5.76171875
256,3,6,60,5.859375
1795,6,2,60,5.859375
6612,7,5,60,5.859375
5631,6,3,60,5.859375
5984,5,3,60,5.859375
1296,7,0,60,5.859375
8432,5,3,60,5.859375
3064,1,9,60,5.859375
7369,5,3,60,5.859375
7625,7,0,60,5.859375
617,6,3,60,5.859375
8227,7,9,60,5.859375
2100,2,3,60,5.859375
9584,3,6,60,5.859375
2626,7,9,60,5.859375
9527,6,3,60,5.859375
1401,4,2,60,5.859375
3797,6,3,60,5.859375
3449,1,9,60,5.859375
8390,1,9,60,5.859375
1279,8,9,61,5.95703125
4638,6,2,61,5.95703125
5840,2,3,61,5.95703125
230,5,3,61,5.95703125
7771,2,1,61,5.95703125
3041,4,7,61,5.95703125
3948,1,9,61,5.95703125
9049,6,2,61,5.95703125
1806,1,9,61,5.95703125
9394,5,3,61,5.95703125
9002,6,3,61,5.95703125
7219,7,4,61,5.95703125
7847,7,4,61,5.95703125
3325,6,5,61,5.95703125
6809,6,2,61,5.95703125
8004,7,3,61,5.95703125
1703,5,3,61,5.95703125
2845,5,4,61,5.95703125
1398,7,2,61,5.95703125
1816,7,3,61,5.95703125
6706,6,3,61,5.95703125
5005,5,3,61,5.95703125
417,7,8,61,5.95703125
3518,5,3,61,5.95703125
6442,6,4,61,5.95703125
8134,6,4,61,5.95703125
7159,6,4,61,5.95703125
3552,8,0,61,5.95703125
907,6,2,61,5.95703125
1698,5,3,61,5.95703125
7791,6,2,61,5.95703125
5907,5,3,61,5.95703125
7476,5,3,62,6.0546875
8645,1,9,62,6.0546875
2797,6,5,62,6.0546875
2827,5,3,62,6.0546875
7199,1,9,62,6.0546875
4161,6,2,62,6.0546875
9098,5,3,62,6.0546875
8283,1,9,62,6.0546875
736,1,9,62,6.0546875
3201,6,5,62,6.0546875
976,6,3,62,6.0546875
4879,6,4,62,6.0546875
714,4,3,62,6.0546875
2378,1,4,62,6.0546875
4077,3,5,62,6.0546875
8002,6,3,62,6.0546875
6972,1,9,62,6.0546875
4119,6,3,62,6.0546875
3767,6,4,62,6.0546875
1283,5,3,62,6.0546875
6667,7,9,62,6.0546875
3817,8,0,62,6.0546875
2121,6,9,62,6.0546875
2515,2,3,62,6.0546875
6287,5,3,62,6.0546875
8824,3,0,62,6.0546875
1972,6,2,62,6.0546875
5443,6,4,62,6.0546875
593,6,4,62,6.0546875
6150,1,9,62,6.0546875
22,4,0,62,6.0546875
3666,5,3,62,6.0546875
1117,5,3,62,6.0546875
6931,5,7,62,6.0546875
4907,5,3,62,6.0546875
1982,6,2,62,6.0546875
9325,6,5,62,6.0546875
508,9,6,63,6.15234375
5434,6,3,63,6.15234375
6651,6,4,63,6.15234375
5517,1,9,63,6.15234375
3933,6,2,63,6.15234375
6399,1,9,63,6.15234375
9734,4,7,63,6.15234375
7595,1,9,63,6.15234375
8959,1,9,63,6.15234375
2474,6,2,63,6.15234375
2733,3,6,63,6.15234375
1992,6,3,63,6.15234375
5208,4,2,63,6.15234375
5472,1,9,63,6.15234375
3380,8,9,63,6.15234375
6675,2,0,63,6.15234375
4369,2,3,63,6.15234375
2643,3,6,63,6.15234375
9142,3,6,63,6.15234375
6645,6,2,63,6.15234375
4721,1,9,63,6.15234375
726,1,9,63,6.15234375
9670,1,9,63,6.15234375
529,6,2,63,6.15234375
7591,6,4,63,6.15234375
616,6,2,63,6.15234375
3892,5,3,63,6.15234375
1515,2,3,64,6.25
1452,6,3,64,6.25
6096,2,0,64,6.25
2555,7,9,64,6.25
4354,7,0,64,6.25
6524,8,0,64,6.25
975,0,9,64,6.25
2589,0,2,64,6.25
1975,6,3,64,6.25
7858,2,0,64,6.25
8249,1,9,64,6.25
3304,2,7,64,6.25
305,1,9,64,6.25
322,2,3,64,6.25
6894,6,2,64,6.25
9633,0,9,64,6.25
6593,2,3,64,6.25
6619,0,9,64,6.25
4796,9,7,64,6.25
5545,6,3,64,6.25
9488,6,3,64,6.25
6368,7,9,64,6.25
3212,6,2,64,6.25
7677,6,2,64,6.25
6623,0,9,64,6.25
6884,0,9,64,6.25
4665,3,2,64,6.25
3694,2,0,64,6.25
4799,1,9,64,6.25
5783,1,9,64,6.25
5312,5,3,64,6.25
1174,1,9,64,6.25
6282,6,4,64,6.25
7229,2,3,64,6.25
3117,0,9,64,6.25
7648,0,9,64,6.25
3951,1,9,64,6.25
8982,2,0,64,6.25
7662,5,3,65,6.34765625
2814,1,9,65,6.34765625
5533,2,0,65,6.34765625
6552,1,9,65,6.34765625
1202,2,3,65,6.34765625
8297,1,9,65,6.34765625
7583,1,9,65,6.34765625
2284,8,0,65,6.34765625
8057,9,0,65,6.34765625
5017,7,9,65,6.34765625
731,2,8,65,6.34765625
8260,1,9,65,6.34765625
8621,1,9,65,6.34765625
7511,0,2,65,6.34765625
8859,2,4,65,6.34765625
3619,1,9,65,6.34765625
3544,1,9,65,6.34765625
5481,7,3,65,6.34765625
2152,7,9,65,6.34765625
7602,2,6,65,6.34765625
2203,6,2,65,6.34765625
1307,2,0,65,6.34765625
5476,6,4,65,6.34765625
5051,1,9,65,6.34765625
4891,6,1,65,6.34765625
8721,6,3,65,6.34765625
8493,2,3,65,6.34765625
5110,8,0,65,6.34765625
7612,7,9,65,6.34765625
9728,2,3,65,6.34765625
9344,2,3,65,6.34765625
8241,3,5,65,6.34765625
1058,6,3,65,6.34765625
4217,0,8,65,6.34765625
4622,2,4,65,6.34765625
7759,1,9,65,6.34765625
37,1,9,65,6.34765625
3150,1,9,65,6.34765625
4850,1,9,65,6.34765625
8799,1,9,65,6.34765625
4753,2,3,65,6.34765625
1768,2,0,66,6.4453125
7055,8,4,66,6.4453125
5362,2,4,66,6.4453125
1502,2,3,66,6.4453125
4858,2,0,66,6.4453125
899,5,3,66,6.4453125
6164,7,4,66,6.4453125
477,0,9,66,6.4453125
6394,0,9,66,6.4453125
6007,6,2,66,6.4453125
7681,0,9,66,6.4453125
659,1,9,66,6.4453125
7069,0,9,66,6.4453125
7981,5,4,66,6.4453125
1054,1,9,66,6.4453125
7460,5,3,66,6.4453125
6061,0,9,66,6.4453125
4232,5,3,66,6.4453125
5278,0,2,66,6.4453125
5082,6,3,66,6.4453125
834,5,4,66,6.4453125
5224,0,9,66,6.4453125
1670,6,4,66,6.4453125
8970,0,9,66,6.4453125
4580,6,2,66,6.4453125
8722,7,5,66,6.4453125
1568,0,9,66,6.4453125
9688,2,3,66,6.4453125
7191,7,9,67,6.54296875
8028,1,9,67,6.54296875
249,2,3,67,6.54296875
6135,3,2,67,6.54296875
7023,2,0,67,6.54296875
2295,8,0,67,6.54296875
2899,9,5,67,6.54296875
4523,4,2,67,6.54296875
6850,6,4,67,6.54296875
1508,8,0,67,6.54296875
4973,1,9,67,6.54296875
8765,2,4,67,6.54296875
1883,3,6,67,6.54296875
5805,1,9,67,6.54296875
5483,1,9,67,6.54296875
5012,6,4,68,6.640625
6445,1,9,68,6.640625
3988,1,9,68,6.640625
2007,8,1,68,6.640625
3460,1,9,68,6.640625
8922,9,7,68,6.640625
9663,1,9,68,6.640625
7475,3,5,68,6.640625
9520,1,9,68,6.640625
1669,6,4,68,6.640625
7427,2,4,68,6.640625
4427,2,3,68,6.640625
7928,2,3,68,6.640625
2345,1,9,68,6.640625
2616,1,9,68,6.640625
2841,2,6,68,6.640625
1187,1,9,68,6.640625
6373,6,9,69,6.73828125
775,2,6,69,6.73828125
8506,9,0,69,6.73828125
4207,1,8,69,6.73828125
8444,5,3,69,6.73828125
1583,1,3,69,6.73828125
7050,8,0,69,6.73828125
5373,2,1,69,6.73828125
9239,8,9,69,6.73828125
9942,7,9,69,6.73828125
7090,2,4,69,6.73828125
9797,1,9,69,6.73828125
9350,6,3,69,6.73828125
8534,6,4,70,6.8359375
535,6,2,70,6.8359375
1035,6,2,70,6.8359375
9625,2,0,70,6.8359375
4855,1,9,70,6.8359375
3142,5,3,70,6.8359375
9848,2,0,70,6.8359375
2115,5,3,70,6.8359375
3270,8,0,70,6.8359375
2396,1,9,70,6.8359375
931,2,3,70,6.8359375
6341,2,0,70,6.8359375
2598,3,2,70,6.8359375
4359,2,0,70,6.8359375
6420,7,3,70,6.8359375
7673,5,3,70,6.8359375
3421,0,7,70,6.8359375
1190,1,9,70,6.8359375
5673,5,3,70,6.8359375
9888,0,2,70,6.8359375
2902,9,8,71,6.93359375
9515,0,7,71,6.93359375
3904,1,9,71,6.93359375
7728,1,9,71,6.93359375
6767,1,9,71,6.93359375
1017,6,2,71,6.93359375
6397,5,3,71,6.93359375
4966,5,3,71,6.93359375
7998,2,3,71,6.93359375
6629,0,8,71,6.93359375
5786,4,2,71,6.93359375
9977,5,3,71,6.93359375
4179,6,2,71,6.93359375
464,3,4,71,6.93359375
6764,5,3,71,6.93359375
5715,6,3,71,6.93359375
4074,2,0,71,6.93359375
233,8,1,71,6.93359375
9069,9,2,71,6.93359375
5099,2,0,71,6.93359375
6189,2,0,71,6.93359375
4667,0,8,71,6.93359375
8070,5,3,71,6.93359375
8785,8,9,71,6.93359375
6934,6,2,71,6.93359375
1835,0,3,71,6.93359375
3612,1,8,71,6.93359375
936,2,3,72,7.03125
1737,6,7,72,7.03125
5453,2,0,72,7.03125
2301,2,3,72,7.03125
9556,6,4,72,7.03125
9712,5,3,72,7.03125
8341,6,3,72,7.03125
843,2,6,72,7.03125
5828,5,3,72,7.03125
1758,2,4,72,7.03125
4766,1,9,72,7.03125
8715,2,0,72,7.03125
345,5,3,72,7.03125
5911,6,2,72,7.03125
4157,2,0,72,7.03125
2416,6,9,72,7.03125
8072,3,5,72,7.03125
8034,9,0,72,7.03125
7874,6,4,72,7.03125
863,3,5,72,7.03125
8290,8,0,72,7.03125
8427,2,0,72,7.03125
300,6,2,72,7.03125
6925,2,0,72,7.03125
4145,8,0,72,7.03125
4136,2,0,72,7.03125
7056,2,0,72,7.03125
4231,2,0,72,7.03125
1140,6,5,72,7.03125
9532,8,9,72,7.03125
4452,2,1,73,7.12890625
3011,3,9,73,7.12890625
629,1,9,73,7.12890625
7731,1,9,73,7.12890625
6195,1,9,73,7.12890625
9110,1,9,73,7.12890625
3165,1,9,73,7.12890625
7993,2,0,73,7.12890625
7151,1,9,73,7.12890625
6581,1,9,73,7.12890625
1944,4,7,73,7.12890625
2942,5,3,73,7.12890625
5166,9,5,73,7.12890625
6643,1,9,73,7.12890625
7924,3,2,73,7.12890625
5274,2,3,73,7.12890625
1005,1,9,73,7.12890625
7812,2,4,73,7.12890625
2906,1,9,73,7.12890625
6715,2,0,73,7.12890625
5724,5,3,73,7.12890625
1870,2,0,73,7.12890625
8190,4,5,73,7.12890625
8674,1,9,73,7.12890625
1374,2,0,73,7.12890625
5368,3,4,73,7.12890625
7964,1,9,73,7.12890625
2055,5,3,73,7.12890625
3579,1,9,74,7.2265625
9955,8,9,74,7.2265625
9661,5,3,74,7.2265625
25,2,6,74,7.2265625
4764,5,2,74,7.2265625
342,2,0,74,7.2265625
996,8,0,74,7.2265625
2451,8,9,74,7.2265625
6113,2,3,75,7.32421875
7765,8,0,75,7.32421875
3385,8,9,75,7.32421875
865,1,9,75,7.32421875
330,1,9,75,7.32421875
2185,0,9,75,7.32421875
5442,2,8,75,7.32421875
6228,4,7,75,7.32421875
2339,2,4,75,7.32421875
5891,0,2,75,7.32421875
7129,1,9,75,7.32421875
692,2,0,75,7.32421875
7333,6,2,76,7.421875
7849,2,0,76,7.421875
7687,6,4,76,7.421875
7242,7,2,76,7.421875
6474,8,0,76,7.421875
5339,0,9,76,7.421875
2924,1,9,76,7.421875
873,2,0,76,7.421875
1110,2,0,76,7.421875
353,2,0,76,7.421875
3910,4,2,76,7.421875
2684,3,5,76,7.421875
6773,2,6,76,7.421875
8395,1,9,76,7.421875
753,1,9,76,7.421875
6711,5,3,77,7.51953125
4739,6,4,77,7.51953125
7974,6,4,77,7.51953125
6065,5,4,77,7.51953125
6346,8,0,77,7.51953125
3379,5,3,77,7.51953125
5089,6,4,77,7.51953125
9480,2,4,77,7.51953125
7294,5,4,77,7.51953125
2073,2,4,77,7.51953125
8149,9,0,77,7.51953125
9322,2,3,77,7.51953125
101,5,4,77,7.51953125
9895,4,7,77,7.51953125
4142,8,0,77,7.51953125
2244,9,3,77,7.51953125
6473,9,7,78,7.6171875
2408,2,3,78,7.6171875
1948,5,3,78,7.6171875
8044,9,7,78,7.6171875
4908,6,9,78,7.6171875
8991,0,9,78,7.6171875
836,1,9,78,7.6171875
5820,5,3,78,7.6171875
76,9,7,78,7.6171875
7428,0,9,78,7.6171875
5046,5,8,78,7.6171875
4098,9,0,78,7.6171875
9175,8,0,79,7.71484375
6232,2,6,79,7.71484375
1590,4,0,79,7.71484375
5697,1,9,79,7.71484375
9893,2,6,79,7.71484375
4221,2,0,79,7.71484375
9309,5,3,79,7.71484375
7985,5,3,79,7.71484375
6224,5,3,79,7.71484375
4947,5,6,79,7.71484375
4214,7,4,79,7.71484375
2372,5,3,79,7.71484375
2033,2,4,79,7.71484375
2955,2,3,79,7.71484375
1156,1,0,80,7.8125
3620,0,9,80,7.8125
967,9,0,80,7.8125
9978,7,4,80,7.8125
1332,1,9,80,7.8125
1236,7,3,80,7.8125
7227,7,3,80,7.8125
5741,1,0,80,7.8125
8830,9,7,80,7.8125
1303,4,6,80,7.8125
2228,7,4,80,7.8125
1121,3,4,80,7.8125
6576,7,2,80,7.8125
1444,1,9,80,7.8125
3970,9,4,80,7.8125
8876,0,9,80,7.8125
2578,8,0,81,7.91015625
9229,1,2,81,7.91015625
4475,1,0,81,7.91015625
9986,8,0,81,7.91015625
4301,6,4,81,7.91015625
2147,7,4,81,7.91015625
3333,2,4,81,7.91015625
435,7,4,81,7.91015625
6727,6,7,81,7.91015625
4881,8,9,81,7.91015625
2723,2,4,81,7.91015625
4353,6,5,81,7.91015625
9882,1,9,82,8.0078125
9014,7,3,82,8.0078125
6830,1,9,82,8.0078125
7106,8,1,82,8.0078125
2594,0,9,82,8.0078125
9830,1,9,82,8.0078125
4658,1,9,82,8.0078125
9106,6,4,82,8.0078125
5875,1,9,82,8.0078125
3143,3,4,82,8.0078125
8508,1,9,82,8.0078125
7626,1,8,82,8.0078125
1340,1,9,82,8.0078125
8494,1,2,82,8.0078125
2889,7,3,82,8.0078125
6166,1,0,82,8.0078125
5334,6,4,82,8.0078125
5726,1,9,82,8.0078125
2125,1,9,82,8.0078125
8504,1,9,82,8.0078125
5955,5,2,82,8.0078125
6968,8,0,82,8.0078125
2288,5,6,82,8.0078125
4032,3,7,82,8.0078125
8670,9,4,82,8.0078125
1141,1,9,82,8.0078125
4980,1,9,82,8.0078125
1014,3,4,82,8.0078125
2620,1,9,82,8.0078125
4664,7,5,82,8.0078125
4206,1,9,82,8.0078125
9764,2,8,82,8.0078125
7260,1,9,82,8.0078125
8954,2,4,82,8.0078125
9054,8,0,82,8.0078125
6659,1,9,82,8.0078125
3549,1,9,82,8.0078125
6998,8,1,82,8.0078125
3969,2,1,83,8.10546875
2773,1,3,83,8.10546875
4970,2,6,83,8.10546875
8579,1,9,83,8.10546875
8371,2,1,83,8.10546875
1108,2,3,83,8.10546875
387,2,4,83,8.10546875
3263,1,9,83,8.10546875
3174,2,3,83,8.10546875
8055,2,6,83,8.10546875
6530,3,5,83,8.10546875
2144,3,0,83,8.10546875
9459,0,3,83,8.10546875
7749,1,9,83,8.10546875
5307,1,9,83,8.10546875
2986,1,8,83,8.10546875
8941,0,3,83,8.10546875
184,3,5,83,8.10546875
6905,2,4,83,8.10546875
2443,2,0,83,8.10546875
424,2,4,83,8.10546875
396,2,4,83,8.10546875
5185,3,2,83,8.10546875
932,3,1,83,8.10546875
7091,6,3,83,8.10546875
9226,3,4,83,8.10546875
7660,7,4,83,8.10546875
2516,2,3,83,8.10546875
2114,2,3,83,8.10546875
2085,0,2,83,8.10546875
3917,7,5,83,8.10546875
9160,5,3,83,8.10546875
5811,7,5,83,8.10546875
6838,1,9,83,8.10546875
8391,1,9,84,8.203125
5532,3,4,84,8.203125
8201,3,7,84,8.203125
8274,6,1,84,8.203125
6714,1,9,84,8.203125
6169,5,3,84,8.203125
7745,7,3,84,8.203125
4170,1,8,84,8.203125
3891,1,9,84,8.203125
5867,5,3,84,8.203125
579,5,2,84,8.203125
6555,1,9,84,8.203125
8552,6,9,84,8.203125
6701,1,9,85,8.30078125
9097,0,3,85,8.30078125
7225,1,9,85,8.30078125
9903,6,7,85,8.30078125
338,0,2,85,8.30078125
1158,1,9,85,8.30078125
6345,3,4,85,8.30078125
906,1,9,85,8.30078125
5509,7,2,85,8.30078125
8333,1,2,85,8.30078125
4222,8,0,85,8.30078125
3844,2,4,85,8.30078125
6469,9,8,85,8.30078125
2642,7,3,85,8.30078125
2587,0,9,85,8.30078125
3838,1,9,85,8.30078125
5553,5,3,85,8.30078125
8143,9,3,85,8.30078125
8628,7,3,85,8.30078125
5825,3,5,85,8.30078125
4707,7,4,85,8.30078125
7634,1,9,85,8.30078125
4752,1,9,85,8.30078125
2234,7,4,85,8.30078125
1751,1,9,85,8.30078125
8449,1,9,85,8.30078125
2369,1,9,85,8.30078125
6090,1,9,85,8.30078125
9351,1,9,85,8.30078125
2522,1,9,85,8.30078125
7862,1,9,85,8.30078125
3454,2,0,85,8.30078125
9494,9,0,86,8.3984375
8037,1,9,86,8.3984375
1464,1,9,86,8.3984375
7819,1,9,86,8.3984375
4941,6,3,86,8.3984375
6566,1,9,86,8.3984375
4201,1,9,86,8.3984375
9906,1,9,86,8.3984375
5343,3,2,86,8.3984375
6563,6,3,86,8.3984375
9317,6,4,86,8.3984375
2852,2,0,86,8.3984375
4164,1,9,86,8.3984375
9526,9,0,86,8.3984375
894,1,9,86,8.3984375
9970,2,4,86,8.3984375
6898,3,5,86,8.3984375
1081,6,2,86,8.3984375
5507,6,2,86,8.3984375
2332,2,0,87,8.49609375
6076,7,9,87,8.49609375
8549,1,9,87,8.49609375
4388,2,0,87,8.49609375
4215,1,9,87,8.49609375
9230,2,4,87,8.49609375
4434,2,0,87,8.49609375
8519,7,4,87,8.49609375
3801,2,0,87,8.49609375
1168,3,0,87,8.49609375
5156,5,3,87,8.49609375
4129,1,9,87,8.49609375
8593,1,9,87,8.49609375
624,7,4,87,8.49609375
4483,2,0,87,8.49609375
8934,7,5,87,8.49609375
8755,6,3,87,8.49609375
5667,1,9,87,8.49609375
5854,4,8,88,8.59375
1384,9,4,88,8.59375
3312,9,5,88,8.59375
4325,6,2,88,8.59375
8035,1,9,88,8.59375
1575,2,4,88,8.59375
3133,9,7,88,8.59375
4482,6,7,88,8.59375
3743,3,9,88,8.59375
7170,9,0,88,8.59375
6742,1,9,88,8.59375
8582,6,4,88,8.59375
8282,1,9,88,8.59375
1326,6,4,88,8.59375
2950,1,9,88,8.59375
6897,9,1,89,8.69140625
5914,1,9,89,8.69140625
5851,1,9,89,8.69140625
8261,1,9,89,8.69140625
1061,1,9,89,8.69140625
2334,1,9,89,8.69140625
594,1,9,89,8.69140625
3635,4,7,89,8.69140625
6263,2,0,89,8.69140625
2647,1,9,89,8.69140625
9974,1,9,89,8.69140625
5461,0,1,89,8.69140625
1642,5,4,89,8.69140625
2246,9,7,89,8.69140625
4167,0,9,89,8.69140625
5660,9,3,89,8.69140625
3772,1,9,89,8.69140625
513,1,9,89,8.69140625
1463,0,2,89,8.69140625
8032,1,9,89,8.69140625
1614,1,9,89,8.69140625
6086,1,9,89,8.69140625
7522,9,7,89,8.69140625
2393,1,9,89,8.69140625
1001,0,9,89,8.69140625
563,2,4,89,8.69140625
5171,2,0,89,8.69140625
9162,1,9,89,8.69140625
7130,6,2,89,8.69140625
3863,2,0,89,8.69140625
9909,1,9,89,8.69140625
4001,2,0,89,8.69140625
968,1,9,89,8.69140625
337,8,9,89,8.69140625
4466,1,9,89,8.69140625
6033,2,4,89,8.69140625
1098,1,9,89,8.69140625
1509,1,9,89,8.69140625
5711,6,3,89,8.69140625
8768,2,3,89,8.69140625
8238,1,9,89,8.69140625
3879,7,4,89,8.69140625
6841,1,9,89,8.69140625
1942,2,3,89,8.69140625
402,7,4,89,8.69140625
8029,7,4,89,8.69140625
2169,8,0,89,8.69140625
7840,1,3,90,8.7890625
3852,2,0,90,8.7890625
8005,1,9,90,8.7890625
9569,6,3,90,8.7890625
3575,3,7,90,8.7890625
1513,6,3,90,8.7890625
4337,1,3,90,8.7890625
9179,1,9,90,8.7890625
9510,1,9,90,8.7890625
5675,7,4,90,8.7890625
9339,1,8,90,8.7890625
8910,1,9,90,8.7890625
7903,1,9,90,8.7890625
5214,1,9,90,8.7890625
7131,6,9,90,8.7890625
1521,7,4,90,8.7890625
4245,1,9,90,8.7890625
8857,0,9,90,8.7890625
2675,2,5,90,8.7890625
7604,1,9,90,8.7890625
2224,1,9,90,8.7890625
5422,1,8,91,8.88671875
4381,7,4,91,8.88671875
152,6,3,91,8.88671875
6916,4,3,91,8.88671875
5304,7,4,91,8.88671875
1500,1,9,91,8.88671875
5246,7,4,91,8.88671875
9214,9,7,91,8.88671875
2087,0,3,91,8.88671875
8137,8,0,91,8.88671875
8660,7,3,91,8.88671875
7599,8,3,91,8.88671875
4083,8,9,91,8.88671875
3425,0,9,91,8.88671875
7506,4,2,91,8.88671875
4059,1,9,91,8.88671875
3604,2,0,92,8.984375
8584,1,9,92,8.984375
5599,2,8,92,8.984375
2934,6,5,92,8.984375
4819,5,3,92,8.984375
357,2,0,92,8.984375
3678,1,9,92,8.984375
4378,1,8,92,8.984375
3976,1,9,92,8.984375
479,4,5,92,8.984375
5799,1,9,92,8.984375
2666,6,3,92,8.984375
361,5,3,92,8.984375
81,1,9,92,8.984375
6301,1,9,92,8.984375
2280,4,0,92,8.984375
1863,5,9,92,8.984375
1229,1,9,92,8.984375
6798,8,0,93,9.08203125
9941,1,9,93,9.08203125
8938,1,9,93,9.08203125
2274,1,9,93,9.08203125
6468,8,1,93,9.08203125
3418,1,9,93,9.08203125
2929,1,9,93,9.08203125
4228,0,9,93,9.08203125
1242,8,1,93,9.08203125
458,4,2,93,9.08203125
9329,7,4,93,9.08203125
6231,8,9,93,9.08203125
1860,8,9,93,9.08203125
469,8,3,93,9.08203125
6765,8,1,93,9.08203125
8301,5,3,93,9.08203125
4333,7,3,93,9.08203125
7523,0,3,93,9.08203125
8569,6,4,93,9.08203125
6315,6,4,93,9.08203125
5842,7,3,93,9.08203125
4676,7,3,93,9.08203125
7722,7,5,93,9.08203125
2759,3,2,93,9.08203125
1083,2,3,93,9.08203125
6988,4,2,93,9.08203125
5230,8,1,94,9.1796875
1267,4,7,94,9.1796875
6372,1,9,94,9.1796875
7727,6,4,94,9.1796875
6426,1,9,94,9.1796875
7963,7,4,94,9.1796875
3819,3,5,94,9.1796875
7236,1,9,94,9.1796875
539,0,1,94,9.1796875
2534,9,8,94,9.1796875
1514,0,9,94,9.1796875
6493,1,9,94,9.1796875
8520,8,5,94,9.1796875
5624,1,9,94,9.1796875
8868,4,2,94,9.1796875
8021,1,9,94,9.1796875
3668,2,4,94,9.1796875
3033,1,9,94,9.1796875
3390,3,5,94,9.1796875
5201,1,9,94,9.1796875
6472,1,9,94,9.1796875
9113,1,9,94,9.1796875
8489,1,9,94,9.1796875
9935,1,9,94,9.1796875
8823,4,7,94,9.1796875
165,4,7,94,9.1796875
9245,1,9,94,9.1796875
6384,7,4,94,9.1796875
648,4,7,94,9.1796875
2987,1,9,94,9.1796875
3527,1,9,94,9.1796875
2042,1,9,94,9.1796875
7663,2,8,95,9.27734375
412,3,4,95,9.27734375
8278,8,0,95,9.27734375
2236,5,1,95,9.27734375
6981,2,6,95,9.27734375
8248,1,0,95,9.27734375
947,1,9,95,9.27734375
4838,1,9,95,9.27734375
340,2,4,95,9.27734375
3723,1,9,95,9.27734375
2823,3,4,95,9.27734375
369,1,9,95,9.27734375
1556,8,4,95,9.27734375
3477,6,3,95,9.27734375
8431,8,0,95,9.27734375
9880,7,4,95,9.27734375
9932,8,4,95,9.27734375
6312,2,8,95,9.27734375
7717,3,4,96,9.375
2701,1,9,96,9.375
7232,9,1,96,9.375
416,0,9,96,9.375
4526,3,5,96,9.375
619,1,9,96,9.375
5269,5,3,96,9.375
2706,3,7,96,9.375
8882,3,7,96,9.375
6298,3,4,96,9.375
7413,1,9,96,9.375
7001,1,9,96,9.375
1923,1,9,96,9.375
3239,1,9,96,9.375
1048,1,9,96,9.375
5686,6,4,96,9.375
5160,0,9,96,9.375
2928,1,9,96,9.375
3647,1,9,96,9.375
1964,3,5,96,9.375
2890,5,3,96,9.375
4845,3,4,96,9.375
2641,4,2,96,9.375
9453,3,4,96,9.375
597,3,7,96,9.375
1947,3,1,96,9.375
3602,3,4,96,9.375
7585,6,3,96,9.375
6159,1,9,96,9.375
2477,1,9,96,9.375
7374,3,7,96,9.375
5771,2,6,97,9.47265625
8253,2,0,97,9.47265625
3326,4,2,97,9.47265625
1637,5,3,97,9.47265625
1770,7,4,97,9.47265625
2775,3,4,97,9.47265625
5351,7,2,97,9.47265625
2235,2,4,97,9.47265625
8458,5,3,97,9.47265625
9410,5,3,97,9.47265625
4250,1,6,97,9.47265625
1234,1,9,97,9.47265625
6951,9,3,97,9.47265625
1997,9,0,97,9.47265625
9591,1,9,97,9.47265625
8194,1,9,97,9.47265625
3961,8,9,97,9.47265625
7894,1,9,97,9.47265625
3169,9,7,97,9.47265625
9289,5,3,97,9.47265625
6526,8,9,97,9.47265625
9589,5,3,97,9.47265625
3430,8,0,97,9.47265625
6858,1,9,97,9.47265625
6652,2,4,97,9.47265625
9813,1,9,97,9.47265625
5033,3,5,97,9.47265625
8383,2,4,97,9.47265625
9,1,9,97,9.47265625
3913,7,4,97,9.47265625
949,8,1,97,9.47265625
2206,1,9,97,9.47265625
5063,9,0,97,9.47265625
5355,8,0,97,9.47265625
2428,6,5,97,9.47265625
1650,5,3,97,9.47265625
4747,5,3,97,9.47265625
4597,9,3,97,9.47265625
7510,8,4,98,9.5703125
3763,8,0,98,9.5703125
3869,8,0,98,9.5703125
2,8,0,98,9.5703125
8892,8,0,98,9.5703125
6921,6,4,98,9.5703125
51,8,4,98,9.5703125
4438,2,4,98,9.5703125
6067,8,4,98,9.5703125
4124,8,9,98,9.5703125
3318,8,0,98,9.5703125
2725,8,0,98,9.5703125
8258,3,4,98,9.5703125
4068,8,4,98,9.5703125
8189,8,4,98,9.5703125
9240,8,0,98,9.5703125
985,8,0,98,9.5703125
6694,3,4,98,9.5703125
9560,9,8,98,9.5703125
7898,1,9,98,9.5703125
9192,2,4,98,9.5703125
1488,8,0,98,9.5703125
2736,8,9,98,9.5703125
4574,3,4,98,9.5703125
3803,8,0,98,9.5703125
823,8,0,98,9.5703125
6810,8,4,98,9.5703125
8311,8,0,98,9.5703125
8760,8,0,98,9.5703125
306,8,9,98,9.5703125
8329,8,0,98,9.5703125
3807,8,9,98,9.5703125
4568,8,4,98,9.5703125
5565,3,4,98,9.5703125
2374,8,0,98,9.5703125
2745,8,1,98,9.5703125
7447,8,4,98,9.5703125
5106,6,4,98,9.5703125
1557,8,0,98,9.5703125
3858,8,4,98,9.5703125
9280,9,0,98,9.5703125
6217,8,1,98,9.5703125
6489,8,0,98,9.5703125
5384,6,2,99,9.66796875
3330,7,8,99,9.66796875
6355,0,9,99,9.66796875
4327,1,9,99,9.66796875
6967,4,7,99,9.66796875
4629,7,4,99,9.66796875
7966,7,4,99,9.66796875
5644,7,4,99,9.66796875
5740,6,4,99,9.66796875
26,4,3,100,9.765625
2496,9,3,100,9.765625
303,2,8,100,9.765625
5597,3,4,100,9.765625
758,2,8,100,9.765625
8607,8,9,100,9.765625
7324,1,9,100,9.765625
8653,8,1,100,9.765625
5477,2,8,100,9.765625
466,4,7,100,9.765625
5566,1,9,100,9.765625
9432,1,9,100,9.765625
1774,5,3,101,9.86328125
5342,8,4,101,9.86328125
8697,5,3,101,9.86328125
29,6,2,101,9.86328125
6072,5,4,101,9.86328125
4864,3,7,101,9.86328125
8861,4,7,101,9.86328125
8138,1,9,101,9.86328125
64,6,2,101,9.86328125
5549,5,3,101,9.86328125
9279,8,4,101,9.86328125
5760,2,4,101,9.86328125
5371,7,5,101,9.86328125
7706,8,1,101,9.86328125
1123,3,5,101,9.86328125
9101,8,0,101,9.86328125
1366,8,1,101,9.86328125
9197,1,9,101,9.86328125
197,8,0,101,9.86328125
9428,7,0,101,9.86328125
4742,8,0,101,9.86328125
7793,8,0,101,9.86328125
8567,8,0,101,9.86328125
4769,8,9,101,9.86328125
3791,2,5,101,9.86328125
987,1,9,101,9.86328125
2512,2,6,101,9.86328125
9371,8,0,101,9.86328125
4492,8,0,101,9.86328125
9427,1,9,102,9.9609375
7487,1,9,102,9.9609375
4999,1,9,102,9.9609375
3191,0,8,102,9.9609375
2566,2,3,102,9.9609375
6027,3,4,102,9.9609375
9265,1,0,102,9.9609375
8527,1,9,102,9.9609375
7938,2,3,102,9.9609375
9477,5,3,103,10.05859375
8053,1,9,103,10.05859375
4579,6,5,103,10.05859375
7527,6,4,103,10.05859375
6478,7,5,103,10.05859375
2726,5,3,103,10.05859375
3077,1,9,103,10.05859375
534,6,2,103,10.05859375
446,5,3,103,10.05859375
7118,5,3,103,10.05859375
9184,7,4,103,10.05859375
1740,1,0,103,10.05859375
5217,1,9,103,10.05859375
6834,1,9,103,10.05859375
5480,1,9,103,10.05859375
8482,1,9,103,10.05859375
4269,0,4,103,10.05859375
5846,5,3,103,10.05859375
2154,5,3,103,10.05859375
9883,7,3,103,10.05859375
782,7,2,103,10.05859375
4465,6,2,103,10.05859375
2080,1,9,103,10.05859375
5390,1,9,103,10.05859375
6844,7,4,103,10.05859375
9259,7,4,103,10.05859375
1036,0,2,103,10.05859375
5756,4,7,104,10.15625
7407,9,1,104,10.15625
6435,9,8,104,10.15625
8550,1,0,104,10.15625
883,0,1,104,10.15625
5090,1,9,104,10.15625
1962,6,2,104,10.15625
3021,8,9,104,10.15625
8045,5,3,104,10.15625
8025,5,3,104,10.15625
5743,6,3,104,10.15625
1896,9,8,105,10.25390625
3565,1,9,105,10.25390625
7438,5,3,105,10.25390625
4540,9,7,105,10.25390625
742,0,9,105,10.25390625
1887,3,4,105,10.25390625
3730,1,9,105,10.25390625
8100,6,3,105,10.25390625
4067,1,9,105,10.25390625
9178,1,9,105,10.25390625
3435,6,3,105,10.25390625
9736,8,4,105,10.25390625
8347,1,9,105,10.25390625
645,1,0,105,10.25390625
2106,5,3,105,10.25390625
3921,1,9,105,10.25390625
6638,1,9,105,10.25390625
7988,6,4,105,10.25390625
8523,6,2,106,10.3515625
8200,3,5,106,10.3515625
3538,2,4,106,10.3515625
8942,6,4,106,10.3515625
1802,2,0,106,10.3515625
5139,6,3,106,10.3515625
9376,5,3,106,10.3515625
3492,9,1,106,10.3515625
2112,1,9,106,10.3515625
9686,2,1,106,10.3515625
7394,1,9,106,10.3515625
6896,6,4,106,10.3515625
870,3,5,107,10.44921875
4467,3,5,107,10.44921875
4876,3,5,107,10.44921875
4360,6,9,107,10.44921875
3,0,8,107,10.44921875
3714,3,5,107,10.44921875
3228,3,5,107,10.44921875
1882,1,0,107,10.44921875
5044,5,2,107,10.44921875
1519,6,4,107,10.44921875
2231,3,5,107,10.44921875
3329,3,5,107,10.44921875
1880,1,9,108,10.546875
8191,6,2,108,10.546875
6523,6,4,108,10.546875
6239,6,3,108,10.546875
820,6,8,108,10.546875
1436,6,3,108,10.546875
3941,6,3,108,10.546875
6917,6,3,108,10.546875
9870,2,5,108,10.546875
7919,6,3,108,10.546875
2849,6,3,108,10.546875
9721,6,3,108,10.546875
6431,1,9,108,10.546875
1587,2,0,108,10.546875
4778,6,3,108,10.546875
7593,6,4,108,10.546875
7841,6,3,108,10.546875
5075,6,3,108,10.546875
3451,5,3,108,10.546875
1309,6,2,108,10.546875
3398,2,0,109,10.64453125
5889,6,2,109,10.64453125
4174,2,0,109,10.64453125
2556,6,4,109,10.64453125
5832,9,0,109,10.64453125
1888,2,8,109,10.64453125
1338,6,3,109,10.64453125
8822,6,3,109,10.64453125
5763,9,0,109,10.64453125
8897,2,4,109,10.64453125
6786,3,2,110,10.7421875
2054,3,5,110,10.7421875
2504,1,9,110,10.7421875
7480,1,3,110,10.7421875
3020,1,9,110,10.7421875
4654,7,4,110,10.7421875
542,6,3,110,10.7421875
4736,1,9,110,10.7421875
4019,7,4,110,10.7421875
1031,3,4,110,10.7421875
4975,3,4,110,10.7421875
9745,3,7,110,10.7421875
536,6,4,110,10.7421875
6009,3,4,110,10.7421875
572,1,9,111,10.83984375
6832,1,9,111,10.83984375
2086,1,9,111,10.83984375
4047,4,7,111,10.83984375
6281,1,0,111,10.83984375
4893,1,9,111,10.83984375
3319,2,0,111,10.83984375
279,3,7,111,10.83984375
161,1,0,111,10.83984375
6212,7,9,111,10.83984375
4767,6,3,111,10.83984375
4601,2,9,111,10.83984375
4713,1,9,111,10.83984375
3553,1,9,111,10.83984375
231,1,9,111,10.83984375
8095,2,0,111,10.83984375
5592,3,4,112,10.9375
2498,3,7,112,10.9375
4506,1,9,112,10.9375
4468,9,8,112,10.9375
4520,3,7,112,10.9375
115,3,7,112,10.9375
8056,1,9,112,10.9375
1016,1,9,112,10.9375
187,3,2,112,10.9375
9696,1,9,112,10.9375
7885,3,2,112,10.9375
4687,3,2,112,10.9375
5226,1,9,112,10.9375
4674,3,5,112,10.9375
5700,3,7,112,10.9375
3859,3,7,112,10.9375
7275,3,2,112,10.9375
9460,3,7,112,10.9375
2999,6,4,112,10.9375
8396,3,2,112,10.9375
7601,8,0,112,10.9375
4435,3,7,112,10.9375
1554,4,7,112,10.9375
6880,2,3,112,10.9375
1053,3,5,112,10.9375
3146,2,0,112,10.9375
4553,3,4,112,10.9375
6662,6,2,112,10.9375
4652,3,4,112,10.9375
6107,9,8,112,10.9375
8033,3,7,112,10.9375
5204,3,7,112,10.9375
3965,0,9,113,11.03515625
6100,1,9,113,11.03515625
2383,2,4,113,11.03515625
9750,2,5,113,11.03515625
1258,1,9,113,11.03515625
1182,1,8,113,11.03515625
4093,3,7,113,11.03515625
2484,1,9,113,11.03515625
8649,2,3,113,11.03515625
6125,8,9,113,11.03515625
7048,2,1,113,11.03515625
493,1,9,113,11.03515625
3001,1,9,113,11.03515625
4189,1,9,113,11.03515625
6843,1,9,113,11.03515625
6080,1,9,113,11.03515625
8270,6,3,113,11.03515625
1859,2,6,113,11.03515625
7920,9,2,113,11.03515625
5596,9,7,113,11.03515625
7286,2,0,113,11.03515625
8880,1,9,113,11.03515625
962,1,9,113,11.03515625
4913,1,9,113,11.03515625
6168,3,5,113,11.03515625
5950,9,1,113,11.03515625
261,1,9,113,11.03515625
1532,8,0,113,11.03515625
7873,1,9,113,11.03515625
8214,1,9,113,11.03515625
6816,1,9,114,11.1328125
4569,9,0,114,11.1328125
4110,2,4,114,11.1328125
5595,6,8,114,11.1328125
8291,6,2,114,11.1328125
9521,2,4,114,11.1328125
6152,6,2,114,11.1328125
6991,1,9,114,11.1328125
5174,6,2,114,11.1328125
8874,7,2,114,11.1328125
8205,2,1,114,11.1328125
964,6,3,114,11.1328125
4030,1,9,114,11.1328125
1873,6,3,114,11.1328125
3713,2,3,114,11.1328125
3896,7,2,114,11.1328125
7483,1,9,114,11.1328125
2702,6,4,114,11.1328125
8585,9,1,114,11.1328125
7589,6,4,114,11.1328125
7352,3,7,115,11.23046875
7108,2,1,115,11.23046875
961,1,9,115,11.23046875
5694,5,3,115,11.23046875
6175,3,7,115,11.23046875
3076,2,6,115,11.23046875
8330,5,3,115,11.23046875
2897,3,4,115,11.23046875
8740,2,5,115,11.23046875
3285,1,9,115,11.23046875
2939,2,3,115,11.23046875
2972,3,4,115,11.23046875
6020,6,4,115,11.23046875
4693,4,7,115,11.23046875
3175,1,9,115,11.23046875
9976,5,3,116,11.328125
7254,2,3,116,11.328125
7667,6,4,116,11.328125
9774,5,3,116,11.328125
9580,1,9,116,11.328125
7586,2,9,116,11.328125
292,6,2,116,11.328125
2436,6,4,116,11.328125
1089,6,4,116,11.328125
4700,6,2,116,11.328125
4243,6,3,116,11.328125
2757,1,9,116,11.328125
1176,1,9,116,11.328125
9735,6,0,116,11.328125
1890,6,4,116,11.328125
104,1,9,117,11.42578125
2045,1,9,117,11.42578125
981,9,8,117,11.42578125
7146,0,9,117,11.42578125
6686,9,8,117,11.42578125
9186,7,2,117,11.42578125
391,2,0,117,11.42578125
3279,8,0,117,11.42578125
1543,5,3,117,11.42578125
1175,9,6,117,11.42578125
2633,3,7,117,11.42578125
9837,4,7,117,11.42578125
2782,0,8,117,11.42578125
1199,9,1,117,11.42578125
9534,6,2,117,11.42578125
4230,6,2,117,11.42578125
4258,8,4,117,11.42578125
6097,5,3,117,11.42578125
4065,4,7,117,11.42578125
2347,8,0,117,11.42578125
8603,1,9,117,11.42578125
5785,2,4,117,11.42578125
6245,6,3,117,11.42578125
7204,4,7,117,11.42578125
7986,1,9,118,11.5234375
8988,2,0,118,11.5234375
3673,2,1,118,11.5234375
5254,9,0,118,11.5234375
3255,5,4,118,11.5234375
9816,1,9,118,11.5234375
3334,5,2,118,11.5234375
3028,1,9,118,11.5234375
1907,1,9,118,11.5234375
9123,2,3,118,11.5234375
9607,7,2,118,11.5234375
5744,2,0,118,11.5234375
3578,7,9,118,11.5234375
4177,6,3,118,11.5234375
5683,6,2,118,11.5234375
273,3,5,118,11.5234375
1427,9,1,118,11.5234375
6340,3,7,118,11.5234375
7997,1,9,119,11.62109375
6174,3,7,119,11.62109375
4148,3,2,119,11.62109375
1184,6,2,119,11.62109375
1411,3,4,119,11.62109375
1038,2,0,119,11.62109375
4431,1,0,119,11.62109375
1254,2,0,119,11.62109375
1702,9,8,119,11.62109375
2276,0,1,119,11.62109375
8930,3,4,119,11.62109375
5366,1,9,119,11.62109375
6236,1,9,119,11.62109375
9068,6,8,119,11.62109375
7169,1,9,119,11.62109375
1219,3,2,119,11.62109375
5802,6,4,119,11.62109375
1302,6,2,120,11.71875
3984,6,2,120,11.71875
3999,9,0,120,11.71875
1418,6,2,120,11.71875
5691,2,9,120,11.71875
4007,6,3,120,11.71875
7123,6,3,120,11.71875
8220,6,9,120,11.71875
6953,0,9,120,11.71875
4270,0,3,121,11.81640625
5272,3,5,121,11.81640625
3642,1,9,121,11.81640625
6886,1,9,121,11.81640625
6885,0,3,121,11.81640625
7488,2,0,121,11.81640625
3181,9,0,121,11.81640625
8709,1,9,121,11.81640625
5629,6,3,121,11.81640625
9629,1,9,121,11.81640625
7960,0,3,121,11.81640625
9064,1,9,121,11.81640625
9726,9,0,121,11.81640625
3782,0,3,121,11.81640625
5275,2,0,121,11.81640625
5348,1,9,121,11.81640625
5575,3,2,121,11.81640625
8801,4,7,121,11.81640625
2740,1,9,121,11.81640625
8107,1,9,121,11.81640625
8677,3,2,121,11.81640625
2557,2,8,121,11.81640625
8748,6,4,121,11.81640625
4610,6,4,121,11.81640625
7382,9,0,121,11.81640625
2110,0,2,121,11.81640625
4015,1,9,121,11.81640625
3925,1,9,121,11.81640625
5439,1,9,121,11.81640625
1396,1,9,121,11.81640625
1595,3,7,121,11.81640625
415,9,8,122,11.9140625
2364,6,4,122,11.9140625
7777,6,3,122,11.9140625
8731,9,1,122,11.9140625
2637,6,4,122,11.9140625
5753,2,3,122,11.9140625
8936,9,3,122,11.9140625
3781,2,5,122,11.9140625
9714,1,9,122,11.9140625
9756,5,3,122,11.9140625
2312,2,3,122,11.9140625
1565,6,2,122,11.9140625
759,1,9,122,11.9140625
8590,0,4,122,11.9140625
4541,2,4,122,11.9140625
7223,7,4,122,11.9140625
3153,1,9,122,11.9140625
9314,6,2,122,11.9140625
4992,1,9,123,12.01171875
4165,8,2,123,12.01171875
8746,3,2,123,12.01171875
107,6,2,123,12.01171875
3996,6,4,123,12.01171875
6470,1,9,123,12.01171875
3196,7,5,123,12.01171875
9471,6,4,123,12.01171875
7738,2,0,123,12.01171875
930,4,2,123,12.01171875
1115,1,9,123,12.01171875
8767,7,3,123,12.01171875
1666,6,5,124,12.109375
5052,6,3,124,12.109375
8835,7,3,124,12.109375
9224,6,4,124,12.109375
9305,5,3,124,12.109375
7546,7,0,124,12.109375
1925,1,9,124,12.109375
3898,1,9,124,12.109375
6777,2,4,124,12.109375
7498,6,3,124,12.109375
5199,6,5,124,12.109375
2138,6,4,124,12.109375
7810,6,4,124,12.109375
5676,6,4,124,12.109375
4425,1,9,124,12.109375
2483,2,7,124,12.109375
3035,3,5,124,12.109375
8164,6,4,124,12.109375
2625,2,4,124,12.109375
5918,1,9,124,12.109375
2454,1,9,124,12.109375
7606,6,2,125,12.20703125
1753,6,2,125,12.20703125
2082,2,0,125,12.20703125
4912,1,9,125,12.20703125
5791,8,2,125,12.20703125
6002,2,0,125,12.20703125
5542,9,8,125,12.20703125
1362,5,3,125,12.20703125
920,6,2,125,12.20703125
5556,6,3,125,12.20703125
9517,9,5,125,12.20703125
5655,3,5,125,12.20703125
7714,3,7,125,12.20703125
4026,9,8,125,12.20703125
4681,9,1,125,12.20703125
5518,3,4,125,12.20703125
6335,2,4,125,12.20703125
7429,5,3,126,12.3046875
4342,3,4,126,12.3046875
7065,2,4,126,12.3046875
7639,9,1,126,12.3046875
7312,2,4,126,12.3046875
752,9,8,126,12.3046875
927,6,3,126,12.3046875
2669,6,4,126,12.3046875
5284,6,3,126,12.3046875
1931,6,3,126,12.3046875
3448,6,4,126,12.3046875
562,6,5,126,12.3046875
9221,7,4,126,12.3046875
4538,7,2,126,12.3046875
6826,6,4,126,12.3046875
8136,3,2,126,12.3046875
6444,3,7,127,12.40234375
6058,1,9,127,12.40234375
7198,9,8,127,12.40234375
4883,2,3,127,12.40234375
1013,1,9,127,12.40234375
2544,2,4,127,12.40234375
2943,1,9,127,12.40234375
9121,3,2,127,12.40234375
3573,2,0,127,12.40234375
4126,0,2,127,12.40234375
6352,2,4,127,12.40234375
9298,1,9,127,12.40234375
6417,1,9,127,12.40234375
6761,5,3,127,12.40234375
9979,3,5,127,12.40234375
1769,1,9,127,12.40234375
8802,6,3,127,12.40234375
2253,3,7,127,12.40234375
1904,1,9,127,12.40234375
7271,7,4,127,12.40234375
5347,1,9,127,12.40234375
461,6,2,127,12.40234375
2824,7,4,127,12.40234375
2357,1,9,127,12.40234375
43,6,2,128,12.5
1569,1,9,128,12.5
8893,6,3,128,12.5
8640,1,9,128,12.5
9251,6,3,128,12.5
4956,5,3,128,12.5
1125,6,3,128,12.5
379,6,2,128,12.5
9342,6,4,128,12.5
4539,8,9,128,12.5
1087,6,4,128,12.5
282,6,4,128,12.5
4010,7,4,128,12.5
7066,6,4,128,12.5
1530,3,7,128,12.5
1455,6,9,128,12.5
4583,7,4,128,12.5
8250,6,2,128,12.5
2126,9,8,128,12.5
3392,1,9,128,12.5
8348,6,3,128,12.5
5335,9,1,128,12.5
8524,6,3,128,12.5
4158,7,4,128,12.5
3670,9,0,128,12.5
1094,6,2,128,12.5
8808,6,5,128,12.5
1582,9,8,128,12.5
2771,7,4,128,12.5
7345,6,3,128,12.5
812,7,4,128,12.5
5025,5,3,128,12.5
8368,6,4,129,12.59765625
869,1,9,129,12.59765625
2709,6,0,129,12.59765625
3843,7,4,129,12.59765625
6744,3,7,129,12.59765625
8953,9,0,129,12.59765625
62,6,2,129,12.59765625
7705,7,5,129,12.59765625
2104,6,4,129,12.59765625
6965,6,4,129,12.59765625
7908,9,7,129,12.59765625
4122,6,3,129,12.59765625
8539,6,3,129,12.59765625
2560,7,4,129,12.59765625
6692,6,2,129,12.59765625
8313,6,4,129,12.59765625
8423,6,4,129,12.59765625
2682,7,4,129,12.59765625
5412,6,4,129,12.59765625
3486,6,4,129,12.59765625
6443,6,2,129,12.59765625
3322,2,3,130,12.6953125
4372,1,9,130,12.6953125
7495,7,2,130,12.6953125
4399,4,5,130,12.6953125
4130,6,5,130,12.6953125
7175,7,4,130,12.6953125
794,7,4,130,12.6953125
9630,6,4,130,12.6953125
1995,2,4,130,12.6953125
142,6,3,130,12.6953125
3932,6,4,130,12.6953125
1352,2,4,130,12.6953125
7064,5,3,131,12.79296875
8929,9,0,131,12.79296875
4155,3,7,131,12.79296875
708,8,0,131,12.79296875
8771,6,4,131,12.79296875
9117,9,1,131,12.79296875
9055,6,4,131,12.79296875
1481,2,0,132,12.890625
8853,2,4,132,12.890625
3582,6,1,132,12.890625
6413,6,4,132,12.890625
9902,6,1,132,12.890625
2076,3,4,132,12.890625
5593,7,4,132,12.890625
5727,6,4,133,12.98828125
9340,1,9,133,12.98828125
7851,0,8,133,12.98828125
8705,6,3,133,12.98828125
8999,3,8,133,12.98828125
8827,2,4,133,12.98828125
1360,7,4,133,12.98828125
4338,9,8,133,12.98828125
3481,7,5,133,12.98828125
9402,6,4,133,12.98828125
3160,6,4,133,12.98828125
8866,1,0,133,12.98828125
1550,6,4,133,12.98828125
3543,6,4,133,12.98828125
6188,9,8,133,12.98828125
3715,1,2,133,12.98828125
9945,7,4,134,13.0859375
9759,5,3,134,13.0859375
2222,6,4,134,13.0859375
7568,7,5,134,13.0859375
1847,5,3,134,13.0859375
657,1,2,134,13.0859375
2753,7,3,134,13.0859375
6948,6,4,134,13.0859375
5117,7,3,134,13.0859375
3968,8,0,134,13.0859375
6518,6,5,134,13.0859375
3022,7,4,134,13.0859375
5332,9,0,134,13.0859375
2885,5,3,134,13.0859375
2473,0,8,134,13.0859375
7215,1,9,134,13.0859375
7401,3,7,134,13.0859375
9283,9,8,134,13.0859375
6259,5,3,135,13.18359375
4045,7,3,135,13.18359375
6408,0,8,135,13.18359375
7768,8,0,135,13.18359375
6461,4,3,135,13.18359375
6396,4,3,135,13.18359375
2343,6,2,135,13.18359375
7419,0,8,135,13.18359375
8198,4,0,135,13.18359375
4851,9,0,135,13.18359375
9434,7,3,135,13.18359375
2828,2,4,135,13.18359375
7343,7,3,135,13.18359375
9472,8,0,135,13.18359375
9416,7,4,135,13.18359375
6570,9,0,136,13.28125
6945,5,3,136,13.28125
5745,5,7,136,13.28125
5130,5,3,136,13.28125
2174,9,0,136,13.28125
6249,5,3,136,13.28125
7617,2,0,136,13.28125
5064,5,3,136,13.28125
5103,7,9,136,13.28125
3603,6,3,136,13.28125
301,6,4,136,13.28125
704,7,5,136,13.28125
7467,6,2,137,13.37890625
1437,1,8,137,13.37890625
2786,4,5,137,13.37890625
1417,9,0,138,13.4765625
7451,9,8,138,13.4765625
3589,7,4,138,13.4765625
9299,9,5,138,13.4765625
4135,1,3,138,13.4765625
4904,9,0,138,13.4765625
2528,9,0,138,13.4765625
922,9,3,138,13.4765625
1918,2,6,139,13.57421875
3039,1,9,139,13.57421875
8860,2,0,139,13.57421875
7205,6,3,139,13.57421875
6130,1,4,139,13.57421875
2862,6,4,139,13.57421875
6655,1,9,139,13.57421875
4708,3,7,139,13.57421875
6806,1,9,139,13.57421875
444,5,3,139,13.57421875
528,4,0,140,13.671875
8912,4,3,140,13.671875
9163,4,2,140,13.671875
7117,6,1,140,13.671875
846,2,3,140,13.671875
1720,4,2,141,13.76953125
1458,1,9,141,13.76953125
3593,2,4,141,13.76953125
1504,1,9,141,13.76953125
545,9,0,141,13.76953125
2303,2,4,141,13.76953125
8515,8,0,141,13.76953125
599,3,4,141,13.76953125
1413,1,9,141,13.76953125
1056,3,7,141,13.76953125
6139,9,7,141,13.76953125
2176,1,9,141,13.76953125
120,8,0,141,13.76953125
9205,4,2,141,13.76953125
7551,6,4,142,13.8671875
6109,2,4,142,13.8671875
5375,1,9,142,13.8671875
3346,4,5,142,13.8671875
3342,0,8,142,13.8671875
4927,1,9,142,13.8671875
9636,6,4,142,13.8671875
8652,9,8,142,13.8671875
2063,1,9,143,13.96484375
9685,0,8,143,13.96484375
2838,1,0,143,13.96484375
3124,6,8,143,13.96484375
9297,2,4,143,13.96484375
5378,1,2,143,13.96484375
2916,1,0,143,13.96484375
105,1,9,143,13.96484375
6596,3,2,143,13.96484375
3295,9,0,143,13.96484375
7092,2,6,143,13.96484375
3347,9,7,143,13.96484375
2188,9,8,143,13.96484375
5616,6,3,144,14.0625
8475,9,3,144,14.0625
6776,8,0,144,14.0625
2287,2,3,144,14.0625
9378,9,0,144,14.0625
3162,1,9,144,14.0625
4743,6,2,144,14.0625
6512,2,3,144,14.0625
4832,4,2,144,14.0625
6103,6,3,144,14.0625
5303,5,3,145,14.16015625
649,5,7,145,14.16015625
6214,5,6,145,14.16015625
3412,0,4,146,14.2578125
9747,0,8,146,14.2578125
3219,0,1,146,14.2578125
3790,4,2,146,14.2578125
8422,2,6,146,14.2578125
6685,1,9,146,14.2578125
6668,6,2,147,14.35546875
2734,7,4,147,14.35546875
6120,5,3,147,14.35546875
1143,6,3,147,14.35546875
3323,5,3,147,14.35546875
3989,2,3,147,14.35546875
1977,5,3,147,14.35546875
2024,6,1,148,14.453125
5175,6,3,148,14.453125
8122,4,5,148,14.453125
9345,1,9,148,14.453125
6471,6,5,148,14.453125
7348,2,8,148,14.453125
8338,3,9,148,14.453125
4793,6,0,148,14.453125
8979,5,3,148,14.453125
5408,9,0,149,14.55078125
6586,6,4,149,14.55078125
5524,0,8,149,14.55078125
9368,1,9,149,14.55078125
2707,6,3,149,14.55078125
8081,6,3,149,14.55078125
1291,9,0,149,14.55078125
7883,9,0,149,14.55078125
9959,2,3,149,14.55078125
5331,2,4,150,14.6484375
8231,3,4,150,14.6484375
8121,0,1,150,14.6484375
3931,5,3,150,14.6484375
6293,3,7,150,14.6484375
2667,1,9,150,14.6484375
3580,4,2,150,14.6484375
9366,2,8,150,14.6484375
4263,6,5,150,14.6484375
7469,6,4,150,14.6484375
7213,6,2,150,14.6484375
2579,8,1,150,14.6484375
7940,2,3,150,14.6484375
241,1,9,150,14.6484375
8916,6,2,150,14.6484375
8570,6,3,151,14.74609375
9621,6,4,151,14.74609375
8920,6,5,151,14.74609375
1028,6,4,151,14.74609375
5015,2,0,151,14.74609375
8216,3,4,151,14.74609375
9079,1,9,151,14.74609375
6360,2,4,151,14.74609375
5256,0,8,151,14.74609375
498,2,4,151,14.74609375
856,7,4,151,14.74609375
4429,2,5,151,14.74609375
8987,2,3,151,14.74609375
1876,2,8,151,14.74609375
4598,1,6,151,14.74609375
901,6,3,151,14.74609375
4278,1,9,151,14.74609375
8547,6,3,151,14.74609375
1438,5,2,151,14.74609375
3179,6,3,152,14.84375
2746,2,3,152,14.84375
8388,1,9,152,14.84375
5479,2,9,152,14.84375
3737,2,5,152,14.84375
6865,3,2,152,14.84375
5079,1,9,152,14.84375
6915,1,9,152,14.84375
5843,6,3,152,14.84375
8434,9,7,152,14.84375
4668,6,1,152,14.84375
6817,1,9,152,14.84375
8165,1,9,152,14.84375
2784,1,9,153,14.94140625
1671,8,0,153,14.94140625
9154,2,8,153,14.94140625
46,3,5,153,14.94140625
7535,1,9,153,14.94140625
4898,6,4,153,14.94140625
8445,1,8,153,14.94140625
1711,1,9,153,14.94140625
8813,1,9,153,14.94140625
3558,5,3,153,14.94140625
921,9,8,153,14.94140625
6457,2,3,153,14.94140625
1447,8,0,153,14.94140625
9800,1,9,154,15.0390625
7577,1,9,154,15.0390625
7500,6,3,154,15.0390625
325,1,9,154,15.0390625
7302,6,3,154,15.0390625
3886,8,0,154,15.0390625
8558,2,7,154,15.0390625
9717,9,8,155,15.13671875
5022,2,4,155,15.13671875
6167,9,8,155,15.13671875
2870,8,0,155,15.13671875
1913,9,0,155,15.13671875
4323,5,3,155,15.13671875
6243,4,5,155,15.13671875
6789,1,0,155,15.13671875
1641,6,4,155,15.13671875
1232,1,0,155,15.13671875
2488,6,4,156,15.234375
9660,6,5,156,15.234375
8747,2,3,156,15.234375
6531,4,5,156,15.234375
2953,8,0,156,15.234375
1857,5,3,157,15.33203125
8049,1,9,157,15.33203125
7939,2,4,157,15.33203125
3652,2,0,157,15.33203125
4611,1,9,157,15.33203125
7184,5,6,157,15.33203125
5470,1,9,157,15.33203125
4246,5,3,157,15.33203125
4543,1,9,157,15.33203125
445,7,4,158,15.4296875
2772,6,2,158,15.4296875
8039,1,9,158,15.4296875
1797,1,9,158,15.4296875
8213,6,3,158,15.4296875
9730,6,3,158,15.4296875
3152,1,9,158,15.4296875
3030,6,2,158,15.4296875
5657,2,3,158,15.4296875
4659,4,7,158,15.4296875
5752,3,0,158,15.4296875
1080,6,1,158,15.4296875
333,6,2,158,15.4296875
1897,8,0,158,15.4296875
7646,2,3,158,15.4296875
3427,6,3,158,15.4296875
6503,6,2,158,15.4296875
8583,8,9,158,15.4296875
4714,6,3,158,15.4296875
4413,6,4,159,15.52734375
5132,1,9,159,15.52734375
3632,1,9,159,15.52734375
7279,5,3,159,15.52734375
7418,8,0,159,15.52734375
8367,6,4,159,15.52734375
1817,6,2,159,15.52734375
2872,1,9,159,15.52734375
3487,5,3,159,15.52734375
6547,6,3,159,15.52734375
8623,1,9,159,15.52734375
4863,1,9,159,15.52734375
3742,9,8,159,15.52734375
5973,6,2,160,15.625
1270,1,9,160,15.625
5159,6,4,160,15.625
3775,6,2,160,15.625
8591,6,4,160,15.625
4101,2,4,160,15.625
4671,6,3,160,15.625
9863,6,7,160,15.625
6459,6,3,160,15.625
2470,7,0,160,15.625
9456,6,3,160,15.625
6088,6,4,160,15.625
8609,6,3,160,15.625
1192,6,4,160,15.625
2101,6,3,160,15.625
6700,6,4,160,15.625
122,1,9,160,15.625
5060,6,2,160,15.625
5807,6,3,160,15.625
1978,6,3,160,15.625
6892,6,3,160,15.625
2865,6,0,160,15.625
7870,6,2,160,15.625
4151,6,4,160,15.625
1009,6,4,160,15.625
3198,6,4,160,15.625
9161,6,2,160,15.625
8634,6,5,160,15.625
9851,6,4,160,15.625
9939,5,3,160,15.625
9053,5,3,160,15.625
8798,6,2,160,15.625
3465,6,5,161,15.72265625
4061,5,3,161,15.72265625
8320,7,0,161,15.72265625
8688,8,0,161,15.72265625
2776,7,4,161,15.72265625
6190,4,3,161,15.72265625
6927,5,3,161,15.72265625
7878,1,9,161,15.72265625
4532,1,9,161,15.72265625
6940,1,9,161,15.72265625
6982,1,9,161,15.72265625
9373,1,9,161,15.72265625
9549,4,5,161,15.72265625
8325,8,0,161,15.72265625
6182,1,9,162,15.8203125
3663,1,9,162,15.8203125
4969,1,9,162,15.8203125
3340,6,3,162,15.8203125
1624,4,3,162,15.8203125
875,8,0,162,15.8203125
6044,7,4,162,15.8203125
9567,7,3,162,15.8203125
730,4,7,162,15.8203125
5803,1,9,162,15.8203125
8945,1,9,162,15.8203125
5212,5,3,162,15.8203125
2349,5,3,162,15.8203125
7764,6,7,162,15.8203125
7584,1,9,162,15.8203125
3348,1,9,163,15.91796875
5664,6,4,163,15.91796875
681,6,3,163,15.91796875
4017,5,3,163,15.91796875
4698,6,8,163,15.91796875
3290,5,3,163,15.91796875
2694,1,9,163,15.91796875
8870,5,3,163,15.91796875
6636,2,4,163,15.91796875
7072,8,0,163,15.91796875
1329,5,4,163,15.91796875
8904,5,8,164,16.015625
7479,6,3,164,16.015625
7127,5,1,164,16.015625
8881,6,3,164,16.015625
6693,6,4,164,16.015625
4588,9,0,164,16.015625
3144,1,9,165,16.11328125
470,3,4,165,16.11328125
5615,5,3,165,16.11328125
7946,1,0,165,16.11328125
9306,8,2,165,16.11328125
9084,5,3,166,16.2109375
8556,4,7,166,16.2109375
4842,2,0,166,16.2109375
9940,4,3,166,16.2109375
6866,4,7,166,16.2109375
7063,1,6,166,16.2109375
3827,4,3,166,16.2109375
448,2,4,166,16.2109375
6197,4,3,166,16.2109375
7243,1,9,166,16.2109375
3764,1,9,166,16.2109375
5358,1,9,166,16.2109375
9992,3,2,167,16.30859375
9387,1,9,167,16.30859375
9047,4,7,167,16.30859375
9555,4,7,167,16.30859375
3491,3,7,167,16.30859375
9677,6,4,167,16.30859375
6665,4,7,167,16.30859375
6032,4,3,167,16.30859375
9411,7,4,168,16.40625
4500,3,5,169,16.50390625
4128,1,9,170,16.6015625
1489,6,4,170,16.6015625
4894,6,2,170,16.6015625
220,7,4,170,16.6015625
4437,1,9,170,16.6015625
2751,2,7,170,16.6015625
8502,1,9,170,16.6015625
8464,6,4,171,16.69921875
8673,9,1,172,16.796875
5981,7,4,172,16.796875
1615,7,2,172,16.796875
5731,6,3,172,16.796875
1930,1,9,172,16.796875
4401,1,9,172,16.796875
503,4,3,172,16.796875
644,9,8,173,16.89453125
5734,6,4,173,16.89453125
8733,7,4,173,16.89453125
3814,1,9,173,16.89453125
4774,6,3,173,16.89453125
7629,6,3,173,16.89453125
3682,3,5,173,16.89453125
1293,4,7,174,16.9921875
8424,5,3,174,16.9921875
756,6,4,174,16.9921875
9315,7,4,175,17.08984375
3232,7,4,175,17.08984375
4034,2,4,175,17.08984375
8664,5,3,175,17.08984375
2636,1,9,175,17.08984375
3520,1,9,175,17.08984375
4592,7,4,175,17.08984375
7156,1,9,175,17.08984375
4549,1,9,176,17.1875
8997,5,4,176,17.1875
2873,9,0,176,17.1875
114,1,9,176,17.1875
96,6,2,176,17.1875
437,5,2,176,17.1875
3287,5,3,176,17.1875
6499,7,3,176,17.1875
3657,7,4,176,17.1875
2605,4,7,176,17.1875
7620,5,6,176,17.1875
2699,4,7,176,17.1875
5062,5,2,176,17.1875
8051,9,7,176,17.1875
1128,4,7,176,17.1875
9487,1,0,176,17.1875
8460,8,0,177,17.28515625
9134,5,3,177,17.28515625
3641,8,0,177,17.28515625
4807,8,0,177,17.28515625
502,5,3,177,17.28515625
5601,7,4,177,17.28515625
9733,7,0,177,17.28515625
4533,8,0,177,17.28515625
3611,1,9,177,17.28515625
9654,5,3,177,17.28515625
9824,1,9,177,17.28515625
3839,5,3,177,17.28515625
1950,5,4,177,17.28515625
404,8,0,177,17.28515625
9211,1,9,177,17.28515625
5758,8,9,177,17.28515625
9683,6,3,177,17.28515625
4724,5,2,178,17.3828125
6615,7,0,178,17.3828125
7144,8,0,179,17.48046875
5769,3,4,179,17.48046875
4959,7,4,179,17.48046875
1531,7,4,179,17.48046875
4878,7,4,179,17.48046875
520,5,3,179,17.48046875
9634,1,9,179,17.48046875
8090,6,2,179,17.48046875
3756,7,0,179,17.48046875
5266,4,7,180,17.578125
6117,1,9,180,17.578125
2479,5,2,180,17.578125
9078,4,7,180,17.578125
2768,5,3,180,17.578125
4260,8,9,180,17.578125
9998,1,4,180,17.578125
1212,1,9,180,17.578125
1086,4,7,180,17.578125
6671,5,3,180,17.578125
9323,1,9,180,17.578125
3016,4,2,180,17.578125
764,1,9,180,17.578125
6433,8,3,181,17.67578125
1214,5,3,181,17.67578125
558,3,7,181,17.67578125
2075,4,7,181,17.67578125
8268,5,2,181,17.67578125
6890,5,3,181,17.67578125
4312,5,4,181,17.67578125
2292,5,3,181,17.67578125
5570,5,3,181,17.67578125
224,3,4,181,17.67578125
6092,5,3,181,17.67578125
1217,4,2,181,17.67578125
2563,2,0,181,17.67578125
3794,1,0,181,17.67578125
7631,1,0,181,17.67578125
8316,5,4,182,17.7734375
3798,5,3,182,17.7734375
8115,5,2,182,17.7734375
8378,5,3,182,17.7734375
1752,5,3,182,17.7734375
4087,5,3,182,17.7734375
2970,5,3,182,17.7734375
4406,5,3,182,17.7734375
123,2,3,183,17.87109375
6639,1,9,183,17.87109375
4160,5,3,183,17.87109375
5158,4,7,183,17.87109375
6292,6,2,183,17.87109375
2864,5,3,184,17.96875
2389,6,3,184,17.96875
4079,8,0,184,17.96875
2432,9,0,184,17.96875
6364,3,0,184,17.96875
7042,8,0,185,18.06640625
176,3,4,185,18.06640625
6504,7,4,185,18.06640625
4229,8,0,185,18.06640625
8327,7,8,185,18.06640625
3598,2,0,185,18.06640625
9523,5,3,185,18.06640625
1771,2,4,185,18.06640625
8712,1,8,185,18.06640625
3069,4,5,185,18.06640625
6447,4,7,186,18.1640625
2109,0,8,186,18.1640625
8375,4,3,186,18.1640625
4060,6,3,186,18.1640625
4936,3,2,186,18.1640625
1699,7,4,187,18.26171875
4275,5,4,187,18.26171875
8257,3,5,187,18.26171875
5431,1,9,187,18.26171875
7161,5,3,187,18.26171875
9713,8,0,187,18.26171875
6018,5,3,187,18.26171875
3351,1,8,187,18.26171875
6141,8,0,188,18.359375
1025,5,3,188,18.359375
2424,8,0,188,18.359375
2984,2,9,188,18.359375
8782,5,3,188,18.359375
455,4,5,189,18.45703125
3471,1,9,189,18.45703125
4821,4,5,189,18.45703125
8092,4,7,189,18.45703125
5449,1,9,189,18.45703125
6760,5,3,189,18.45703125
8589,5,3,189,18.45703125
3388,6,3,189,18.45703125
5202,9,0,189,18.45703125
4895,1,9,190,18.5546875
4642,2,4,190,18.5546875
712,8,0,190,18.5546875
1071,6,4,191,18.65234375
5065,0,8,191,18.65234375
7719,2,6,191,18.65234375
1273,6,4,191,18.65234375
419,7,4,191,18.65234375
9146,5,3,191,18.65234375
3940,6,3,191,18.65234375
656,1,9,191,18.65234375
9023,8,4,191,18.65234375
7053,1,9,191,18.65234375
4896,7,4,191,18.65234375
8692,5,3,192,18.75
986,3,5,192,18.75
2449,4,5,192,18.75
5497,3,7,192,18.75
8973,5,3,192,18.75
3874,6,4,192,18.75
821,2,4,192,18.75
146,6,3,192,18.75
7624,2,4,192,18.75
1356,2,3,192,18.75
2457,6,3,192,18.75
6648,0,8,192,18.75
7900,0,8,192,18.75
721,8,0,192,18.75
3533,2,4,192,18.75
6823,5,3,193,18.84765625
4394,5,3,193,18.84765625
8498,1,9,193,18.84765625
2813,1,9,193,18.84765625
6272,2,3,193,18.84765625
2056,5,3,193,18.84765625
3736,3,7,193,18.84765625
813,2,4,193,18.84765625
1528,2,0,193,18.84765625
3991,2,3,193,18.84765625
8662,3,7,193,18.84765625
2137,2,5,193,18.84765625
4989,6,1,194,18.9453125
1204,6,4,194,18.9453125
3089,8,0,194,18.9453125
4613,1,9,194,18.9453125
2861,5,3,194,18.9453125
5750,6,1,194,18.9453125
4577,6,4,195,19.04296875
8376,7,4,195,19.04296875
3480,2,4,195,19.04296875
5710,6,3,195,19.04296875
1354,1,9,196,19.140625
6944,5,2,196,19.140625
7142,8,0,196,19.140625
6430,1,9,196,19.140625
6385,5,3,196,19.140625
582,8,0,196,19.140625
476,6,4,196,19.140625
1602,7,2,196,19.140625
3005,0,2,196,19.140625
4810,5,3,197,19.23828125
797,4,8,197,19.23828125
7525,8,0,197,19.23828125
2494,5,2,197,19.23828125
4405,6,9,197,19.23828125
4587,5,3,197,19.23828125
478,5,8,197,19.23828125
5441,5,9,197,19.23828125
5222,5,3,197,19.23828125
9897,8,0,197,19.23828125
3420,5,3,197,19.23828125
8440,5,3,197,19.23828125
3860,7,4,197,19.23828125
4860,5,2,197,19.23828125
2048,8,0,197,19.23828125
915,1,9,198,19.3359375
1885,5,3,198,19.3359375
7572,1,9,198,19.3359375
8837,1,9,198,19.3359375
9662,1,9,198,19.3359375
3804,5,2,198,19.3359375
1631,1,9,198,19.3359375
2531,2,3,198,19.3359375
4314,1,0,198,19.3359375
4890,1,9,198,19.3359375
5474,1,3,199,19.43359375
4650,6,4,199,19.43359375
8902,6,3,199,19.43359375
5058,1,5,199,19.43359375
4212,1,8,199,19.43359375
9798,5,8,199,19.43359375
5081,5,3,199,19.43359375
4872,9,1,199,19.43359375
3338,0,4,200,19.53125
6013,6,4,200,19.53125
8756,2,9,200,19.53125
8911,4,2,200,19.53125
484,5,6,200,19.53125
6310,5,3,200,19.53125
2179,1,9,201,19.62890625
9238,9,0,201,19.62890625
3667,5,2,201,19.62890625
6852,9,0,201,19.62890625
939,8,0,201,19.62890625
2887,9,8,201,19.62890625
7220,9,0,201,19.62890625
4976,5,3,201,19.62890625
4930,1,0,201,19.62890625
4343,5,4,201,19.62890625
6708,2,7,201,19.62890625
2645,1,9,201,19.62890625
5267,6,4,201,19.62890625
8398,4,2,201,19.62890625
2607,1,9,201,19.62890625
4004,0,2,202,19.7265625
6609,5,4,202,19.7265625
2683,5,4,202,19.7265625
9899,7,0,202,19.7265625
1412,1,9,202,19.7265625
6278,5,4,202,19.7265625
5834,5,2,202,19.7265625
31,5,4,202,19.7265625
3587,0,3,202,19.7265625
5692,5,3,202,19.7265625
5947,5,3,202,19.7265625
1068,9,0,202,19.7265625
7936,1,9,202,19.7265625
414,1,9,203,19.82421875
2116,9,0,203,19.82421875
867,7,4,203,19.82421875
9559,1,9,203,19.82421875
1378,1,0,203,19.82421875
9656,0,8,203,19.82421875
6344,5,8,203,19.82421875
1428,7,9,203,19.82421875
6205,1,0,203,19.82421875
2044,3,5,203,19.82421875
2764,1,8,203,19.82421875
5245,1,0,203,19.82421875
5032,2,0,204,19.921875
5540,5,2,204,19.921875
6614,5,4,204,19.921875
7330,5,4,204,19.921875
6878,5,3,204,19.921875
7251,7,0,204,19.921875
100,4,7,204,19.921875
5685,1,9,204,19.921875
7971,5,4,204,19.921875
4271,1,9,204,19.921875
8522,1,9,204,19.921875
8417,1,9,205,20.01953125
6537,5,3,205,20.01953125
5713,5,3,205,20.01953125
8766,5,3,205,20.01953125
7027,5,3,205,20.01953125
6577,1,9,205,20.01953125
2057,5,3,205,20.01953125
1604,1,0,205,20.01953125
699,5,4,205,20.01953125
3687,9,0,205,20.01953125
5845,5,4,205,20.01953125
2969,5,3,205,20.01953125
7633,7,4,205,20.01953125
9324,9,3,205,20.01953125
6273,1,9,205,20.01953125
533,5,3,205,20.01953125
6354,7,0,205,20.01953125
5251,5,3,205,20.01953125
5693,7,4,205,20.01953125
1290,5,3,205,20.01953125
4633,1,9,205,20.01953125
9592,1,9,205,20.01953125
6964,5,3,205,20.01953125
9877,6,2,206,20.1171875
1116,5,2,206,20.1171875
6963,9,7,206,20.1171875
691,2,0,206,20.1171875
6848,9,0,206,20.1171875
7866,6,2,206,20.1171875
5169,2,3,206,20.1171875
6831,8,0,206,20.1171875
8659,4,8,206,20.1171875
3597,6,2,206,20.1171875
1281,8,0,206,20.1171875
3453,2,9,206,20.1171875
7113,9,0,207,20.21484375
8682,5,1,207,20.21484375
2366,9,0,207,20.21484375
5608,9,7,207,20.21484375
207,5,4,207,20.21484375
327,5,3,207,20.21484375
2281,5,3,207,20.21484375
8077,3,5,208,20.3125
9892,5,4,208,20.3125
319,5,4,208,20.3125
6098,6,5,208,20.3125
6875,5,4,208,20.3125
550,5,4,208,20.3125
1757,6,3,208,20.3125
6560,6,4,208,20.3125
1316,5,3,208,20.3125
8829,0,8,208,20.3125
8130,6,8,208,20.3125
6327,4,2,208,20.3125
3934,2,6,209,20.41015625
6528,5,4,209,20.41015625
4921,5,3,209,20.41015625
6527,5,3,209,20.41015625
7060,8,0,209,20.41015625
7664,2,0,209,20.41015625
5765,9,7,209,20.41015625
7491,9,0,209,20.41015625
2691,2,4,209,20.41015625
1289,6,9,210,20.5078125
7124,5,2,210,20.5078125
6455,6,3,210,20.5078125
4150,6,3,210,20.5078125
1404,1,9,210,20.5078125
4522,2,4,210,20.5078125
8436,5,4,210,20.5078125
9596,5,4,210,20.5078125
8600,3,5,211,20.60546875
9474,8,0,211,20.60546875
3873,9,0,211,20.60546875
9396,5,2,211,20.60546875
8359,2,6,211,20.60546875
5902,9,0,211,20.60546875
3313,2,8,211,20.60546875
9085,9,0,212,20.703125
1327,6,3,212,20.703125
6494,0,2,212,20.703125
3500,1,9,212,20.703125
5904,7,4,212,20.703125
7951,2,3,213,20.80078125
250,5,6,213,20.80078125
2469,9,0,213,20.80078125
7125,5,6,213,20.80078125
9741,5,4,213,20.80078125
2717,0,4,214,20.8984375
8453,9,0,214,20.8984375
110,4,7,214,20.8984375
6332,5,9,215,20.99609375
3655,9,0,215,20.99609375
2891,7,0,215,20.99609375
490,1,9,215,20.99609375
610,6,3,215,20.99609375
1511,1,0,215,20.99609375
8601,3,5,215,20.99609375
8211,5,4,215,20.99609375
2000,1,5,215,20.99609375
9141,3,5,215,20.99609375
9287,9,0,215,20.99609375
652,5,4,215,20.99609375
9916,1,0,215,20.99609375
9973,0,1,215,20.99609375
6037,5,2,215,20.99609375
9927,9,8,216,21.09375
5041,9,7,216,21.09375
8966,3,5,216,21.09375
7587,7,4,216,21.09375
1814,9,0,216,21.09375
9966,6,3,216,21.09375
9809,3,5,216,21.09375
397,3,5,216,21.09375
4877,6,4,217,21.19140625
5084,3,7,217,21.19140625
8726,9,0,217,21.19140625
2661,3,5,217,21.19140625
5100,3,5,217,21.19140625
7521,2,3,218,21.2890625
171,9,6,219,21.38671875
5248,9,7,219,21.38671875
4181,0,2,219,21.38671875
1922,5,7,219,21.38671875
5564,6,8,219,21.38671875
9207,9,0,219,21.38671875
9177,9,0,219,21.38671875
2576,2,0,219,21.38671875
39,5,3,219,21.38671875
360,9,7,219,21.38671875
2330,0,8,220,21.484375
6374,9,0,220,21.484375
1981,3,8,220,21.484375
131,1,9,220,21.484375
1681,5,4,220,21.484375
3974,8,0,220,21.484375
2278,9,0,220,21.484375
6172,1,9,221,21.58203125
3080,1,9,221,21.58203125
544,5,2,221,21.58203125
945,3,9,221,21.58203125
3130,3,9,221,21.58203125
8990,1,0,222,21.6796875
9353,5,4,222,21.6796875
9348,5,3,222,21.6796875
7538,5,3,222,21.6796875
243,9,0,222,21.6796875
3850,9,0,222,21.6796875
6820,1,0,222,21.6796875
2017,5,4,222,21.6796875
3247,3,5,223,21.77734375
4827,9,7,223,21.77734375
541,7,4,223,21.77734375
9150,6,4,223,21.77734375
7630,9,7,223,21.77734375
9546,6,4,223,21.77734375
8499,9,7,224,21.875
5180,9,7,224,21.875
4815,9,3,224,21.875
2365,7,2,224,21.875
5346,7,4,224,21.875
7052,1,0,224,21.875
1320,7,4,224,21.875
8052,7,4,224,21.875
686,9,7,224,21.875
5895,6,2,224,21.875
5939,9,0,224,21.875
451,9,0,225,21.97265625
6657,7,0,225,21.97265625
4172,5,3,225,21.97265625
7978,4,8,225,21.97265625
722,8,0,225,21.97265625
8517,1,5,225,21.97265625
2996,8,2,225,21.97265625
5976,5,4,226,22.0703125
5364,7,4,226,22.0703125
4471,5,3,226,22.0703125
9293,7,4,226,22.0703125
194,7,4,226,22.0703125
4935,5,4,226,22.0703125
9707,5,2,226,22.0703125
614,5,3,227,22.16796875
7781,5,3,227,22.16796875
510,5,3,227,22.16796875
50,9,0,227,22.16796875
7608,5,4,227,22.16796875
6269,7,0,227,22.16796875
102,6,1,228,22.265625
1559,5,3,228,22.265625
1979,3,0,228,22.265625
4420,5,3,228,22.265625
2094,5,2,228,22.265625
2654,5,3,228,22.265625
3936,6,8,228,22.265625
9615,6,3,228,22.265625
1561,5,2,228,22.265625
2503,8,0,228,22.265625
4424,1,9,228,22.265625
2894,6,0,228,22.265625
5264,6,8,228,22.265625
6733,5,2,228,22.265625
5268,3,0,228,22.265625
4255,9,7,229,22.36328125
5291,9,0,229,22.36328125
7047,8,0,229,22.36328125
9697,8,0,229,22.36328125
1601,9,7,229,22.36328125
3432,5,3,229,22.36328125
138,2,4,229,22.36328125
6515,2,0,229,22.36328125
3404,5,3,229,22.36328125
4224,5,0,229,22.36328125
8863,5,4,229,22.36328125
2819,1,9,229,22.36328125
5192,9,0,229,22.36328125
4103,8,0,229,22.36328125
4336,9,0,229,22.36328125
9241,6,2,229,22.36328125
4723,9,7,230,22.4609375
6199,5,3,230,22.4609375
1999,5,3,230,22.4609375
1855,5,3,230,22.4609375
2047,5,3,230,22.4609375
1406,9,0,230,22.4609375
507,9,0,230,22.4609375
4822,1,3,230,22.4609375
7668,5,3,230,22.4609375
1371,1,9,230,22.4609375
1853,9,0,230,22.4609375
9364,5,3,230,22.4609375
4052,5,3,230,22.4609375
1059,8,0,230,22.4609375
1808,9,0,230,22.4609375
7076,9,0,230,22.4609375
7528,5,3,230,22.4609375
8288,5,3,230,22.4609375
6564,5,3,230,22.4609375
1689,9,7,230,22.4609375
7387,1,8,230,22.4609375
5271,5,3,230,22.4609375
4631,5,4,230,22.4609375
3535,5,3,230,22.4609375
2220,1,9,231,22.55859375
5108,1,9,231,22.55859375
8745,5,3,231,22.55859375
8648,1,9,231,22.55859375
2621,8,0,231,22.55859375
1564,1,5,231,22.55859375
7364,5,3,231,22.55859375
2832,3,5,231,22.55859375
6608,5,4,231,22.55859375
7999,6,2,231,22.55859375
5488,9,3,231,22.55859375
8477,5,3,231,22.55859375
7111,5,3,231,22.55859375
547,6,2,231,22.55859375
5627,9,7,231,22.55859375
3748,5,7,232,22.65625
4127,6,2,232,22.65625
7529,5,3,232,22.65625
1891,8,0,233,22.75390625
331,9,3,233,22.75390625
8420,3,5,233,22.75390625
5625,5,7,233,22.75390625
1442,3,5,233,22.75390625
5550,5,3,233,22.75390625
7221,3,5,234,22.8515625
7486,1,0,234,22.8515625
3949,5,4,234,22.8515625
2308,1,9,234,22.8515625
7613,9,7,234,22.8515625
1045,5,3,234,22.8515625
3939,9,0,235,22.94921875
5577,2,4,235,22.94921875
5219,2,5,235,22.94921875
8040,2,9,235,22.94921875
473,0,8,235,22.94921875
8421,2,3,235,22.94921875
3824,2,4,235,22.94921875
2107,3,5,236,23.046875
3391,3,4,236,23.046875
271,3,4,236,23.046875
4497,8,0,236,23.046875
9139,4,6,236,23.046875
1635,7,4,237,23.14453125
5504,5,3,237,23.14453125
1988,5,3,237,23.14453125
2949,3,4,237,23.14453125
2346,1,0,237,23.14453125
1987,9,0,238,23.2421875
7540,5,3,238,23.2421875
3770,9,3,238,23.2421875
4682,3,0,239,23.33984375
6867,6,4,239,23.33984375
9027,5,3,239,23.33984375
6554,5,4,239,23.33984375
514,5,4,239,23.33984375
3466,5,3,239,23.33984375
7247,8,1,239,23.33984375
7473,1,3,239,23.33984375
2150,9,0,239,23.33984375
2140,9,7,240,23.4375
6026,3,0,240,23.4375
9572,8,0,240,23.4375
4082,6,8,240,23.4375
5626,0,2,241,23.53515625
4899,2,4,241,23.53515625
9754,9,0,241,23.53515625
5196,2,0,241,23.53515625
1363,1,9,241,23.53515625
3350,8,0,241,23.53515625
8873,5,3,241,23.53515625
5823,5,3,241,23.53515625
7096,0,8,241,23.53515625
5007,3,7,241,23.53515625
6004,7,8,241,23.53515625
6513,5,7,241,23.53515625
3145,9,3,241,23.53515625
2317,5,4,242,23.6328125
6506,5,3,242,23.6328125
2572,6,2,242,23.6328125
16,5,3,242,23.6328125
3719,5,3,242,23.6328125
4578,4,2,242,23.6328125
212,5,3,242,23.6328125
2168,5,4,242,23.6328125
7338,5,4,242,23.6328125
8555,5,2,242,23.6328125
6637,9,0,243,23.73046875
4719,9,0,243,23.73046875
3365,9,0,243,23.73046875
6642,9,7,243,23.73046875
5585,0,2,243,23.73046875
4945,9,7,243,23.73046875
5579,9,5,243,23.73046875
5092,9,7,243,23.73046875
774,0,2,243,23.73046875
6509,9,3,243,23.73046875
8915,9,0,244,23.828125
4387,0,2,244,23.828125
8763,9,7,244,23.828125
8503,1,8,244,23.828125
4834,4,8,244,23.828125
517,9,0,244,23.828125
1133,4,3,244,23.828125
4791,9,0,244,23.828125
530,9,0,244,23.828125
8794,5,3,244,23.828125
8345,9,7,244,23.828125
7622,9,0,244,23.828125
6140,9,7,244,23.828125
5462,0,2,244,23.828125
2631,4,3,244,23.828125
4324,9,0,245,23.92578125
9362,9,7,245,23.92578125
2460,9,7,245,23.92578125
7067,9,7,245,23.92578125
3172,9,0,245,23.92578125
3690,9,0,245,23.92578125
2071,9,0,245,23.92578125
838,9,0,245,23.92578125
5512,9,7,245,23.92578125
9032,9,0,245,23.92578125
2475,6,3,245,23.92578125
5736,9,3,245,23.92578125
89,9,0,245,23.92578125
3161,9,0,245,23.92578125
9938,9,0,245,23.92578125
7362,9,7,245,23.92578125
3225,9,0,245,23.92578125
9096,9,7,245,23.92578125
884,9,7,245,23.92578125
1171,9,7,245,23.92578125
4380,9,7,246,24.0234375
6073,2,7,246,24.0234375
34,9,7,246,24.0234375
8879,9,0,246,24.0234375
8849,9,7,246,24.0234375
3591,6,2,246,24.0234375
7073,9,0,246,24.0234375
9122,9,7,246,24.0234375
4644,7,4,246,24.0234375
7179,9,7,246,24.0234375
6193,9,7,246,24.0234375
8564,1,8,246,24.0234375
3291,5,3,246,24.0234375
9516,9,0,247,24.12109375
1626,9,0,247,24.12109375
3166,9,0,247,24.12109375
786,3,0,247,24.12109375
9125,1,9,247,24.12109375
8000,9,0,247,24.12109375
3812,9,0,247,24.12109375
280,9,0,247,24.12109375
2932,9,7,247,24.12109375
4092,7,4,248,24.21875
5817,3,7,248,24.21875
5653,5,4,248,24.21875
141,5,3,249,24.31640625
2487,5,7,249,24.31640625
1337,5,4,249,24.31640625
9138,5,3,249,24.31640625
4146,2,4,249,24.31640625
8496,0,8,249,24.31640625
4988,5,4,249,24.31640625
3393,5,6,249,24.31640625
879,7,2,250,24.4140625
4802,0,2,250,24.4140625
1553,4,2,250,24.4140625
3836,7,4,250,24.4140625
203,7,4,250,24.4140625
7715,1,9,250,24.4140625
2518,7,5,251,24.51171875
3389,1,9,251,24.51171875
2201,5,2,251,24.51171875
937,5,4,251,24.51171875
7927,7,4,251,24.51171875
9907,1,9,251,24.51171875
7484,1,8,251,24.51171875
6980,0,8,251,24.51171875
6118,0,8,251,24.51171875
1810,1,9,251,24.51171875
8797,9,7,251,24.51171875
3053,4,3,252,24.609375
9913,7,4,252,24.609375
9026,9,0,252,24.609375
9255,3,0,252,24.609375
320,3,5,252,24.609375
8497,4,3,252,24.609375
5965,7,4,252,24.609375
3628,3,7,252,24.609375
8008,0,8,253,24.70703125
8789,5,3,253,24.70703125
6646,5,0,253,24.70703125
2945,7,4,253,24.70703125
5651,4,3,253,24.70703125
2337,7,5,253,24.70703125
9869,7,5,253,24.70703125
8031,0,8,253,24.70703125
3424,5,3,253,24.70703125
1209,7,4,253,24.70703125
2860,5,4,253,24.70703125
9539,0,8,253,24.70703125
7934,8,0,253,24.70703125
1102,8,0,253,24.70703125
9845,9,7,253,24.70703125
1959,0,8,253,24.70703125
2139,8,0,253,24.70703125
718,4,2,253,24.70703125
2375,0,8,253,24.70703125
8062,2,4,254,24.8046875
1169,7,4,254,24.8046875
1432,9,0,254,24.8046875
8619,5,3,254,24.8046875
2588,4,3,254,24.8046875
1653,9,0,254,24.8046875
969,9,0,254,24.8046875
9566,9,0,254,24.8046875
5273,7,4,255,24.90234375
3751,7,4,255,24.90234375
7520,4,2,255,24.90234375
9180,5,3,255,24.90234375
28,9,7,255,24.90234375
6357,7,4,255,24.90234375
3200,5,3,255,24.90234375
9682,7,5,255,24.90234375
2028,7,4,255,24.90234375
8710,7,4,255,24.90234375
7991,9,0,255,24.90234375
3252,4,2,255,24.90234375
7729,9,0,255,24.90234375
2794,0,8,255,24.90234375
7942,9,0,255,24.90234375
4289,7,4,255,24.90234375
2259,5,7,255,24.90234375
6043,5,4,255,24.90234375
1832,6,2,256,25.0
2328,7,4,256,25.0
7346,5,4,256,25.0
2143,9,0,256,25.0
2501,4,2,256,25.0
3796,5,3,256,25.0
9723,7,5,256,25.0
9605,5,4,256,25.0
6607,7,4,256,25.0
6308,4,2,256,25.0
1361,9,0,256,25.0
6358,7,4,256,25.0
1967,7,4,256,25.0
7336,5,4,256,25.0
9330,4,2,256,25.0
1331,8,0,256,25.0
2908,7,2,256,25.0
5337,5,4,256,25.0
4241,5,4,256,25.0
7089,7,4,256,25.0
6649,9,0,256,25.0
4777,5,3,256,25.0
9540,5,4,256,25.0
7824,9,0,256,25.0
7287,5,3,256,25.0
5634,4,2,256,25.0
3043,4,2,257,25.09765625
4035,2,3,257,25.09765625
3832,7,4,257,25.09765625
4797,5,3,257,25.09765625
3131,7,4,257,25.09765625
5430,7,4,257,25.09765625
4041,7,4,257,25.09765625
5059,4,0,257,25.09765625
3648,7,4,257,25.09765625
5049,7,4,257,25.09765625
5775,7,4,257,25.09765625
6482,7,4,257,25.09765625
8091,7,2,257,25.09765625
3994,8,0,257,25.09765625
5333,7,4,257,25.09765625
6495,7,4,257,25.09765625
3881,7,4,257,25.09765625
9485,7,4,257,25.09765625
9372,7,2,257,25.09765625
8683,7,9,257,25.09765625
7008,1,9,257,25.09765625
6448,7,5,258,25.1953125
6051,4,3,258,25.1953125
9706,9,7,258,25.1953125
468,7,4,258,25.1953125
729,5,3,258,25.1953125
9390,7,4,258,25.1953125
4240,7,4,258,25.1953125
8142,7,8,258,25.1953125
5647,5,3,258,25.1953125
2291,5,3,258,25.1953125
9944,7,4,258,25.1953125
9917,2,0,258,25.1953125
5234,7,4,258,25.1953125
7326,4,3,258,25.1953125
2915,5,4,258,25.1953125
9102,7,4,258,25.1953125
9984,7,4,258,25.1953125
2801,5,4,258,25.1953125
3308,7,4,258,25.1953125
9952,5,4,258,25.1953125
2559,7,5,258,25.1953125
3908,2,0,258,25.1953125
6978,4,3,259,25.29296875
7887,5,2,259,25.29296875
443,9,0,259,25.29296875
561,7,4,259,25.29296875
143,3,7,259,25.29296875
9720,8,0,259,25.29296875
2981,4,3,259,25.29296875
1793,5,2,259,25.29296875
9799,7,4,259,25.29296875
5123,7,2,259,25.29296875
1000,5,4,259,25.29296875
8438,1,3,259,25.29296875
7405,7,2,259,25.29296875
2686,7,4,259,25.29296875
3710,2,4,259,25.29296875
5143,9,7,260,25.390625
1227,3,7,260,25.390625
2298,0,8,260,25.390625
1201,7,4,260,25.390625
9953,7,4,260,25.390625
3944,7,0,260,25.390625
3795,7,4,260,25.390625
9061,7,4,260,25.390625
6196,3,2,260,25.390625
20,7,4,260,25.390625
4457,3,5,260,25.390625
2640,7,4,260,25.390625
9594,9,7,260,25.390625
9159,9,7,260,25.390625
7288,7,4,261,25.48828125
1588,5,4,261,25.48828125
950,3,7,261,25.48828125
83,7,4,261,25.48828125
4781,7,4,261,25.48828125
9838,5,3,261,25.48828125
3217,7,4,261,25.48828125
9013,7,4,261,25.48828125
8206,7,4,261,25.48828125
3665,7,4,261,25.48828125
506,7,4,261,25.48828125
4071,3,1,261,25.48828125
1096,7,4,261,25.48828125
2826,4,2,261,25.48828125
5403,7,4,261,25.48828125
5161,3,7,261,25.48828125
5768,7,4,261,25.48828125
2878,3,5,262,25.5859375
56,7,4,262,25.5859375
4924,7,4,262,25.5859375
4536,9,0,262,25.5859375
1173,3,9,262,25.5859375
3244,7,4,262,25.5859375
2088,7,4,262,25.5859375
8310,3,5,262,25.5859375
8510,7,4,262,25.5859375
4411,5,4,262,25.5859375
3254,3,7,262,25.5859375
2297,7,4,262,25.5859375
5677,7,4,262,25.5859375
4088,7,4,262,25.5859375
8188,7,4,262,25.5859375
4169,3,7,262,25.5859375
4469,5,4,263,25.68359375
3184,0,8,263,25.68359375
7245,4,2,263,25.68359375
3006,5,3,263,25.68359375
1901,5,2,263,25.68359375
7289,0,8,263,25.68359375
7337,6,4,263,25.68359375
2963,3,2,263,25.68359375
3337,7,0,263,25.68359375
9611,8,0,263,25.68359375
1679,7,4,263,25.68359375
7372,5,3,263,25.68359375
2677,7,4,263,25.68359375
6747,8,0,263,25.68359375
1415,7,5,263,25.68359375
3266,7,2,263,25.68359375
4509,7,4,263,25.68359375
460,5,3,263,25.68359375
8108,5,3,263,25.68359375
4096,8,0,263,25.68359375
339,7,9,263,25.68359375
6757,4,2,263,25.68359375
1037,7,9,264,25.78125
3093,7,4,264,25.78125
248,2,4,264,25.78125
8481,3,0,264,25.78125
741,7,4,265,25.87890625
6955,7,4,265,25.87890625
6319,7,0,265,25.87890625
8353,7,4,265,25.87890625
7379,7,4,265,25.87890625
5637,7,4,265,25.87890625
4084,7,2,265,25.87890625
13,7,2,265,25.87890625
6550,1,9,265,25.87890625
4602,1,9,265,25.87890625
3259,3,2,265,25.87890625
9597,4,2,265,25.87890625
9155,5,4,265,25.87890625
7442,7,0,265,25.87890625
4450,0,8,265,25.87890625
8147,5,3,265,25.87890625
1120,5,4,265,25.87890625
2151,5,3,265,25.87890625
4974,7,4,265,25.87890625
6633,0,2,265,25.87890625
620,7,6,265,25.87890625
1657,5,4,265,25.87890625
9016,1,8,265,25.87890625
4185,7,4,265,25.87890625
2012,5,3,265,25.87890625
1198,7,4,266,25.9765625
8124,7,4,266,25.9765625
5635,7,4,266,25.9765625
4825,7,2,266,25.9765625
7578,9,3,266,25.9765625
5447,5,3,266,25.9765625
8406,9,0,266,25.9765625
3590,7,4,266,25.9765625
9331,7,0,266,25.9765625
2180,4,2,266,25.9765625
4332,7,2,266,25.9765625
2803,5,3,266,25.9765625
1478,7,4,266,25.9765625
3135,7,3,267,26.07421875
1831,9,0,267,26.07421875
7038,0,2,267,26.07421875
8024,0,2,267,26.07421875
4018,9,0,267,26.07421875
2608,4,2,267,26.07421875
3044,7,4,267,26.07421875
4885,2,3,267,26.07421875
3223,7,4,267,26.07421875
4584,4,2,267,26.07421875
3060,7,4,267,26.07421875
8851,0,8,267,26.07421875
6696,0,4,267,26.07421875
5010,7,4,267,26.07421875
7178,0,8,267,26.07421875
7805,9,4,267,26.07421875
304,6,2,268,26.171875
6126,3,2,268,26.171875
8509,6,8,268,26.171875
1486,7,2,268,26.171875
7160,5,3,268,26.171875
2079,0,2,268,26.171875
7116,0,3,268,26.171875
7553,9,0,268,26.171875
5360,9,7,268,26.171875
6391,9,5,268,26.171875
4923,7,4,268,26.171875
8793,7,3,268,26.171875
4595,9,0,268,26.171875
3436,4,2,268,26.171875
5523,6,2,268,26.171875
5576,5,3,269,26.26953125
8059,3,4,269,26.26953125
8821,7,4,269,26.26953125
3367,7,2,269,26.26953125
5236,0,8,269,26.26953125
3082,7,0,269,26.26953125
7084,4,3,269,26.26953125
9855,7,4,269,26.26953125
7835,0,8,269,26.26953125
5716,0,8,269,26.26953125
4548,0,4,269,26.26953125
5948,0,8,269,26.26953125
3894,7,4,269,26.26953125
5605,3,5,269,26.26953125
8461,7,4,269,26.26953125
4758,9,0,270,26.3671875
3103,6,2,270,26.3671875
1914,9,7,270,26.3671875
4656,9,0,270,26.3671875
6186,9,7,270,26.3671875
7157,5,3,270,26.3671875
979,9,7,270,26.3671875
707,9,3,270,26.3671875
9835,7,4,270,26.3671875
3096,7,0,270,26.3671875
958,7,4,270,26.3671875
8319,7,4,271,26.46484375
9700,0,4,271,26.46484375
8852,7,4,271,26.46484375
1754,7,4,271,26.46484375
9493,0,8,271,26.46484375
5136,9,3,271,26.46484375
8538,7,3,271,26.46484375
4940,6,2,271,26.46484375
326,7,4,271,26.46484375
8680,3,2,271,26.46484375
6712,0,4,271,26.46484375
6846,9,0,271,26.46484375
1104,9,5,272,26.5625
9424,2,0,272,26.5625
1630,9,0,272,26.5625
7747,3,4,272,26.5625
8739,3,0,272,26.5625
3147,2,8,272,26.5625
3954,5,4,272,26.5625
8908,9,3,272,26.5625
795,7,4,272,26.5625
6480,0,4,272,26.5625
8018,8,0,272,26.5625
4049,4,2,272,26.5625
8531,8,0,272,26.5625
5920,8,0,273,26.66015625
2400,0,8,273,26.66015625
7070,7,4,273,26.66015625
5225,0,8,273,26.66015625
8790,0,8,273,26.66015625
4961,8,0,273,26.66015625
8186,8,0,273,26.66015625
2064,8,0,273,26.66015625
9600,8,0,273,26.66015625
602,0,8,273,26.66015625
2356,8,0,273,26.66015625
5898,8,0,274,26.7578125
2523,4,0,274,26.7578125
1943,8,0,274,26.7578125
9680,8,0,274,26.7578125
4944,8,0,274,26.7578125
2914,6,2,274,26.7578125
7033,8,0,274,26.7578125
6891,9,7,274,26.7578125
5790,9,0,274,26.7578125
5619,8,0,274,26.7578125
6209,7,4,274,26.7578125
1846,2,8,274,26.7578125
4919,8,0,274,26.7578125
4459,8,0,274,26.7578125
7716,5,4,274,26.7578125
3709,5,3,274,26.7578125
8393,8,0,274,26.7578125
6376,8,0,274,26.7578125
713,7,4,275,26.85546875
8117,8,0,275,26.85546875
1301,1,9,275,26.85546875
1200,8,0,275,26.85546875
2663,7,3,275,26.85546875
4498,8,0,275,26.85546875
4848,1,8,275,26.85546875
6244,8,0,275,26.85546875
9843,1,0,275,26.85546875
1571,5,4,275,26.85546875
6613,8,0,275,26.85546875
3182,8,0,275,26.85546875
348,8,0,275,26.85546875
6379,8,0,275,26.85546875
576,8,0,275,26.85546875
5531,8,0,275,26.85546875
8067,8,0,275,26.85546875
3566,7,4,275,26.85546875
3686,8,0,275,26.85546875
1856,8,0,275,26.85546875
66,1,8,275,26.85546875
6464,1,9,275,26.85546875
8187,5,4,275,26.85546875
7172,4,3,276,26.953125
2583,7,4,276,26.953125
7968,8,0,276,26.953125
5363,7,4,276,26.953125
2399,8,0,276,26.953125
41,6,2,276,26.953125
7039,4,6,276,26.953125
6449,8,0,276,26.953125
3116,7,4,276,26.953125
364,9,0,276,26.953125
7043,6,8,276,26.953125
7996,7,4,276,26.953125
832,2,0,276,26.953125
4389,8,0,276,26.953125
7423,6,2,276,26.953125
1414,1,0,277,27.05078125
1487,9,0,277,27.05078125
6099,7,4,277,27.05078125
6089,7,4,277,27.05078125
6787,5,3,277,27.05078125
5285,1,0,277,27.05078125
1667,6,2,278,27.1484375
5464,7,4,278,27.1484375
1111,8,0,278,27.1484375
9020,7,4,278,27.1484375
6038,4,5,278,27.1484375
413,6,8,278,27.1484375
1275,3,7,278,27.1484375
3831,5,0,279,27.24609375
3268,5,4,279,27.24609375
7194,8,0,279,27.24609375
9980,0,8,279,27.24609375
9307,7,4,279,27.24609375
8111,5,4,279,27.24609375
155,5,3,279,27.24609375
3701,1,2,279,27.24609375
3123,8,0,279,27.24609375
8707,2,0,280,27.34375
8088,7,4,280,27.34375
8086,4,8,280,27.34375
6829,8,0,280,27.34375
1157,7,1,281,27.44140625
7086,7,4,281,27.44140625
2225,7,4,281,27.44140625
7656,1,0,281,27.44140625
4841,1,0,281,27.44140625
1170,7,5,281,27.44140625
7682,8,0,281,27.44140625
5024,1,3,281,27.44140625
4663,1,9,281,27.44140625
5929,7,5,281,27.44140625
5114,7,0,281,27.44140625
3855,1,9,281,27.44140625
4069,5,4,281,27.44140625
3802,7,1,281,27.44140625
7049,2,0,282,27.5390625
1956,7,5,282,27.5390625
7281,7,4,282,27.5390625
2627,7,4,282,27.5390625
4803,7,4,282,27.5390625
6532,5,4,282,27.5390625
803,7,4,282,27.5390625
5301,7,4,282,27.5390625
1311,8,0,282,27.5390625
1909,3,4,282,27.5390625
5746,7,4,282,27.5390625
4831,1,0,283,27.63671875
4875,1,8,283,27.63671875
4025,1,2,283,27.63671875
5766,8,0,283,27.63671875
6900,3,1,283,27.63671875
8734,2,9,283,27.63671875
8559,1,9,283,27.63671875
175,9,7,283,27.63671875
4422,3,2,283,27.63671875
858,7,4,284,27.734375
4839,7,4,284,27.734375
4,6,3,284,27.734375
4256,8,0,285,27.83203125
8360,7,4,285,27.83203125
2117,7,4,285,27.83203125
3684,9,0,285,27.83203125
1246,7,3,285,27.83203125
3878,5,4,285,27.83203125
6578,6,7,285,27.83203125
1789,0,8,285,27.83203125
2679,0,2,285,27.83203125
2710,7,4,285,27.83203125
8246,8,0,286,27.9296875
386,7,4,286,27.9296875
698,7,4,286,27.9296875
9673,9,8,286,27.9296875
9081,7,4,286,27.9296875
4994,7,4,286,27.9296875
6144,7,5,287,28.02734375
362,8,0,287,28.02734375
9208,0,8,288,28.125
8328,7,4,288,28.125
2131,7,9,288,28.125
3567,6,4,288,28.125
9504,6,4,288,28.125
217,9,8,288,28.125
5584,0,8,288,28.125
5696,7,0,288,28.125
3429,0,8,288,28.125
7742,0,8,289,28.22265625
8063,0,8,289,28.22265625
4039,7,4,289,28.22265625
1744,0,8,289,28.22265625
8639,7,4,289,28.22265625
6745,7,4,289,28.22265625
2792,0,8,289,28.22265625
375,7,4,289,28.22265625
9401,9,0,289,28.22265625
297,0,8,289,28.22265625
5583,0,8,289,28.22265625
9167,7,4,289,28.22265625
5220,0,8,289,28.22265625
372,9,8,289,28.22265625
2263,6,3,290,28.3203125
6837,5,7,290,28.3203125
2796,7,4,290,28.3203125
6114,9,0,290,28.3203125
747,6,3,290,28.3203125
1079,6,0,290,28.3203125
4460,9,8,290,28.3203125
4432,7,2,290,28.3203125
7057,6,4,291,28.41796875
3893,9,0,291,28.41796875
3289,8,0,291,28.41796875
9991,0,8,291,28.41796875
2092,1,8,291,28.41796875
8452,4,2,291,28.41796875
5107,9,0,291,28.41796875
2008,9,8,291,28.41796875
8796,9,8,291,28.41796875
6561,9,8,292,28.515625
9382,9,0,292,28.515625
951,9,0,292,28.515625
7454,0,8,292,28.515625
1563,9,8,292,28.515625
350,9,1,292,28.515625
2693,9,8,292,28.515625
1629,9,8,292,28.515625
3395,9,8,292,28.515625
9099,9,8,292,28.515625
2336,9,0,292,28.515625
5567,6,2,293,28.61328125
6624,4,2,293,28.61328125
4402,4,2,293,28.61328125
527,0,8,293,28.61328125
3087,0,8,293,28.61328125
5299,7,4,293,28.61328125
5858,7,4,294,28.7109375
5606,7,9,294,28.7109375
3777,7,4,294,28.7109375
240,1,8,294,28.7109375
3664,6,4,294,28.7109375
7757,6,3,294,28.7109375
6452,4,5,295,28.80859375
7461,9,0,295,28.80859375
2441,4,3,295,28.80859375
9659,4,2,295,28.80859375
380,6,4,295,28.80859375
1821,4,3,295,28.80859375
5850,6,2,295,28.80859375
403,8,0,296,28.90625
2062,7,4,296,28.90625
398,0,8,296,28.90625
6201,3,7,296,28.90625
3173,9,0,296,28.90625
658,4,2,296,28.90625
5270,1,6,296,28.90625
6147,9,0,297,29.00390625
1865,7,4,297,29.00390625
2302,0,2,297,29.00390625
9595,7,5,297,29.00390625
7865,3,5,297,29.00390625
9655,8,0,297,29.00390625
4268,4,3,298,29.1015625
1596,0,2,298,29.1015625
4651,8,0,298,29.1015625
3482,7,0,298,29.1015625
2103,1,9,298,29.1015625
7450,1,8,298,29.1015625
4920,7,4,298,29.1015625
3037,8,0,298,29.1015625
2697,0,5,298,29.1015625
7435,7,1,299,29.19921875
6342,8,0,299,29.19921875
3530,6,2,299,29.19921875
743,7,4,299,29.19921875
1477,7,4,299,29.19921875
2133,3,7,299,29.19921875
2439,1,9,299,29.19921875
2842,7,4,299,29.19921875
4249,4,3,300,29.296875
1645,4,3,300,29.296875
7911,2,5,301,29.39453125
661,4,7,301,29.39453125
5489,7,4,301,29.39453125
1719,0,8,301,29.39453125
482,8,0,301,29.39453125
2189,2,0,301,29.39453125
4444,8,0,301,29.39453125
881,4,3,302,29.4921875
5153,7,0,302,29.4921875
60,7,4,303,29.58984375
9278,7,4,303,29.58984375
2204,9,0,303,29.58984375
471,7,3,304,29.6875
9468,7,0,304,29.6875
7226,7,9,304,29.6875
6129,4,0,304,29.6875
1196,2,4,304,29.6875
2965,7,4,304,29.6875
6132,7,4,304,29.6875
5776,5,4,304,29.6875
1250,7,0,304,29.6875
3698,8,0,305,29.78515625
9875,9,8,305,29.78515625
3462,2,8,305,29.78515625
6847,8,0,305,29.78515625
9778,3,5,305,29.78515625
4184,4,2,305,29.78515625
5588,3,7,305,29.78515625
4694,7,4,305,29.78515625
750,9,0,305,29.78515625
3375,4,2,305,29.78515625
8085,2,4,305,29.78515625
6284,0,4,306,29.8828125
4186,7,4,306,29.8828125
2676,4,3,306,29.8828125
1075,8,0,307,29.98046875
3851,4,2,307,29.98046875
8240,7,4,307,29.98046875
4417,9,0,307,29.98046875
3952,4,2,307,29.98046875
7984,8,0,307,29.98046875
5382,0,4,307,29.98046875
2655,4,2,307,29.98046875
9651,7,2,307,29.98046875
1015,4,6,307,29.98046875
5247,7,9,307,29.98046875
5037,0,8,307,29.98046875
566,9,0,308,30.078125
6918,4,8,308,30.078125
6411,8,0,308,30.078125
9062,9,0,309,30.17578125
3691,1,9,309,30.17578125
7434,0,8,310,30.2734375
3747,9,0,310,30.2734375
3548,0,8,310,30.2734375
4977,9,0,310,30.2734375
7016,3,5,310,30.2734375
5137,9,0,310,30.2734375
6321,8,0,310,30.2734375
1573,0,8,311,30.37109375
2622,0,8,311,30.37109375
9996,3,5,311,30.37109375
3685,2,4,311,30.37109375
497,2,0,311,30.37109375
3303,8,0,311,30.37109375
5569,0,2,311,30.37109375
5562,4,2,311,30.37109375
4363,9,8,311,30.37109375
6176,9,0,311,30.37109375
2170,2,4,311,30.37109375
8725,8,0,311,30.37109375
7570,1,9,311,30.37109375
9008,0,8,312,30.46875
5237,4,3,312,30.46875
557,4,7,312,30.46875
9481,2,4,312,30.46875
626,9,0,312,30.46875
3866,0,2,312,30.46875
9051,8,0,313,30.56640625
7929,0,2,313,30.56640625
1748,0,2,315,30.76171875
5014,7,8,315,30.76171875
2215,0,4,316,30.859375
1278,2,5,316,30.859375
7773,4,6,316,30.859375
9525,2,4,316,30.859375
135,2,4,316,30.859375
9044,2,4,316,30.859375
7635,9,0,317,30.95703125
2831,3,5,317,30.95703125
177,7,0,317,30.95703125
5767,7,3,317,30.95703125
1046,2,4,317,30.95703125
9157,3,5,318,31.0546875
8181,3,7,318,31.0546875
3699,9,8,319,31.15234375
8948,6,4,319,31.15234375
278,4,2,319,31.15234375
5135,1,9,320,31.25
9865,1,9,320,31.25
8159,8,1,320,31.25
3942,1,9,320,31.25
7437,3,0,320,31.25
3577,9,8,320,31.25
2004,7,1,321,31.34765625
7478,7,0,321,31.34765625
7412,9,0,321,31.34765625
2221,2,4,321,31.34765625
1160,8,0,321,31.34765625
5622,1,7,321,31.34765625
9286,7,4,321,31.34765625
4979,9,6,321,31.34765625
7704,1,9,321,31.34765625
4929,9,0,322,31.4453125
5402,4,2,322,31.4453125
3680,0,2,322,31.4453125
8162,9,1,322,31.4453125
4518,9,0,322,31.4453125
8807,6,4,322,31.4453125
3010,6,4,322,31.4453125
4828,4,2,323,31.54296875
8690,8,0,323,31.54296875
5502,6,4,323,31.54296875
2214,4,6,323,31.54296875
7307,8,0,323,31.54296875
7564,8,0,323,31.54296875
344,8,0,323,31.54296875
3008,8,0,323,31.54296875
4620,7,5,323,31.54296875
1691,8,0,323,31.54296875
9502,6,7,323,31.54296875
6730,8,0,323,31.54296875
5498,9,5,323,31.54296875
8998,9,0,323,31.54296875
2858,4,5,323,31.54296875
8060,6,4,324,31.640625
5922,7,2,324,31.640625
5666,6,2,324,31.640625
5120,9,0,324,31.640625
9885,8,0,324,31.640625
8116,9,0,324,31.640625
3055,9,0,324,31.640625
4033,6,4,324,31.640625
5421,6,2,324,31.640625
1408,1,3,324,31.640625
5148,3,5,324,31.640625
5039,6,2,324,31.640625
7977,8,0,324,31.640625
103,3,0,324,31.640625
9961,3,0,324,31.640625
3572,3,4,324,31.640625
1264,8,0,324,31.640625
9691,6,2,324,31.640625
209,9,8,325,31.73828125
4647,1,9,325,31.73828125
4219,0,8,325,31.73828125
3272,7,4,325,31.73828125
891,6,2,325,31.73828125
2410,3,0,325,31.73828125
8065,9,7,325,31.73828125
7147,5,0,325,31.73828125
4133,2,9,326,31.8359375
2258,1,2,326,31.8359375
0,3,6,326,31.8359375
6766,8,0,326,31.8359375
315,0,4,327,31.93359375
963,6,3,327,31.93359375
2279,9,0,327,31.93359375
328,4,0,327,31.93359375
8233,4,7,327,31.93359375
4008,8,0,327,31.93359375
4789,9,0,327,31.93359375
2412,6,8,327,31.93359375
7905,3,7,327,31.93359375
9971,9,0,328,32.03125
2869,4,0,328,32.03125
3744,4,7,328,32.03125
9281,3,0,328,32.03125
2946,9,0,328,32.03125
7596,3,0,328,32.03125
6438,4,7,328,32.03125
8277,4,7,328,32.03125
94,4,7,328,32.03125
3529,6,3,328,32.03125
9429,4,7,328,32.03125
5035,5,7,329,32.12890625
890,4,3,329,32.12890625
3261,0,8,329,32.12890625
2177,9,5,329,32.12890625
9667,9,0,329,32.12890625
7180,6,2,329,32.12890625
1928,4,2,329,32.12890625
9076,6,4,329,32.12890625
6673,4,2,329,32.12890625
9858,4,2,329,32.12890625
5600,6,8,329,32.12890625
8964,0,8,329,32.12890625
783,6,2,329,32.12890625
6984,1,9,329,32.12890625
7239,4,0,330,32.2265625
2820,6,2,330,32.2265625
7006,6,2,330,32.2265625
3739,7,9,331,32.32421875
2853,9,0,331,32.32421875
8104,7,4,331,32.32421875
3231,3,0,331,32.32421875
1142,8,0,331,32.32421875
294,3,1,332,32.421875
8127,9,0,332,32.421875
6256,9,0,332,32.421875
8132,8,0,332,32.421875
6907,6,4,332,32.421875
5994,4,2,333,32.51953125
1674,4,2,333,32.51953125
299,6,2,333,32.51953125
3368,9,0,333,32.51953125
3377,7,4,333,32.51953125
236,4,2,333,32.51953125
5414,4,2,333,32.51953125
5916,9,0,333,32.51953125
1824,9,0,333,32.51953125
4571,4,5,333,32.51953125
2550,4,3,333,32.51953125
2381,5,3,333,32.51953125
1773,5,7,333,32.51953125
8963,6,4,334,32.6171875
1578,6,2,334,32.6171875
4053,4,7,334,32.6171875
2754,9,0,334,32.6171875
762,6,2,334,32.6171875
7249,9,0,335,32.71484375
7301,6,2,335,32.71484375
9511,4,7,335,32.71484375
784,7,5,335,32.71484375
5345,4,7,335,32.71484375
6709,3,5,335,32.71484375
5131,6,4,335,32.71484375
5451,6,4,335,32.71484375
2741,6,2,335,32.71484375
804,4,2,335,32.71484375
395,6,3,335,32.71484375
4884,4,0,335,32.71484375
1877,3,5,335,32.71484375
5515,4,0,335,32.71484375
341,6,4,335,32.71484375
1154,6,2,336,32.8125
2069,4,0,336,32.8125
4902,4,7,336,32.8125
7534,6,4,336,32.8125
5042,2,3,337,32.91015625
5501,6,4,337,32.91015625
5367,0,8,337,32.91015625
170,9,0,337,32.91015625
7720,5,4,337,32.91015625
3809,4,2,337,32.91015625
971,4,3,337,32.91015625
1919,4,2,337,32.91015625
4641,5,4,337,32.91015625
2623,4,2,337,32.91015625
1958,6,3,338,33.0078125
2617,3,0,338,33.0078125
3141,9,0,338,33.0078125
4091,9,0,338,33.0078125
4685,4,3,338,33.0078125
2304,6,4,339,33.10546875
1085,4,3,339,33.10546875
6192,6,0,339,33.10546875
9703,4,0,339,33.10546875
6074,4,9,339,33.10546875
7654,4,3,339,33.10546875
5393,4,7,339,33.10546875
4575,6,2,339,33.10546875
5121,6,2,339,33.10546875
1522,4,2,340,33.203125
6170,2,0,340,33.203125
7132,4,2,340,33.203125
1562,6,8,340,33.203125
1381,6,0,340,33.203125
5513,6,3,340,33.203125
5935,6,4,340,33.203125
4073,6,3,340,33.203125
3766,4,7,340,33.203125
5359,6,8,340,33.203125
1971,4,3,340,33.203125
5030,4,8,340,33.203125
5429,6,2,340,33.203125
9365,6,3,340,33.203125
6863,6,0,340,33.203125
3088,6,4,340,33.203125
839,2,0,340,33.203125
6483,6,4,340,33.203125
1781,6,3,341,33.30078125
5494,9,0,341,33.30078125
501,6,4,341,33.30078125
2260,4,7,341,33.30078125
9060,9,8,341,33.30078125
3118,6,4,341,33.30078125
5016,6,4,341,33.30078125
2499,6,8,341,33.30078125
3126,9,0,341,33.30078125
4985,4,2,341,33.30078125
3516,9,0,341,33.30078125
8089,9,0,341,33.30078125
7327,4,2,341,33.30078125
3958,9,0,342,33.3984375
3861,6,2,342,33.3984375
7787,5,0,342,33.3984375
7135,4,2,343,33.49609375
6019,6,0,343,33.49609375
314,4,7,343,33.49609375
4916,6,2,343,33.49609375
8080,4,3,343,33.49609375
9695,0,8,343,33.49609375
8337,3,4,343,33.49609375
8272,9,0,344,33.59375
9486,4,2,344,33.59375
7137,5,2,344,33.59375
6801,6,4,344,33.59375
4874,9,0,344,33.59375
6311,3,0,344,33.59375
5998,7,0,344,33.59375
9972,4,0,345,33.69140625
8281,3,8,345,33.69140625
6148,4,2,345,33.69140625
2407,9,0,345,33.69140625
2282,9,0,345,33.69140625
2926,9,0,345,33.69140625
9037,9,0,345,33.69140625
8669,4,2,345,33.69140625
7775,2,6,345,33.69140625
8349,4,0,345,33.69140625
4983,6,1,345,33.69140625
7269,7,4,345,33.69140625
5152,9,0,345,33.69140625
1189,0,2,345,33.69140625
9136,6,8,346,33.7890625
705,4,5,346,33.7890625
5376,5,4,346,33.7890625
2846,6,8,346,33.7890625
8989,4,5,346,33.7890625
6587,3,0,346,33.7890625
3300,4,9,346,33.7890625
3284,4,7,347,33.88671875
8971,6,8,347,33.88671875
2015,4,2,347,33.88671875
1186,4,2,347,33.88671875
7140,4,3,347,33.88671875
595,4,0,347,33.88671875
6784,9,8,347,33.88671875
442,9,0,347,33.88671875
225,9,0,347,33.88671875
7659,2,4,347,33.88671875
5239,4,0,348,33.984375
1313,1,9,348,33.984375
1777,4,3,348,33.984375
9628,9,0,348,33.984375
4915,5,9,348,33.984375
2656,9,0,348,33.984375
7782,8,0,348,33.984375
8126,4,0,348,33.984375
4484,4,2,348,33.984375
4511,6,4,348,33.984375
9447,4,3,348,33.984375
8780,4,2,348,33.984375
6246,4,7,348,33.984375
546,1,8,348,33.984375
1952,4,5,349,34.08203125
4488,4,7,349,34.08203125
9500,9,3,349,34.08203125
4419,0,2,349,34.08203125
3335,0,9,349,34.08203125
7957,4,2,349,34.08203125
2465,9,0,349,34.08203125
4383,4,6,349,34.08203125
4645,4,5,349,34.08203125
6628,4,3,350,34.1796875
4227,4,5,350,34.1796875
2030,4,9,350,34.1796875
7702,4,2,350,34.1796875
8442,6,0,350,34.1796875
480,8,0,350,34.1796875
2907,9,0,350,34.1796875
6307,4,3,351,34.27734375
8865,7,4,351,34.27734375
1341,4,3,351,34.27734375
9006,6,2,351,34.27734375
465,4,6,351,34.27734375
5636,4,7,351,34.27734375
7356,0,2,351,34.27734375
6683,5,4,351,34.27734375
6735,9,0,351,34.27734375
3526,4,7,351,34.27734375
389,5,4,351,34.27734375
140,6,2,351,34.27734375
5181,1,9,351,34.27734375
3374,6,0,352,34.375
7299,6,0,352,34.375
667,0,8,352,34.375
8846,6,0,352,34.375
9645,1,9,352,34.375
3122,1,3,352,34.375
7344,4,7,352,34.375
8946,9,0,352,34.375
2871,3,8,352,34.375
3224,6,2,352,34.375
1734,9,0,352,34.375
9263,6,8,353,34.47265625
3945,5,4,353,34.47265625
1526,4,3,353,34.47265625
928,0,2,353,34.47265625
7647,6,4,354,34.5703125
9270,9,0,354,34.5703125
2406,4,3,354,34.5703125
1082,9,0,354,34.5703125
7872,9,0,354,34.5703125
6409,9,0,354,34.5703125
454,9,8,354,34.5703125
3250,2,6,354,34.5703125
1305,9,0,354,34.5703125
8950,9,0,354,34.5703125
6410,1,9,354,34.5703125
8312,9,0,354,34.5703125
4800,9,0,354,34.5703125
2419,4,3,354,34.5703125
8129,2,9,355,34.66796875
3967,4,3,355,34.66796875
3473,2,0,355,34.66796875
8332,9,0,355,34.66796875
3128,9,1,355,34.66796875
8995,9,0,355,34.66796875
2918,2,8,355,34.66796875
3822,4,3,356,34.765625
8895,0,2,356,34.765625
3677,4,0,356,34.765625
1927,9,0,356,34.765625
3644,9,0,356,34.765625
2493,9,0,356,34.765625
8380,9,0,356,34.765625
2671,6,0,356,34.765625
2653,4,0,356,34.765625
3616,4,7,356,34.765625
429,6,2,357,34.86328125
8632,3,8,357,34.86328125
4763,0,2,357,34.86328125
1484,4,3,357,34.86328125
7200,4,6,357,34.86328125
2119,6,3,357,34.86328125
2272,7,4,357,34.86328125
9210,7,3,358,34.9609375
267,4,0,358,34.9609375
2178,3,8,358,34.9609375
5782,7,4,358,34.9609375
608,3,0,358,34.9609375
6855,4,7,358,34.9609375
7597,9,0,358,34.9609375
4031,4,7,358,34.9609375
9608,0,2,359,35.05859375
223,4,3,359,35.05859375
9887,5,2,359,35.05859375
4493,4,7,359,35.05859375
1555,0,2,360,35.15625
4826,3,5,360,35.15625
7061,4,3,360,35.15625
777,6,2,360,35.15625
4576,4,3,360,35.15625
4761,9,0,361,35.25390625
509,4,0,361,35.25390625
1106,9,0,361,35.25390625
2445,6,9,361,35.25390625
8175,3,8,361,35.25390625
3188,4,3,361,35.25390625
1722,6,0,361,35.25390625
5317,4,7,361,35.25390625
9724,0,2,361,35.25390625
9354,0,2,361,35.25390625
3054,4,8,361,35.25390625
3004,4,8,361,35.25390625
7550,4,3,362,35.3515625
2561,6,3,362,35.3515625
7368,5,4,362,35.3515625
1441,4,2,362,35.3515625
3675,4,0,362,35.3515625
6336,4,0,362,35.3515625
4625,4,2,362,35.3515625
1529,4,3,363,35.44921875
3613,5,7,363,35.44921875
5127,1,8,363,35.44921875
2306,3,5,364,35.546875
3136,4,7,364,35.546875
7305,6,4,365,35.64453125
6661,4,0,365,35.64453125
4298,9,0,365,35.64453125
2158,9,0,365,35.64453125
7238,4,3,365,35.64453125
3862,4,3,365,35.64453125
3057,6,0,366,35.7421875
5983,4,7,366,35.7421875
7882,7,2,366,35.7421875
7766,4,3,367,35.83984375
1044,8,0,367,35.83984375
2863,6,0,367,35.83984375
548,2,8,368,35.9375
3394,1,9,368,35.9375
8156,0,2,368,35.9375
9075,0,2,368,35.9375
9900,8,0,368,35.9375
5353,1,9,369,36.03515625
1672,6,9,369,36.03515625
7614,4,2,369,36.03515625
5389,4,0,369,36.03515625
1457,1,9,369,36.03515625
7234,9,8,370,36.1328125
1386,3,0,370,36.1328125
1029,6,2,370,36.1328125
3993,6,4,370,36.1328125
7264,4,6,370,36.1328125
6081,0,2,370,36.1328125
1730,4,8,370,36.1328125
8285,9,0,371,36.23046875
6223,7,4,371,36.23046875
1369,8,0,371,36.23046875
6198,9,0,371,36.23046875
8667,4,9,372,36.328125
8986,6,8,372,36.328125
4524,4,2,372,36.328125
2485,6,0,372,36.328125
8153,4,0,372,36.328125
1589,6,2,372,36.328125
9536,4,0,372,36.328125
3419,4,3,373,36.42578125
7541,0,2,373,36.42578125
4529,4,3,373,36.42578125
3475,0,2,373,36.42578125
4472,4,2,373,36.42578125
2241,0,4,373,36.42578125
4120,4,0,374,36.5234375
7389,6,4,374,36.5234375
7250,8,0,374,36.5234375
4607,1,0,374,36.5234375
3581,4,7,374,36.5234375
1069,6,0,374,36.5234375
6616,4,2,374,36.5234375
1449,6,0,374,36.5234375
5116,6,0,375,36.62109375
5189,0,2,375,36.62109375
3406,6,4,375,36.62109375
5,6,9,375,36.62109375
6304,0,2,375,36.62109375
7548,6,0,375,36.62109375
296,6,0,375,36.62109375
1211,6,2,375,36.62109375
7424,9,1,375,36.62109375
807,4,2,375,36.62109375
499,0,2,375,36.62109375
19,6,2,375,36.62109375
2968,0,2,375,36.62109375
7691,6,2,376,36.71875
149,2,9,376,36.71875
6487,6,2,376,36.71875
9070,2,4,376,36.71875
2848,6,0,376,36.71875
5300,9,1,376,36.71875
5718,1,0,376,36.71875
2595,4,2,376,36.71875
8266,5,3,376,36.71875
9321,4,3,376,36.71875
943,4,3,376,36.71875
6056,4,7,377,36.81640625
7672,6,3,377,36.81640625
1911,4,3,377,36.81640625
9847,0,8,377,36.81640625
4677,4,7,377,36.81640625
9981,4,7,377,36.81640625
2744,9,1,378,36.9140625
3238,6,2,378,36.9140625
5471,6,2,378,36.9140625
4237,1,8,378,36.9140625
3242,4,3,378,36.9140625
4384,6,8,378,36.9140625
9393,4,0,379,37.01171875
420,4,2,379,37.01171875
1136,9,1,379,37.01171875
1194,4,0,379,37.01171875
1423,4,2,379,37.01171875
1951,7,4,379,37.01171875
4512,8,0,380,37.109375
8685,7,4,380,37.109375
6288,6,2,380,37.109375
5633,4,7,380,37.109375
4173,4,0,380,37.109375
9129,4,2,380,37.109375
5519,6,8,381,37.20703125
641,3,8,381,37.20703125
4733,6,2,381,37.20703125
6414,8,0,381,37.20703125
7679,6,0,381,37.20703125
98,0,2,381,37.20703125
3617,3,0,381,37.20703125
2239,7,4,381,37.20703125
3563,6,8,381,37.20703125
1523,4,5,381,37.20703125
2163,7,4,381,37.20703125
7950,9,8,382,37.3046875
6525,3,8,382,37.3046875
9653,6,4,382,37.3046875
7192,7,4,382,37.3046875
1466,7,4,382,37.3046875
8718,7,4,382,37.3046875
6910,7,4,382,37.3046875
7799,9,3,382,37.3046875
4027,4,2,382,37.3046875
7671,5,0,382,37.3046875
9631,7,4,382,37.3046875
1585,7,4,382,37.3046875
95,6,8,382,37.3046875
1727,9,8,382,37.3046875
4070,9,8,382,37.3046875
7012,7,4,382,37.3046875
2809,4,3,382,37.3046875
693,7,4,382,37.3046875
9598,9,1,382,37.3046875
7003,7,4,383,37.40234375
3009,7,4,383,37.40234375
2582,5,0,383,37.40234375
9571,6,2,383,37.40234375
6664,4,3,383,37.40234375
7046,9,0,383,37.40234375
7767,9,1,383,37.40234375
9067,9,1,383,37.40234375
7083,6,2,383,37.40234375
5888,4,3,383,37.40234375
589,9,1,384,37.5
9614,6,2,384,37.5
3888,6,0,384,37.5
7565,1,8,384,37.5
5440,9,8,384,37.5
1298,9,8,384,37.5
7120,7,0,384,37.5
7466,6,2,384,37.5
7371,6,3,384,37.5
3405,7,4,384,37.5
8255,9,1,384,37.5
1836,4,3,384,37.5
7122,9,1,384,37.5
4253,9,1,384,37.5
6731,6,2,384,37.5
591,9,1,385,37.59765625
7409,8,0,385,37.59765625
9332,9,1,385,37.59765625
2851,4,7,385,37.59765625
684,9,8,385,37.59765625
8887,4,2,385,37.59765625
7954,9,1,385,37.59765625
6557,9,8,385,37.59765625
1634,6,2,385,37.59765625
9963,8,0,385,37.59765625
3918,6,0,385,37.59765625
7658,7,4,385,37.59765625
8160,6,5,385,37.59765625
7965,7,5,386,37.6953125
7703,7,0,386,37.6953125
2931,9,1,386,37.6953125
2360,7,5,386,37.6953125
8615,9,1,386,37.6953125
7341,4,2,387,37.79296875
7109,4,7,387,37.79296875
8322,4,0,387,37.79296875
9261,5,3,387,37.79296875
6551,4,2,387,37.79296875
1745,5,7,388,37.890625
7013,1,2,388,37.890625
5953,7,4,388,37.890625
3015,6,2,388,37.890625
8984,6,2,388,37.890625
7537,4,2,388,37.890625
2446,9,0,389,37.98828125
1073,7,4,389,37.98828125
2105,6,4,389,37.98828125
9295,3,6,389,37.98828125
7187,7,4,389,37.98828125
6362,4,7,389,37.98828125
9004,7,4,389,37.98828125
829,3,1,389,37.98828125
4701,0,2,390,38.0859375
5505,4,3,390,38.0859375
6676,0,2,390,38.0859375
8978,6,2,390,38.0859375
7425,2,4,391,38.18359375
5326,7,5,391,38.18359375
4009,2,0,391,38.18359375
4252,9,1,392,38.28125
6932,9,1,393,38.37890625
5936,6,8,393,38.37890625
9773,9,1,393,38.37890625
5313,3,9,393,38.37890625
6369,9,2,393,38.37890625
1552,3,5,393,38.37890625
6095,9,8,394,38.4765625
1627,9,8,394,38.4765625
3447,4,2,394,38.4765625
973,1,9,395,38.57421875
208,7,4,395,38.57421875
3877,4,5,395,38.57421875
6749,9,0,396,38.671875
137,7,4,396,38.671875
5993,8,0,396,38.671875
5789,2,0,396,38.671875
7489,3,5,396,38.671875
9212,6,2,396,38.671875
7867,4,7,397,38.76953125
8354,4,2,397,38.76953125
8154,8,1,397,38.76953125
2382,9,1,397,38.76953125
8356,1,0,397,38.76953125
1784,1,0,398,38.8671875
4817,0,2,398,38.8671875
1801,4,3,398,38.8671875
441,4,2,398,38.8671875
5742,4,3,398,38.8671875
7801,4,2,398,38.8671875
9827,4,2,398,38.8671875
8038,6,2,398,38.8671875
2197,6,1,399,38.96484375
1448,4,2,399,38.96484375
7114,1,8,399,38.96484375
4257,6,1,399,38.96484375
2791,7,4,399,38.96484375
3512,4,2,399,38.96484375
702,4,3,399,38.96484375
1317,9,0,400,39.0625
1792,9,0,400,39.0625
7806,9,0,400,39.0625
6356,7,0,401,39.16015625
1350,4,3,401,39.16015625
7603,9,0,401,39.16015625
4188,6,4,401,39.16015625
3609,9,0,401,39.16015625
48,7,4,402,39.2578125
3027,1,8,402,39.2578125
9320,9,8,402,39.2578125
2731,5,3,402,39.2578125
3738,9,0,402,39.2578125
45,9,8,402,39.2578125
3584,3,1,403,39.35546875
481,6,2,403,39.35546875
1743,1,0,403,39.35546875
1063,4,3,403,39.35546875
9118,4,3,404,39.453125
9357,9,0,404,39.453125
9690,4,3,404,39.453125
5937,1,8,404,39.453125
3293,1,8,404,39.453125
1364,4,3,404,39.453125
978,1,8,405,39.55078125
8392,6,4,405,39.55078125
2367,4,3,405,39.55078125
8605,6,8,405,39.55078125
5931,4,7,405,39.55078125
7319,2,4,406,39.6484375
9408,6,1,406,39.6484375
3540,6,2,406,39.6484375
371,7,0,407,39.74609375
88,8,0,407,39.74609375
3732,9,0,407,39.74609375
3717,6,0,407,39.74609375
9524,4,0,407,39.74609375
2202,9,1,407,39.74609375
8845,2,4,407,39.74609375
5723,1,9,407,39.74609375
5668,7,4,407,39.74609375
3208,9,1,407,39.74609375
8871,9,0,407,39.74609375
5962,6,9,407,39.74609375
4379,1,9,408,39.84375
6990,3,1,408,39.84375
4716,9,8,408,39.84375
9868,9,1,408,39.84375
3213,9,8,408,39.84375
1475,9,0,408,39.84375
4762,1,9,409,39.94140625
2289,1,9,409,39.94140625
2611,4,2,409,39.94140625
4339,7,4,409,39.94140625
4205,4,3,409,39.94140625
3661,1,9,409,39.94140625
4507,5,4,410,40.0390625
9391,9,8,410,40.0390625
7282,1,9,410,40.0390625
5448,9,0,410,40.0390625
4755,1,3,410,40.0390625
7385,9,8,410,40.0390625
9312,9,8,410,40.0390625
1677,1,9,410,40.0390625
7627,3,5,411,40.13671875
6313,9,0,411,40.13671875
9796,9,8,411,40.13671875
3914,4,3,411,40.13671875
3157,9,8,411,40.13671875
2415,6,3,411,40.13671875
5243,1,8,411,40.13671875
3727,9,8,411,40.13671875
9222,7,4,411,40.13671875
9232,1,9,411,40.13671875
8703,4,3,412,40.234375
8889,4,3,412,40.234375
6012,4,3,412,40.234375
8635,6,0,412,40.234375
5147,3,5,412,40.234375
8787,4,3,412,40.234375
2256,4,3,412,40.234375
512,6,4,413,40.33203125
7098,1,9,413,40.33203125
7571,4,3,413,40.33203125
3370,1,9,413,40.33203125
7472,1,0,413,40.33203125
1007,8,0,414,40.4296875
6337,9,0,414,40.4296875
9811,1,9,414,40.4296875
1659,8,0,414,40.4296875
2933,4,2,414,40.4296875
6579,9,1,414,40.4296875
1697,9,8,414,40.4296875
4197,4,9,414,40.4296875
9066,1,8,414,40.4296875
9911,4,2,414,40.4296875
8030,2,8,415,40.52734375
896,3,1,415,40.52734375
7208,1,3,415,40.52734375
7860,8,1,415,40.52734375
5381,3,1,416,40.625
9100,9,1,416,40.625
3646,3,8,416,40.625
2785,4,3,416,40.625
6084,1,9,416,40.625
8152,8,0,416,40.625
80,8,0,416,40.625
7501,9,0,416,40.625
9455,1,9,417,40.72265625
4364,9,1,417,40.72265625
3833,9,8,417,40.72265625
1387,9,8,417,40.72265625
4481,9,1,417,40.72265625
4594,1,8,418,40.8203125
5761,6,2,418,40.8203125
7121,9,0,418,40.8203125
7290,6,1,418,40.8203125
1706,1,9,418,40.8203125
1842,4,2,419,40.91796875
5643,5,0,419,40.91796875
1619,4,3,419,40.91796875
4830,3,8,419,40.91796875
7452,4,7,419,40.91796875
8528,3,0,419,40.91796875
745,7,4,420,41.015625
2020,9,8,420,41.015625
9244,7,4,420,41.015625
4616,4,7,420,41.015625
6048,1,8,420,41.015625
3745,1,9,421,41.11328125
7758,7,4,421,41.11328125
5394,1,8,421,41.11328125
3199,6,3,421,41.11328125
7316,1,9,421,41.11328125
5045,7,0,421,41.11328125
8907,1,9,421,41.11328125
1799,4,7,422,41.2109375
3705,8,9,422,41.2109375
277,3,1,422,41.2109375
2031,1,8,422,41.2109375
6279,1,8,422,41.2109375
9198,3,1,423,41.30859375
664,3,0,423,41.30859375
8144,9,1,423,41.30859375
1707,9,1,423,41.30859375
7937,1,8,423,41.30859375
1815,9,8,423,41.30859375
6392,6,3,423,41.30859375
8469,5,3,424,41.40625
2437,8,0,424,41.40625
918,8,9,424,41.40625
5356,7,0,424,41.40625
5510,4,3,425,41.50390625
8568,7,4,425,41.50390625
9871,9,1,425,41.50390625
6283,3,5,425,41.50390625
505,4,0,425,41.50390625
9072,9,8,426,41.6015625
995,3,5,426,41.6015625
7388,7,0,426,41.6015625
7755,7,0,427,41.69921875
8221,7,4,427,41.69921875
1974,6,3,427,41.69921875
954,4,7,427,41.69921875
6630,7,0,427,41.69921875
7581,9,0,427,41.69921875
4679,4,2,427,41.69921875
5980,9,0,427,41.69921875
9242,7,0,427,41.69921875
6219,7,0,427,41.69921875
500,4,7,427,41.69921875
5105,7,4,428,41.796875
523,7,0,428,41.796875
5612,8,0,428,41.796875
1358,8,0,428,41.796875
4455,8,0,428,41.796875
3769,9,3,429,41.89453125
9478,7,4,429,41.89453125
3786,7,4,429,41.89453125
7261,8,0,429,41.89453125
4274,1,8,429,41.89453125
7948,1,3,429,41.89453125
1006,1,8,430,41.9921875
3298,3,9,430,41.9921875
2967,7,2,430,41.9921875
9698,7,4,430,41.9921875
5717,6,2,430,41.9921875
9626,1,8,430,41.9921875
9613,4,2,431,42.08984375
2901,2,0,431,42.08984375
4236,1,8,432,42.1875
6724,9,8,432,42.1875
4684,1,9,432,42.1875
6291,9,8,432,42.1875
6582,4,0,432,42.1875
7752,9,8,432,42.1875
9581,7,4,432,42.1875
7814,7,0,432,42.1875
7563,9,0,432,42.1875
3639,7,0,432,42.1875
5541,7,4,432,42.1875
3729,8,0,432,42.1875
5966,9,8,432,42.1875
9153,2,0,432,42.1875
2471,8,0,432,42.1875
3811,7,4,432,42.1875
7376,1,0,433,42.28515625
5997,0,8,433,42.28515625
4972,8,0,433,42.28515625
600,8,0,433,42.28515625
9828,9,8,434,42.3828125
7381,4,3,434,42.3828125
4949,1,8,434,42.3828125
4517,8,0,434,42.3828125
703,8,0,434,42.3828125
4344,4,0,434,42.3828125
7365,4,0,435,42.48046875
728,6,0,436,42.578125
8565,7,4,436,42.578125
5987,3,1,436,42.578125
2830,6,4,436,42.578125
970,9,1,436,42.578125
4191,9,8,437,42.67578125
5689,3,9,437,42.67578125
587,4,2,437,42.67578125
3556,6,4,437,42.67578125
4368,4,3,437,42.67578125
3271,5,8,437,42.67578125
7690,6,3,439,42.87109375
8459,9,8,439,42.87109375
543,7,4,439,42.87109375
596,7,0,439,42.87109375
5322,4,7,439,42.87109375
646,3,8,439,42.87109375
9803,1,8,440,42.96875
5319,7,4,440,42.96875
9564,9,8,440,42.96875
9530,6,0,440,42.96875
3547,9,8,440,42.96875
2765,9,8,440,42.96875
3341,1,8,441,43.06640625
3081,9,8,441,43.06640625
4688,7,0,441,43.06640625
4105,7,4,441,43.06640625
3134,7,0,441,43.06640625
2649,6,2,442,43.1640625
1357,9,8,444,43.359375
5801,9,8,444,43.359375
6045,8,9,444,43.359375
7547,9,8,444,43.359375
7753,9,8,444,43.359375
222,9,8,444,43.359375
8526,3,5,444,43.359375
174,9,8,444,43.359375
7555,1,0,444,43.359375
8054,9,8,445,43.45703125
7154,0,8,445,43.45703125
5975,9,8,445,43.45703125
605,6,9,445,43.45703125
9470,9,8,445,43.45703125
5928,7,0,445,43.45703125
4835,9,8,445,43.45703125
3841,9,8,445,43.45703125
5967,9,8,445,43.45703125
4330,9,8,445,43.45703125
2743,9,8,445,43.45703125
1599,5,8,445,43.45703125
8430,9,8,445,43.45703125
3712,4,8,446,43.5546875
3659,6,8,446,43.5546875
1893,9,8,446,43.5546875
7007,9,8,446,43.5546875
7642,9,0,446,43.5546875
7237,7,4,446,43.5546875
6267,9,8,446,43.5546875
5952,9,8,446,43.5546875
3926,9,8,446,43.5546875
3086,9,8,446,43.5546875
9249,9,8,447,43.65234375
9194,6,4,447,43.65234375
4182,5,0,448,43.75
9599,7,0,448,43.75
7699,9,8,448,43.75
8068,9,8,448,43.75
3784,5,0,448,43.75
2936,5,7,448,43.75
5157,6,3,449,43.84765625
4905,7,4,449,43.84765625
3098,4,2,449,43.84765625
2211,7,4,449,43.84765625
9156,6,3,449,43.84765625
6946,6,4,450,43.9453125
272,6,2,450,43.9453125
1755,7,4,450,43.9453125
9833,7,4,450,43.9453125
8750,9,1,450,43.9453125
3099,9,8,451,44.04296875
3407,1,9,451,44.04296875
6611,8,0,451,44.04296875
78,3,1,451,44.04296875
7532,1,0,452,44.140625
23,9,1,452,44.140625
3987,1,9,452,44.140625
7505,7,4,452,44.140625
8949,7,4,452,44.140625
7694,9,8,452,44.140625
4957,4,3,452,44.140625
8980,9,8,452,44.140625
11,9,1,452,44.140625
400,9,8,453,44.23828125
7661,9,8,454,44.3359375
2462,1,9,454,44.3359375
9671,7,4,454,44.3359375
7953,1,8,454,44.3359375
6275,9,8,454,44.3359375
2648,4,0,454,44.3359375
1878,7,0,454,44.3359375
8784,4,2,454,44.3359375
3292,4,3,454,44.3359375
7272,1,0,454,44.3359375
3372,1,8,455,44.43359375
6173,1,9,455,44.43359375
2190,9,8,456,44.53125
5949,6,8,456,44.53125
6603,9,8,456,44.53125
2084,7,4,457,44.62890625
351,1,9,457,44.62890625
9374,7,4,457,44.62890625
4346,3,9,457,44.62890625
4843,1,0,457,44.62890625
9748,3,9,457,44.62890625
4292,1,9,457,44.62890625
5699,4,7,457,44.62890625
874,3,1,457,44.62890625
4311,7,4,457,44.62890625
2748,1,9,458,44.7265625
5019,1,8,458,44.7265625
8663,1,0,458,44.7265625
5877,9,8,459,44.82421875
7432,7,0,459,44.82421875
1375,4,2,459,44.82421875
2545,4,0,459,44.82421875
9788,1,0,459,44.82421875
9618,1,3,459,44.82421875
4382,7,0,460,44.921875
2911,1,8,460,44.921875
4183,7,4,461,45.01953125
3985,7,0,461,45.01953125
8658,3,8,461,45.01953125
317,7,4,461,45.01953125
8302,3,9,461,45.01953125
4690,2,4,461,45.01953125
6571,5,0,463,45.21484375
2463,0,1,463,45.21484375
575,6,3,463,45.21484375
6919,4,2,463,45.21484375
5001,6,0,463,45.21484375
876,4,0,463,45.21484375
5436,6,3,464,45.3125
4648,6,0,464,45.3125
2333,6,0,464,45.3125
8247,6,9,464,45.3125
4746,6,9,464,45.3125
2665,1,9,464,45.3125
7891,6,9,464,45.3125
117,4,0,464,45.3125
5420,6,1,464,45.3125
7062,4,2,464,45.3125
6695,4,2,464,45.3125
6911,6,9,464,45.3125
2708,4,2,464,45.3125
8374,4,3,464,45.3125
5262,4,0,464,45.3125
4433,5,4,465,45.41015625
1055,5,8,465,45.41015625
7400,3,9,465,45.41015625
251,3,9,465,45.41015625
4531,1,0,465,45.41015625
8157,1,0,466,45.5078125
1544,4,3,467,45.60546875
4306,3,8,467,45.60546875
1968,8,0,467,45.60546875
8414,6,0,467,45.60546875
4857,6,3,468,45.703125
1665,6,0,468,45.703125
7770,9,8,469,45.80078125
9489,6,0,469,45.80078125
4464,3,9,470,45.8984375
4377,4,8,470,45.8984375
8612,4,3,471,45.99609375
8023,3,1,471,45.99609375
8369,4,2,471,45.99609375
8355,9,8,471,45.99609375
227,4,0,472,46.09375
7512,9,8,472,46.09375
5641,4,2,472,46.09375
7756,5,0,472,46.09375
1206,1,0,472,46.09375
625,9,8,472,46.09375
8264,2,0,473,46.19140625
6328,0,8,473,46.19140625
4731,4,2,473,46.19140625
8099,3,5,473,46.19140625
5982,9,8,473,46.19140625
6265,4,7,473,46.19140625
9919,4,2,474,46.2890625
7325,4,8,474,46.2890625
1970,1,0,474,46.2890625
1762,4,2,474,46.2890625
7700,6,0,474,46.2890625
390,1,9,474,46.2890625
7309,1,9,474,46.2890625
3457,4,8,474,46.2890625
3353,3,8,474,46.2890625
440,1,8,474,46.2890625
3706,4,0,474,46.2890625
7904,1,0,475,46.38671875
3156,9,8,475,46.38671875
9669,8,0,475,46.38671875
5720,9,0,475,46.38671875
4689,1,9,475,46.38671875
737,4,8,475,46.38671875
9318,4,2,476,46.484375
4473,4,2,476,46.484375
2368,0,8,476,46.484375
82,1,0,476,46.484375
9384,4,8,476,46.484375
4283,6,0,476,46.484375
6119,1,0,476,46.484375
3249,3,5,476,46.484375
860,4,2,476,46.484375
2971,4,2,476,46.484375
6592,5,2,477,46.58203125
6956,6,0,477,46.58203125
8486,4,2,477,46.58203125
2537,1,9,477,46.58203125
8914,4,0,477,46.58203125
5810,5,4,478,46.6796875
9908,8,0,478,46.6796875
8955,1,0,478,46.6796875
1409,0,8,479,46.77734375
8094,1,0,479,46.77734375
1252,5,4,479,46.77734375
410,7,4,479,46.77734375
1020,1,9,480,46.875
9152,4,2,480,46.875
3109,8,0,480,46.875
627,4,2,481,46.97265625
8016,4,2,481,46.97265625
504,9,1,481,46.97265625
3636,4,2,481,46.97265625
7277,4,2,482,47.0703125
8101,8,0,482,47.0703125
8947,4,2,482,47.0703125
4443,4,3,482,47.0703125
5231,4,2,482,47.0703125
4502,7,0,482,47.0703125
6961,8,0,482,47.0703125
3559,4,2,482,47.0703125
2947,1,9,482,47.0703125
7306,4,2,482,47.0703125
580,4,2,482,47.0703125
2164,1,0,483,47.16796875
9496,1,8,483,47.16796875
2618,5,4,483,47.16796875
9807,1,9,483,47.16796875
8888,8,0,484,47.265625
2510,4,5,484,47.265625
4262,4,2,484,47.265625
7101,6,0,484,47.265625
5077,0,2,484,47.265625
2780,7,4,485,47.36328125
7440,3,9,485,47.36328125
6620,7,0,485,47.36328125
4080,1,9,485,47.36328125
9290,4,2,485,47.36328125
5209,7,4,486,47.4609375
6536,1,9,486,47.4609375
8711,4,2,486,47.4609375
5748,8,1,486,47.4609375
6718,8,0,486,47.4609375
2450,1,8,486,47.4609375
4627,4,2,487,47.55859375
334,6,0,487,47.55859375
7366,2,4,487,47.55859375
9392,0,2,487,47.55859375
5971,1,8,487,47.55859375
5970,1,8,487,47.55859375
9588,1,9,487,47.55859375
7610,7,0,488,47.65625
1591,1,9,488,47.65625
2340,7,4,488,47.65625
6104,1,8,488,47.65625
6805,1,8,488,47.65625
2800,4,2,489,47.75390625
7165,0,2,489,47.75390625
4326,7,0,489,47.75390625
8588,6,0,489,47.75390625
9021,0,2,489,47.75390625
215,0,2,489,47.75390625
2229,4,0,489,47.75390625
1319,0,2,489,47.75390625
6437,0,2,489,47.75390625
8856,0,2,490,47.8515625
2762,4,2,490,47.8515625
5516,0,2,490,47.8515625
4675,4,2,490,47.8515625
5722,0,2,490,47.8515625
6728,1,8,490,47.8515625
5027,0,2,490,47.8515625
5777,8,0,490,47.8515625
4202,0,2,490,47.8515625
4341,1,0,491,47.94921875
3927,0,2,491,47.94921875
9482,0,2,491,47.94921875
8307,4,2,491,47.94921875
2093,6,0,492,48.046875
8655,8,0,492,48.046875
8975,8,0,493,48.14453125
1638,4,2,493,48.14453125
9052,0,2,494,48.2421875
18,8,0,494,48.2421875
2268,3,9,494,48.2421875
8455,1,0,494,48.2421875
7349,3,9,494,48.2421875
8343,3,9,494,48.2421875
1560,7,4,494,48.2421875
3104,7,4,494,48.2421875
5780,7,4,494,48.2421875
3992,0,7,495,48.33984375
6131,3,9,495,48.33984375
5555,4,8,495,48.33984375
4757,4,2,496,48.4375
6585,1,2,496,48.4375
2658,7,0,496,48.4375
1024,3,9,496,48.4375
9001,1,9,496,48.4375
6825,3,9,496,48.4375
4900,3,9,496,48.4375
8224,3,5,496,48.4375
2738,4,2,497,48.53515625
6949,0,4,497,48.53515625
9582,5,0,497,48.53515625
700,7,4,497,48.53515625
467,3,0,497,48.53515625
4734,4,2,497,48.53515625
7880,0,2,498,48.6328125
4717,4,2,498,48.6328125
1030,3,9,498,48.6328125
5561,6,2,498,48.6328125
3177,0,2,498,48.6328125
6680,3,7,498,48.6328125
9045,0,4,498,48.6328125
695,3,7,498,48.6328125
1148,2,4,498,48.6328125
3286,6,0,498,48.6328125
984,7,0,498,48.6328125
4407,3,7,498,48.6328125
8141,3,1,498,48.6328125
8537,0,2,499,48.73046875
4853,7,0,499,48.73046875
5406,7,0,499,48.73046875
1517,1,0,499,48.73046875
4123,0,2,499,48.73046875
7854,3,0,499,48.73046875
9189,4,2,499,48.73046875
8294,8,0,499,48.73046875
4804,3,9,500,48.828125
7743,3,9,500,48.828125
5050,3,9,500,48.828125
1611,3,5,500,48.828125
6005,4,2,500,48.828125
6325,7,4,501,48.92578125
1695,9,0,501,48.92578125
8114,3,9,501,48.92578125
1524,3,5,501,48.92578125
9284,7,0,501,48.92578125
290,1,0,501,48.92578125
329,6,0,501,48.92578125
9542,1,0,501,48.92578125
2639,6,8,501,48.92578125
5732,3,8,502,49.0234375
9338,3,9,502,49.0234375
9442,4,2,502,49.0234375
1622,4,2,502,49.0234375
7876,1,0,503,49.12109375
4561,3,9,503,49.12109375
5899,1,0,503,49.12109375
824,7,4,503,49.12109375
1483,6,3,503,49.12109375
9030,2,0,503,49.12109375
8587,7,4,504,49.21875
1074,3,9,504,49.21875
2089,7,4,504,49.21875
7355,7,0,504,49.21875
571,7,4,504,49.21875
9702,7,4,504,49.21875
4662,6,2,504,49.21875
5349,3,9,504,49.21875
205,3,9,505,49.31640625
259,9,3,505,49.31640625
4046,7,0,505,49.31640625
521,7,0,505,49.31640625
7186,2,0,505,49.31640625
772,6,3,505,49.31640625
8010,2,5,506,49.4140625
9854,9,0,506,49.4140625
4395,7,4,506,49.4140625
8113,6,0,506,49.4140625
5695,7,4,506,49.4140625
9091,7,4,506,49.4140625
9202,7,4,506,49.4140625
4727,9,0,506,49.4140625
9889,8,0,506,49.4140625
1033,3,7,507,49.51171875
1468,3,9,507,49.51171875
7293,7,9,507,49.51171875
998,3,0,508,49.609375
8366,1,0,508,49.609375
9022,3,5,508,49.609375
2195,4,2,508,49.609375
8382,3,0,508,49.609375
4560,1,8,509,49.70703125
1761,1,0,509,49.70703125
4235,9,0,509,49.70703125
955,7,0,510,49.8046875
9739,1,9,510,49.8046875
2652,7,0,510,49.8046875
3626,9,0,510,49.8046875
3592,7,4,510,49.8046875
9399,7,4,511,49.90234375
5323,1,8,511,49.90234375
8627,7,0,511,49.90234375
3437,7,4,511,49.90234375
1586,5,2,511,49.90234375
9395,7,4,511,49.90234375
1238,1,0,511,49.90234375
7426,7,4,511,49.90234375
9975,7,0,511,49.90234375
3215,1,0,512,50.0
9509,4,2,512,50.0
373,4,2,512,50.0
6149,7,0,513,50.09765625
732,7,0,513,50.09765625
4703,4,8,513,50.09765625
486,9,8,513,50.09765625
9275,8,0,513,50.09765625
288,7,0,513,50.09765625
4322,4,2,513,50.09765625
3966,4,2,513,50.09765625
5590,4,2,513,50.09765625
2218,4,3,513,50.09765625
3633,3,0,514,50.1953125
8467,3,9,514,50.1953125
3911,9,8,515,50.29296875
4156,3,0,515,50.29296875
5878,4,2,515,50.29296875
851,9,1,515,50.29296875
8096,3,9,515,50.29296875
6870,7,4,515,50.29296875
6734,8,0,515,50.29296875
5083,9,0,515,50.29296875
6710,3,9,515,50.29296875
6477,4,2,515,50.29296875
5315,9,0,515,50.29296875
3317,7,4,516,50.390625
2417,7,4,516,50.390625
5913,7,0,516,50.390625
6539,7,4,516,50.390625
816,9,8,516,50.390625
1540,8,0,516,50.390625
7481,4,3,516,50.390625
9379,7,4,516,50.390625
1226,6,3,516,50.390625
3241,7,4,517,50.48828125
8133,8,0,517,50.48828125
1647,7,4,517,50.48828125
9335,4,2,517,50.48828125
6600,7,0,517,50.48828125
5438,7,0,517,50.48828125
6203,3,0,517,50.48828125
4489,7,1,517,50.48828125
5954,8,0,517,50.48828125
5764,7,0,518,50.5859375
1497,8,9,518,50.5859375
9405,8,0,518,50.5859375
4115,8,0,518,50.5859375
800,7,0,519,50.68359375
4149,9,1,519,50.68359375
4456,7,4,519,50.68359375
3585,8,0,519,50.68359375
475,7,0,519,50.68359375
2732,7,0,519,50.68359375
4785,3,9,519,50.68359375
3880,6,0,519,50.68359375
7383,4,2,520,50.78125
7832,8,0,520,50.78125
2638,4,2,520,50.78125
660,9,1,521,50.87890625
7328,4,2,521,50.87890625
849,4,2,521,50.87890625
1235,5,2,521,50.87890625
5296,4,2,521,50.87890625
1717,7,0,522,50.9765625
2921,8,0,522,50.9765625
3002,7,0,522,50.9765625
1145,4,2,522,50.9765625
6935,7,0,522,50.9765625
6791,7,0,522,50.9765625
1215,7,2,523,51.07421875
392,6,1,523,51.07421875
5977,6,9,523,51.07421875
9896,4,8,523,51.07421875
3127,4,3,523,51.07421875
3586,8,0,524,51.171875
2492,8,1,524,51.171875
3973,9,1,524,51.171875
5427,8,9,524,51.171875
5168,7,4,524,51.171875
2053,6,2,525,51.26953125
6042,6,2,525,51.26953125
5432,9,1,525,51.26953125
9479,7,0,526,51.3671875
4680,9,1,526,51.3671875
4567,4,2,526,51.3671875
1991,1,9,526,51.3671875
1834,9,1,527,51.46484375
4090,4,3,527,51.46484375
5383,8,0,527,51.46484375
4859,6,2,527,51.46484375
6888,4,2,528,51.5625
463,4,7,528,51.5625
3545,4,2,528,51.5625
9701,4,2,528,51.5625
6818,7,0,528,51.5625
9627,4,2,529,51.66015625
1534,4,2,529,51.66015625
9732,9,1,529,51.66015625
6359,2,6,529,51.66015625
7474,5,0,529,51.66015625
1421,6,2,529,51.66015625
5087,9,1,529,51.66015625
1476,7,0,529,51.66015625
6622,4,3,529,51.66015625
723,1,0,529,51.66015625
3282,9,0,530,51.7578125
93,6,2,530,51.7578125
5737,9,8,530,51.7578125
1915,9,0,530,51.7578125
7433,5,3,530,51.7578125
6330,6,3,530,51.7578125
609,9,8,530,51.7578125
9440,8,0,530,51.7578125
8273,6,2,530,51.7578125
2802,6,8,530,51.7578125
9458,7,4,530,51.7578125
769,4,0,531,51.85546875
4535,2,6,531,51.85546875
9768,7,4,531,51.85546875
159,4,0,531,51.85546875
5167,2,4,532,51.953125
9444,7,0,532,51.953125
9821,4,3,532,51.953125
199,8,9,533,52.05078125
6262,8,0,533,52.05078125
1410,1,0,534,52.1484375
9187,4,2,534,52.1484375
8883,8,9,534,52.1484375
9476,8,0,534,52.1484375
909,8,1,534,52.1484375
1490,8,0,534,52.1484375
7358,8,0,534,52.1484375
196,8,0,534,52.1484375
5526,8,9,534,52.1484375
2896,8,0,534,52.1484375
3946,8,0,534,52.1484375
2980,8,0,534,52.1484375
5663,8,1,534,52.1484375
7088,8,0,535,52.24609375
1512,8,0,535,52.24609375
8927,9,1,535,52.24609375
79,8,0,535,52.24609375
3260,7,0,535,52.24609375
252,9,1,535,52.24609375
3510,4,3,536,52.34375
8426,9,8,536,52.34375
6882,9,0,536,52.34375
7740,4,3,537,52.44140625
5004,4,2,537,52.44140625
5263,8,0,537,52.44140625
7837,7,0,537,52.44140625
6296,8,0,537,52.44140625
1833,8,0,537,52.44140625
1783,8,0,537,52.44140625
8704,8,0,538,52.5390625
1351,7,0,538,52.5390625
6416,7,4,538,52.5390625
6702,8,1,538,52.5390625
8379,8,0,538,52.5390625
5150,4,2,538,52.5390625
992,8,0,538,52.5390625
2266,8,0,538,52.5390625
7724,8,0,538,52.5390625
4737,9,0,538,52.5390625
9650,8,0,538,52.5390625
871,1,0,539,52.63671875
7995,8,0,539,52.63671875
2880,4,3,539,52.63671875
1282,9,8,539,52.63671875
5249,8,0,539,52.63671875
5325,8,0,539,52.63671875
8228,8,0,539,52.63671875
3876,7,0,539,52.63671875
5170,9,8,539,52.63671875
9203,8,0,539,52.63671875
781,1,5,539,52.63671875
6115,8,0,539,52.63671875
8339,8,0,539,52.63671875
6691,8,0,539,52.63671875
8474,4,2,540,52.734375
2476,8,0,540,52.734375
1716,1,8,540,52.734375
2156,8,0,540,52.734375
9570,7,0,541,52.83203125
9806,8,0,542,52.9296875
1041,5,0,542,52.9296875
7029,4,8,542,52.9296875
1535,4,2,542,52.9296875
780,9,1,542,52.9296875
6171,4,9,542,52.9296875
3187,7,0,542,52.9296875
9115,8,0,542,52.9296875
311,6,9,543,53.02734375
5604,1,9,543,53.02734375
1312,6,9,543,53.02734375
3058,1,0,543,53.02734375
6404,7,0,544,53.125
1920,2,4,544,53.125
3183,3,8,544,53.125
432,3,8,544,53.125
585,9,1,544,53.125
8637,4,8,544,53.125
9104,4,0,545,53.22265625
1798,4,3,545,53.22265625
1164,8,0,545,53.22265625
5985,4,8,545,53.22265625
7762,7,0,545,53.22265625
6451,1,9,545,53.22265625
381,9,0,545,53.22265625
4154,7,0,545,53.22265625
604,1,9,545,53.22265625
7079,7,0,545,53.22265625
7252,8,0,545,53.22265625
4837,7,4,545,53.22265625
166,8,0,546,53.3203125
1314,9,1,546,53.3203125
8513,9,1,546,53.3203125
3296,4,3,547,53.41796875
3360,4,0,547,53.41796875
5574,7,0,547,53.41796875
6046,2,8,547,53.41796875
2787,3,9,547,53.41796875
1349,8,0,547,53.41796875
4621,8,0,547,53.41796875
3813,8,0,547,53.41796875
318,5,8,547,53.41796875
1542,5,0,547,53.41796875
8418,8,0,548,53.515625
6184,1,9,548,53.515625
5614,8,0,548,53.515625
8696,8,0,548,53.515625
6813,6,9,548,53.515625
2398,8,0,548,53.515625
9400,6,1,549,53.61328125
1430,8,1,549,53.61328125
3692,4,3,549,53.61328125
1805,8,0,549,53.61328125
9200,8,0,550,53.7109375
5018,4,0,551,53.80859375
425,9,8,551,53.80859375
1546,4,7,551,53.80859375
9171,2,8,551,53.80859375
3826,1,4,551,53.80859375
7788,6,9,551,53.80859375
6266,7,0,551,53.80859375
1460,6,0,551,53.80859375
1661,6,1,551,53.80859375
8951,8,0,552,53.90625
4787,8,0,552,53.90625
6682,4,2,552,53.90625
5465,7,4,552,53.90625
840,7,4,552,53.90625
3197,6,1,552,53.90625
3352,2,4,553,54.00390625
7335,4,3,553,54.00390625
7975,2,4,553,54.00390625
3528,1,9,553,54.00390625
8373,8,0,553,54.00390625
268,7,0,554,54.1015625
1243,8,0,554,54.1015625
3345,7,4,554,54.1015625
2917,4,3,554,54.1015625
2577,4,3,554,54.1015625
6520,6,2,554,54.1015625
3671,4,7,554,54.1015625
4316,8,0,555,54.19921875
3074,1,9,555,54.19921875
2564,2,0,555,54.19921875
5095,8,0,555,54.19921875
3163,9,8,555,54.19921875
9112,4,6,556,54.296875
3233,8,0,556,54.296875
72,8,0,556,54.296875
2247,5,4,556,54.296875
3203,4,2,556,54.296875
2758,1,0,557,54.39453125
9722,3,9,557,54.39453125
5026,4,2,558,54.4921875
2713,8,0,558,54.4921875
6226,5,0,558,54.4921875
1345,4,2,559,54.58984375
1900,8,0,559,54.58984375
3515,8,0,559,54.58984375
9617,8,0,559,54.58984375
7888,7,4,561,54.78515625
5149,6,2,562,54.8828125
7025,6,2,562,54.8828125
8738,4,3,562,54.8828125
7270,9,1,562,54.8828125
1869,8,0,562,54.8828125
3316,7,0,563,54.98046875
3865,7,4,563,54.98046875
130,4,2,563,54.98046875
9425,6,2,563,54.98046875
2834,4,2,564,55.078125
6211,8,0,565,55.17578125
5813,4,8,565,55.17578125
1729,8,0,565,55.17578125
92,8,0,565,55.17578125
6947,8,0,565,55.17578125
2433,9,1,566,55.2734375
1849,7,0,566,55.2734375
7167,7,1,566,55.2734375
1864,7,8,566,55.2734375
3599,7,0,566,55.2734375
902,6,2,567,55.37109375
917,8,0,567,55.37109375
4024,8,0,567,55.37109375
2615,7,4,567,55.37109375
5793,8,0,567,55.37109375
8867,8,0,568,55.46875
7163,6,3,568,55.46875
3403,8,0,568,55.46875
7298,4,2,568,55.46875
3189,8,0,569,55.56640625
670,6,4,569,55.56640625
6511,7,0,569,55.56640625
1899,7,4,569,55.56640625
7653,8,0,569,55.56640625
4856,7,0,569,55.56640625
7859,7,0,570,55.6640625
3243,8,0,570,55.6640625
2553,8,0,570,55.6640625
6484,8,0,570,55.6640625
9574,4,1,570,55.6640625
1271,8,0,570,55.6640625
897,7,0,570,55.6640625
2135,8,0,570,55.6640625
2050,8,0,570,55.6640625
5073,8,4,570,55.6640625
1866,8,0,570,55.6640625
6052,8,0,570,55.6640625
8195,8,0,570,55.6640625
2296,9,1,571,55.76171875
4635,7,0,571,55.76171875
4846,8,0,571,55.76171875
4436,4,2,571,55.76171875
6078,2,0,571,55.76171875
6943,4,2,571,55.76171875
3090,4,2,571,55.76171875
2982,4,2,571,55.76171875
6427,2,0,571,55.76171875
3720,2,0,572,55.859375
4772,6,2,572,55.859375
7732,7,4,572,55.859375
9920,6,2,572,55.859375
9990,7,0,573,55.95703125
5076,5,3,573,55.95703125
5568,7,0,573,55.95703125
603,2,0,573,55.95703125
5527,7,0,573,55.95703125
2275,6,4,574,56.0546875
5770,8,0,574,56.0546875
6819,2,0,574,56.0546875
1839,7,0,574,56.0546875
1119,7,4,575,56.15234375
7259,4,2,575,56.15234375
5000,7,0,575,56.15234375
8167,6,2,575,56.15234375
2049,3,5,575,56.15234375
2006,7,0,575,56.15234375
2905,4,3,575,56.15234375
5757,4,8,575,56.15234375
2763,4,5,575,56.15234375
6828,3,5,575,56.15234375
1462,4,3,576,56.25
8695,4,2,576,56.25
2604,8,0,576,56.25
983,4,0,576,56.25
1390,6,2,576,56.25
5457,8,0,576,56.25
6254,4,2,576,56.25
4608,4,2,576,56.25
7322,4,2,576,56.25
1416,3,5,576,56.25
4672,6,2,576,56.25
8184,6,2,576,56.25
2805,4,2,576,56.25
2183,4,0,576,56.25
163,6,2,576,56.25
7158,7,0,577,56.34765625
4918,3,0,577,56.34765625
3975,7,0,577,56.34765625
643,7,4,578,56.4453125
8614,8,0,578,56.4453125
5546,7,0,579,56.54296875
4909,0,2,579,56.54296875
3979,9,1,579,56.54296875
8574,4,3,579,56.54296875
7992,6,2,579,56.54296875
2461,0,2,579,56.54296875
8048,0,2,579,56.54296875
7095,4,0,580,56.640625
5863,4,2,580,56.640625
8495,1,3,581,56.73828125
2799,8,0,582,56.8359375
9672,7,0,582,56.8359375
9861,6,2,582,56.8359375
3045,5,3,582,56.8359375
4200,4,8,582,56.8359375
4773,1,5,582,56.8359375
4873,2,4,583,56.93359375
2790,8,0,583,56.93359375
1336,4,2,583,56.93359375
4104,0,2,584,57.03125
3269,7,4,584,57.03125
3410,4,0,585,57.12890625
9925,4,0,585,57.12890625
6087,4,8,585,57.12890625
9585,4,0,586,57.2265625
3760,7,0,586,57.2265625
9610,4,0,586,57.2265625
2811,2,8,586,57.2265625
9886,4,2,586,57.2265625
801,1,3,586,57.2265625
9173,4,0,586,57.2265625
6233,7,0,587,57.32421875
1917,8,0,587,57.32421875
1259,8,0,588,57.421875
3383,8,0,588,57.421875
8622,4,8,588,57.421875
7845,2,0,588,57.421875
5866,4,3,589,57.51953125
6770,1,0,589,57.51953125
5316,4,3,589,57.51953125
9575,5,3,590,57.6171875
5738,2,4,590,57.6171875
5885,4,8,590,57.6171875
9999,7,0,590,57.6171875
7665,9,8,590,57.6171875
7780,3,0,590,57.6171875
6698,3,0,590,57.6171875
8150,6,2,590,57.6171875
4412,7,0,591,57.71484375
1496,2,4,591,57.71484375
4362,4,0,591,57.71484375
2541,1,9,591,57.71484375
6240,2,4,591,57.71484375
8012,3,0,591,57.71484375
748,2,4,591,57.71484375
5415,4,0,592,57.8125
5884,4,0,592,57.8125
5252,4,3,592,57.8125
6836,4,0,592,57.8125
4117,4,8,592,57.8125
7308,4,3,592,57.8125
4683,4,8,592,57.8125
5942,4,8,592,57.8125
7730,4,8,592,57.8125
4350,4,8,592,57.8125
2261,3,0,592,57.8125
1255,4,8,592,57.8125
7256,4,8,592,57.8125
3780,4,3,592,57.8125
1155,9,1,593,57.91015625
1208,3,9,593,57.91015625
3221,5,3,593,57.91015625
7300,3,9,593,57.91015625
8838,8,0,593,57.91015625
9550,6,0,593,57.91015625
5702,4,0,593,57.91015625
1419,8,0,593,57.91015625
7296,8,0,594,58.0078125
7808,8,0,594,58.0078125
3409,9,0,594,58.0078125
8826,8,0,594,58.0078125
4397,8,0,594,58.0078125
8256,8,0,594,58.0078125
1011,8,0,594,58.0078125
3277,7,0,594,58.0078125
7361,8,0,594,58.0078125
4272,7,4,595,58.10546875
757,8,9,595,58.10546875
2354,8,0,595,58.10546875
8965,4,8,595,58.10546875
6390,7,0,596,58.203125
8158,8,0,597,58.30078125
7075,9,1,597,58.30078125
3478,4,8,598,58.3984375
5974,9,1,598,58.3984375
2602,6,2,598,58.3984375
1127,8,0,599,58.49609375
5829,4,3,599,58.49609375
4886,3,0,599,58.49609375
5701,3,0,599,58.49609375
4554,4,1,600,58.59375
8076,7,0,600,58.59375
1162,7,4,600,58.59375
7886,7,0,600,58.59375
9537,6,2,600,58.59375
3363,2,0,601,58.69140625
9220,8,0,602,58.7890625
8675,7,0,602,58.7890625
4928,9,1,602,58.7890625
578,7,0,603,58.88671875
9647,3,0,604,58.984375
9994,3,1,604,58.984375
4657,7,0,604,58.984375
3129,3,0,604,58.984375
7618,3,9,605,59.08203125
842,7,4,605,59.08203125
6053,4,8,606,59.1796875
7772,3,0,606,59.1796875
8243,4,8,606,59.1796875
7136,1,0,606,59.1796875
2149,6,2,606,59.1796875
6534,7,0,606,59.1796875
7071,1,0,606,59.1796875
3722,7,4,607,59.27734375
2961,4,8,607,59.27734375
6626,2,0,607,59.27734375
4259,5,7,607,59.27734375
6295,8,0,607,59.27734375
2766,4,0,607,59.27734375
2728,2,4,608,59.375
1592,4,3,608,59.375
7268,3,0,608,59.375
2290,9,1,608,59.375
990,1,3,609,59.47265625
3040,7,0,610,59.5703125
9771,4,8,611,59.66796875
8839,1,9,611,59.66796875
6755,9,1,611,59.66796875
3438,9,0,611,59.66796875
3170,9,1,611,59.66796875
2265,8,0,612,59.765625
1231,9,1,612,59.765625
5140,8,0,612,59.765625
3916,9,1,612,59.765625
6289,9,1,613,59.86328125
7206,2,0,614,59.9609375
4494,8,0,614,59.9609375
6309,6,2,614,59.9609375
3800,9,8,614,59.9609375
8179,4,8,614,59.9609375
8900,2,0,615,60.05859375
6314,6,2,615,60.05859375
569,2,0,615,60.05859375
4499,3,5,616,60.15625
4310,4,3,616,60.15625
4987,3,5,617,60.25390625
4239,4,0,618,60.3515625
5602,4,0,619,60.44921875
8744,1,0,620,60.546875
4728,7,0,620,60.546875
7890,6,3,620,60.546875
1861,3,0,620,60.546875
75,2,0,620,60.546875
2882,7,0,620,60.546875
349,9,0,620,60.546875
7693,7,0,621,60.64453125
3245,7,4,621,60.64453125
77,3,0,621,60.64453125
2252,3,1,622,60.7421875
216,7,0,622,60.7421875
5094,9,1,622,60.7421875
2208,4,8,622,60.7421875
7078,7,0,623,60.83984375
2750,5,7,623,60.83984375
1682,7,0,623,60.83984375
5038,4,0,623,60.83984375
3638,9,1,623,60.83984375
3256,4,8,623,60.83984375
9775,9,0,624,60.9375
3919,7,0,624,60.9375
8899,4,8,624,60.9375
7094,4,8,624,60.9375
6971,9,1,625,61.03515625
1249,4,0,625,61.03515625
2448,2,8,625,61.03515625
1426,7,0,625,61.03515625
848,2,0,625,61.03515625
3091,1,9,625,61.03515625
374,2,0,626,61.1328125
673,3,0,626,61.1328125
4021,9,1,626,61.1328125
8926,4,0,627,61.23046875
9552,9,0,627,61.23046875
5195,4,8,627,61.23046875
3889,6,3,628,61.328125
8429,4,8,628,61.328125
8500,4,8,628,61.328125
5445,7,0,628,61.328125
5286,6,3,628,61.328125
6736,4,3,629,61.42578125
7514,7,0,629,61.42578125
7980,3,1,630,61.5234375
9770,4,3,630,61.5234375
8155,1,0,630,61.5234375
6840,9,1,631,61.62109375
6403,4,3,631,61.62109375
4100,7,4,632,61.71875
662,7,0,632,61.71875
5706,7,0,632,61.71875
3972,7,0,633,61.81640625
4544,7,0,633,61.81640625
2230,3,1,634,61.9140625
1966,7,4,634,61.9140625
3788,7,0,634,61.9140625
5728,7,0,634,61.9140625
8204,3,5,635,62.01171875
2315,2,4,636,62.109375
9195,6,2,637,62.20703125
2735,2,4,637,62.20703125
1473,7,0,637,62.20703125
6276,7,0,637,62.20703125
6780,7,0,638,62.3046875
3805,9,0,639,62.40234375
4288,1,0,640,62.5
5228,3,8,640,62.5
5778,7,4,640,62.5
3007,6,2,640,62.5
4978,1,0,641,62.59765625
8594,3,0,641,62.59765625
8207,7,0,642,62.6953125
7725,4,3,643,62.79296875
5321,1,0,643,62.79296875
1616,7,0,643,62.79296875
6106,2,0,643,62.79296875
7516,1,0,643,62.79296875
6788,1,0,644,62.890625
2326,7,4,645,62.98828125
934,7,0,646,63.0859375
6348,8,0,646,63.0859375
1668,9,1,647,63.18359375
552,8,0,648,63.28125
3583,1,3,650,63.4765625
9063,7,0,650,63.4765625
5282,4,8,651,63.57421875
9684,7,0,651,63.57421875
4064,7,0,652,63.671875
8251,3,5,653,63.76953125
6415,1,9,653,63.76953125
554,9,0,653,63.76953125
2025,4,8,654,63.8671875
8042,7,0,655,63.96484375
3176,7,0,655,63.96484375
4178,7,0,655,63.96484375
2217,8,0,656,64.0625
5145,4,8,656,64.0625
511,6,2,657,64.16015625
9000,8,0,657,64.16015625
5818,7,0,657,64.16015625
4782,2,4,658,64.2578125
8284,2,8,658,64.2578125
5658,4,8,658,64.2578125
1655,8,0,661,64.55078125
2558,4,0,662,64.6484375
6479,4,3,662,64.6484375
6160,2,0,663,64.74609375
7636,5,8,663,64.74609375
733,9,8,664,64.84375
4768,9,0,664,64.84375
6974,9,8,664,64.84375
5276,9,0,664,64.84375
9367,9,8,664,64.84375
5772,9,8,664,64.84375
7973,1,9,665,64.94140625
2866,9,0,665,64.94140625
1493,1,9,665,64.94140625
4144,1,0,665,64.94140625
2418,8,0,666,65.0390625
3456,3,8,667,65.13671875
3990,4,2,667,65.13671875
7651,4,8,668,65.234375
9409,9,0,668,65.234375
7463,2,0,668,65.234375
2402,9,8,668,65.234375
8097,1,0,668,65.234375
3085,2,0,670,65.4296875
9038,2,4,670,65.4296875
3922,2,0,670,65.4296875
2817,9,0,670,65.4296875
3121,9,0,671,65.52734375
6602,8,0,671,65.52734375
6743,8,9,672,65.625
3434,5,4,673,65.72265625
6333,3,1,673,65.72265625
5118,2,0,675,65.91796875
4534,2,4,676,66.015625
1370,9,8,676,66.015625
9689,9,0,676,66.015625
3588,6,2,677,66.11328125
7257,0,8,678,66.2109375
2922,3,1,678,66.2109375
8321,4,8,679,66.30859375
5423,6,2,679,66.30859375
5988,9,0,680,66.40625
7844,9,8,680,66.40625
2789,9,8,680,66.40625
4218,9,8,680,66.40625
1692,9,8,680,66.40625
157,9,8,680,66.40625
4882,6,2,681,66.50390625
1467,1,3,681,66.50390625
5057,2,4,681,66.50390625
3062,9,8,682,66.6015625
1643,9,0,682,66.6015625
9236,9,8,682,66.6015625
4297,9,0,683,66.69921875
2991,3,5,683,66.69921875
7359,1,3,683,66.69921875
5054,9,0,684,66.796875
3837,9,8,684,66.796875
2742,2,0,685,66.89453125
8891,9,8,687,67.08984375
6066,2,4,688,67.1875
6207,9,8,689,67.28515625
827,6,2,689,67.28515625
3943,0,4,689,67.28515625
6110,9,8,691,67.48046875
9183,8,1,692,67.578125
8450,9,8,692,67.578125
7155,9,8,693,67.67578125
4396,9,8,693,67.67578125
8864,9,0,693,67.67578125
8083,9,0,693,67.67578125
4914,3,0,694,67.7734375
4806,1,0,694,67.7734375
666,9,1,694,67.7734375
9388,3,1,694,67.7734375
913,4,3,696,67.96875
5484,9,8,697,68.06640625
3210,9,0,698,68.1640625
7448,9,8,698,68.1640625
592,2,4,700,68.359375
3101,7,2,702,68.5546875
7273,4,0,703,68.65234375
3237,9,8,704,68.75
2601,1,3,704,68.75
2467,9,8,704,68.75
4454,6,4,704,68.75
4952,9,8,705,68.84765625
5941,9,0,705,68.84765625
1221,9,0,705,68.84765625
9199,9,0,705,68.84765625
6156,9,1,707,69.04296875
2111,9,1,708,69.140625
4365,9,8,708,69.140625
136,9,1,708,69.140625
67,2,0,708,69.140625
1114,9,8,709,69.23828125
3759,4,8,709,69.23828125
8885,3,5,711,69.43359375
6323,2,8,711,69.43359375
295,4,8,712,69.53125
940,9,1,712,69.53125
9934,4,3,714,69.7265625
7297,9,1,716,69.921875
4294,0,8,718,70.1171875
5958,9,1,719,70.21484375
7848,4,8,719,70.21484375
1359,9,0,719,70.21484375
6377,9,0,719,70.21484375
1844,9,0,719,70.21484375
7739,9,0,719,70.21484375
8472,2,4,719,70.21484375
6572,4,8,720,70.3125
9547,4,8,720,70.3125
8557,3,5,721,70.41015625
9623,9,0,721,70.41015625
6565,9,0,721,70.41015625
487,9,0,721,70.41015625
2698,3,0,721,70.41015625
1654,9,8,722,70.5078125
9201,3,5,722,70.5078125
6811,9,8,723,70.60546875
6274,9,0,723,70.60546875
4854,0,2,725,70.80078125
4960,4,8,726,70.8984375
1060,9,8,727,70.99609375
7982,9,8,727,70.99609375
204,1,5,727,70.99609375
7240,0,4,727,70.99609375
5008,4,3,728,71.09375
4075,2,8,730,71.2890625
285,9,8,731,71.38671875
6407,2,4,731,71.38671875
8693,9,0,732,71.484375
1639,9,8,733,71.58203125
4971,9,8,733,71.58203125
1848,3,1,733,71.58203125
7350,9,0,734,71.6796875
8178,9,1,735,71.77734375
9674,9,8,735,71.77734375
6324,7,4,736,71.875
7028,9,8,736,71.875
3846,9,1,737,71.97265625
1894,3,5,737,71.97265625
8647,4,2,738,72.0703125
7592,9,0,738,72.0703125
9958,9,1,738,72.0703125
3307,9,8,739,72.16796875
8814,9,8,739,72.16796875
6864,0,1,740,72.265625
7543,9,8,741,72.36328125
8235,7,0,744,72.65625
8,3,1,746,72.8515625
7710,9,1,747,72.94921875
5066,4,0,747,72.94921875
4704,9,8,747,72.94921875
4866,9,0,747,72.94921875
7058,9,8,748,73.046875
14,9,0,748,73.046875
3542,9,1,749,73.14453125
8931,9,8,749,73.14453125
6644,0,2,750,73.2421875
8540,4,3,751,73.33984375
4948,1,5,751,73.33984375
3431,4,8,751,73.33984375
8772,1,3,751,73.33984375
9545,9,0,752,73.4375
2068,3,5,752,73.4375
5906,4,0,752,73.4375
2353,4,3,752,73.4375
4159,4,0,753,73.53515625
8217,9,8,753,73.53515625
3305,9,8,753,73.53515625
7955,9,8,753,73.53515625
1324,4,0,753,73.53515625
2562,4,0,754,73.6328125
4213,4,0,754,73.6328125
2182,4,8,754,73.6328125
2664,4,8,754,73.6328125
2184,9,8,755,73.73046875
4514,9,0,755,73.73046875
1367,2,0,755,73.73046875
2341,0,8,755,73.73046875
8714,4,0,755,73.73046875
2913,0,8,756,73.828125
9987,0,8,756,73.828125
4295,0,8,758,74.0234375
1165,0,8,758,74.0234375
5093,0,8,758,74.0234375
9077,2,0,759,74.12109375
4233,9,0,760,74.21875
1551,4,0,760,74.21875
9308,3,5,761,74.31640625
1735,0,8,761,74.31640625
9124,0,8,762,74.4140625
1712,0,8,762,74.4140625
1188,0,8,762,74.4140625
9946,0,2,762,74.4140625
5190,0,8,762,74.4140625
7869,0,8,762,74.4140625
9172,0,8,762,74.4140625
5995,0,8,762,74.4140625
6995,1,0,763,74.51171875
9531,6,2,763,74.51171875
9602,0,8,763,74.51171875
10,0,8,763,74.51171875
4673,0,8,764,74.609375
6105,0,8,764,74.609375
9247,9,0,764,74.609375
3504,9,0,764,74.609375
8271,3,0,765,74.70703125
5649,0,8,766,74.8046875
2099,1,0,767,74.90234375
4510,0,1,768,75.0
2879,0,8,768,75.0
4180,0,8,768,75.0
9046,0,8,768,75.0
8575,9,8,768,75.0
6241,0,8,768,75.0
4958,4,8,768,75.0
2678,0,8,768,75.0
7102,0,8,768,75.0
584,0,8,768,75.0
8812,0,8,768,75.0
4216,0,8,769,75.09765625
1881,9,0,769,75.09765625
8961,0,8,769,75.09765625
989,0,8,769,75.09765625
7925,0,8,769,75.09765625
6029,0,8,769,75.09765625
4880,0,8,769,75.09765625
5707,0,8,769,75.09765625
2783,0,8,769,75.09765625
4418,9,0,769,75.09765625
3484,4,3,770,75.1953125
9074,4,3,770,75.1953125
7575,8,0,770,75.1953125
6672,9,0,771,75.29296875
1652,0,8,771,75.29296875
6987,8,0,772,75.390625
7321,2,8,773,75.48828125
4868,0,8,773,75.48828125
7457,2,0,773,75.48828125
1274,3,5,773,75.48828125
7676,2,8,773,75.48828125
6006,0,8,774,75.5859375
4037,0,8,774,75.5859375
9042,1,0,775,75.68359375
462,1,0,775,75.68359375
4711,9,0,775,75.68359375
9543,2,0,776,75.78125
1310,0,8,776,75.78125
9711,4,3,776,75.78125
1912,0,8,777,75.87890625
6663,0,8,777,75.87890625
9951,0,8,778,75.9765625
9206,8,0,778,75.9765625
3536,0,8,778,75.9765625
1099,2,8,779,76.07421875
4968,0,8,779,76.07421875
4480,9,8,779,76.07421875
4187,0,8,780,76.171875
3483,0,8,780,76.171875
9182,0,8,780,76.171875
4308,0,8,782,76.3671875
5028,9,1,782,76.3671875
5762,0,8,783,76.46484375
2146,2,0,784,76.5625
4370,8,0,784,76.5625
5260,0,8,785,76.66015625
5712,2,0,787,76.85546875
1518,3,1,787,76.85546875
3078,8,0,787,76.85546875
9475,2,8,787,76.85546875
6589,2,8,787,76.85546875
6568,2,8,787,76.85546875
7010,0,8,789,77.05078125
9784,8,0,789,77.05078125
2458,8,0,789,77.05078125
4371,1,3,789,77.05078125
959,8,0,789,77.05078125
2097,2,0,789,77.05078125
7209,0,8,789,77.05078125
9876,0,8,791,77.24609375
4504,0,8,791,77.24609375
7863,0,8,791,77.24609375
4950,2,0,792,77.34375
7678,8,0,792,77.34375
6036,0,8,793,77.44140625
9356,0,8,793,77.44140625
6034,9,0,793,77.44140625
1541,4,0,794,77.5390625
1103,0,8,794,77.5390625
9568,8,0,794,77.5390625
8819,0,8,795,77.63671875
6463,8,0,795,77.63671875
6758,8,0,795,77.63671875
2052,8,0,795,77.63671875
2527,8,0,795,77.63671875
1726,0,8,795,77.63671875
675,0,8,795,77.63671875
4006,8,0,795,77.63671875
234,8,0,795,77.63671875
2941,8,0,795,77.63671875
9533,0,8,796,77.734375
2837,8,0,796,77.734375
9769,8,0,798,77.9296875
2124,0,8,799,78.02734375
5302,0,8,799,78.02734375
9473,0,8,799,78.02734375
778,0,8,799,78.02734375
3937,8,0,799,78.02734375
8638,0,8,799,78.02734375
6893,3,5,799,78.02734375
1439,9,5,800,78.125
336,3,5,800,78.125
7166,1,9,800,78.125
8215,1,0,800,78.125
6621,0,8,801,78.22265625
9033,2,8,801,78.22265625
6775,0,8,802,78.3203125
7189,0,8,802,78.3203125
6047,0,8,802,78.3203125
613,8,0,803,78.41796875
1826,8,0,803,78.41796875
408,8,0,803,78.41796875
2123,2,0,803,78.41796875
9011,2,0,803,78.41796875
113,2,8,804,78.515625
5672,8,0,804,78.515625
8293,0,8,804,78.515625
9412,8,0,804,78.515625
6208,8,0,806,78.7109375
633,8,0,806,78.7109375
6778,2,8,807,78.80859375
7291,3,5,808,78.90625
3537,8,0,808,78.90625
9266,8,0,808,78.90625
6793,3,1,809,79.00390625
8994,8,0,809,79.00390625
9915,2,8,809,79.00390625
3672,0,8,809,79.00390625
3125,3,5,809,79.00390625
2966,0,8,810,79.1015625
8441,8,0,810,79.1015625
2695,2,0,810,79.1015625
8061,0,8,811,79.19921875
2227,8,0,811,79.19921875
2812,0,8,812,79.296875
2074,2,0,812,79.296875
7576,8,0,813,79.39453125
2502,8,0,813,79.39453125
8592,0,8,813,79.39453125
4319,2,0,813,79.39453125
4726,0,8,813,79.39453125
9988,8,0,813,79.39453125
1459,8,0,813,79.39453125
5964,9,0,813,79.39453125
2681,0,8,813,79.39453125
3140,8,0,813,79.39453125
2919,8,0,813,79.39453125
9846,8,0,813,79.39453125
854,0,8,813,79.39453125
7190,2,0,814,79.4921875
6343,8,0,814,79.4921875
1926,0,8,815,79.58984375
6258,0,8,816,79.6875
7836,0,8,816,79.6875
5880,0,8,816,79.6875
8909,0,8,816,79.6875
7645,0,8,816,79.6875
1323,0,8,817,79.78515625
153,0,8,818,79.8828125
2370,0,8,818,79.8828125
111,0,8,818,79.8828125
3273,8,3,818,79.8828125
3281,2,0,818,79.8828125
5164,0,8,819,79.98046875
7683,0,8,819,79.98046875
2793,9,0,819,79.98046875
6618,0,8,819,79.98046875
1785,0,8,819,79.98046875
7733,0,8,819,79.98046875
1725,0,8,819,79.98046875
6548,0,8,819,79.98046875
8483,0,8,819,79.98046875
3551,0,8,819,79.98046875
4937,0,8,819,79.98046875
4194,0,8,819,79.98046875
9577,0,8,819,79.98046875
560,0,8,819,79.98046875
447,0,8,819,79.98046875
3148,0,8,819,79.98046875
9912,0,8,819,79.98046875
5798,0,8,819,79.98046875
8769,0,8,819,79.98046875
9439,0,8,819,79.98046875
3825,0,8,819,79.98046875
5733,3,0,819,79.98046875
2041,0,8,819,79.98046875
3982,9,0,820,80.078125
7171,2,8,820,80.078125
9094,2,0,820,80.078125
5188,8,0,821,80.17578125
6059,9,0,821,80.17578125
6529,2,0,823,80.37109375
6902,4,3,824,80.46875
4284,9,8,825,80.56640625
5021,0,8,825,80.56640625
2944,9,0,825,80.56640625
7468,8,0,826,80.6640625
1965,0,8,827,80.76171875
2715,0,8,827,80.76171875
8643,0,8,827,80.76171875
8800,0,8,827,80.76171875
6544,0,8,827,80.76171875
6546,2,0,827,80.76171875
2040,0,8,827,80.76171875
4939,0,8,827,80.76171875
9822,0,8,827,80.76171875
21,0,8,827,80.76171875
6057,0,8,828,80.859375
3050,0,8,828,80.859375
3938,8,0,828,80.859375
3499,0,8,828,80.859375
8862,0,8,828,80.859375
7987,0,8,828,80.859375
5036,0,8,828,80.859375
9826,0,8,828,80.859375
7838,0,8,828,80.859375
7373,0,8,829,80.95703125
5652,0,8,829,80.95703125
8185,0,8,829,80.95703125
6815,0,8,829,80.95703125
1183,0,8,829,80.95703125
785,0,8,829,80.95703125
6221,0,8,830,81.0546875
8884,0,8,830,81.0546875
1237,0,8,830,81.0546875
4824,0,8,830,81.0546875
5055,0,8,830,81.0546875
1286,8,0,830,81.0546875
946,0,8,830,81.0546875
7018,0,8,831,81.15234375
4780,0,8,831,81.15234375
1343,0,8,831,81.15234375
7698,0,8,831,81.15234375
6082,0,8,831,81.15234375
2468,0,8,831,81.15234375
6450,0,8,831,81.15234375
8762,8,0,831,81.15234375
8917,0,8,831,81.15234375
6650,0,8,832,81.25
8105,0,8,832,81.25
2077,0,8,832,81.25
789,8,0,832,81.25
4141,8,0,832,81.25
1776,0,8,832,81.25
6091,0,8,832,81.25
3155,8,0,833,81.34765625
2687,8,0,833,81.34765625
9624,2,8,833,81.34765625
9719,8,9,833,81.34765625
7701,0,8,833,81.34765625
5688,8,0,833,81.34765625
7148,0,8,833,81.34765625
2979,0,8,834,81.4453125
2480,8,0,834,81.4453125
9256,0,8,834,81.4453125
116,0,8,835,81.54296875
2160,0,8,835,81.54296875
3912,8,0,835,81.54296875
4361,8,0,835,81.54296875
8411,8,0,835,81.54296875
859,8,0,835,81.54296875
3829,8,0,835,81.54296875
9956,0,8,835,81.54296875
3568,0,2,836,81.640625
8969,8,0,836,81.640625
864,0,8,836,81.640625
6462,0,8,837,81.73828125
27,0,2,837,81.73828125
4328,0,8,837,81.73828125
1617,0,8,838,81.8359375
5253,0,8,838,81.8359375
2720,3,8,838,81.8359375
5078,8,0,838,81.8359375
7354,0,8,838,81.8359375
7650,2,8,839,81.93359375
960,9,0,840,82.03125
244,0,8,840,82.03125
9333,0,8,840,82.03125
6508,0,2,841,82.12890625
7470,9,8,841,82.12890625
1288,1,3,841,82.12890625
1742,8,0,842,82.2265625
4028,0,2,842,82.2265625
5623,8,0,844,82.421875
3630,8,0,844,82.421875
7649,2,0,844,82.421875
2194,8,0,844,82.421875
9619,8,0,844,82.421875
8230,0,8,845,82.51953125
8974,2,8,845,82.51953125
2893,8,0,845,82.51953125
8163,0,8,845,82.51953125
709,8,0,845,82.51953125
4706,2,0,845,82.51953125
1903,0,8,846,82.6171875
1539,2,8,846,82.6171875
7544,0,8,846,82.6171875
4171,0,8,846,82.6171875
5437,0,8,846,82.6171875
9558,0,8,847,82.71484375
9766,0,2,848,82.8125
3024,0,2,848,82.8125
4639,0,8,849,82.91015625
1027,0,2,849,82.91015625
8894,0,8,849,82.91015625
8554,0,2,849,82.91015625
3265,8,0,849,82.91015625
179,0,8,849,82.91015625
5543,0,2,849,82.91015625
5454,0,8,850,83.0078125
2951,0,8,850,83.0078125
1365,0,2,850,83.0078125
9929,8,0,850,83.0078125
9544,0,2,851,83.10546875
2877,0,8,851,83.10546875
3294,0,8,851,83.10546875
276,0,8,851,83.10546875
7688,8,0,852,83.203125
9130,8,0,852,83.203125
9579,2,8,852,83.203125
8415,0,4,852,83.203125
2254,8,0,852,83.203125
6519,2,0,852,83.203125
3445,0,8,853,83.30078125
6996,0,8,853,83.30078125
3167,2,0,854,83.3984375
4153,0,8,854,83.3984375
4741,1,0,854,83.3984375
2857,0,8,854,83.3984375
1499,8,0,856,83.59375
7430,2,8,856,83.59375
9196,0,8,857,83.69140625
1579,0,8,857,83.69140625
2749,0,8,857,83.69140625
9519,9,0,858,83.7890625
406,0,2,858,83.7890625
9017,0,2,858,83.7890625
5735,0,2,858,83.7890625
235,0,2,858,83.7890625
1026,0,8,858,83.7890625
2411,0,8,859,83.88671875
8043,0,8,859,83.88671875
944,0,8,859,83.88671875
3971,0,8,859,83.88671875
5739,2,8,860,83.984375
3248,0,2,860,83.984375
5844,0,8,861,84.08203125
4557,0,8,861,84.08203125
1018,0,8,862,84.1796875
8717,8,0,862,84.1796875
1010,0,2,862,84.1796875
9554,7,8,862,84.1796875
6939,2,8,863,84.27734375
2614,0,2,863,84.27734375
4653,2,8,863,84.27734375
9495,0,2,863,84.27734375
919,0,8,863,84.27734375
791,0,2,863,84.27734375
5293,0,8,863,84.27734375
1875,0,2,863,84.27734375
1949,0,2,863,84.27734375
6738,0,2,863,84.27734375
6983,9,1,863,84.27734375
7222,8,0,864,84.375
2344,0,2,865,84.47265625
4168,9,8,865,84.47265625
8913,8,0,865,84.47265625
7607,0,2,865,84.47265625
4558,0,8,865,84.47265625
8210,0,8,866,84.5703125
3034,2,8,867,84.66796875
2257,0,2,867,84.66796875
5968,0,8,867,84.66796875
1023,0,8,867,84.66796875
5705,2,0,867,84.66796875
9904,0,8,868,84.765625
4922,0,2,868,84.765625
1825,2,0,868,84.765625
2739,2,0,868,84.765625
9271,0,2,868,84.765625
9642,0,3,869,84.86328125
1809,8,0,869,84.86328125
9272,0,2,869,84.86328125
6003,0,2,869,84.86328125
7353,8,0,869,84.86328125
5827,0,2,869,84.86328125
7196,0,2,869,84.86328125
8834,8,0,869,84.86328125
8543,0,2,869,84.86328125
5788,0,8,869,84.86328125
73,8,0,869,84.86328125
4385,8,0,869,84.86328125
7138,0,8,870,84.9609375
2674,0,8,870,84.9609375
1851,0,2,870,84.9609375
5475,0,8,870,84.9609375
5146,0,8,870,84.9609375
4901,0,8,870,84.9609375
2680,0,8,870,84.9609375
298,0,2,871,85.05859375
2373,0,2,871,85.05859375
6350,0,8,871,85.05859375
2569,0,2,871,85.05859375
6347,0,2,871,85.05859375
8795,0,2,871,85.05859375
8017,0,2,871,85.05859375
6128,0,2,871,85.05859375
6923,0,8,871,85.05859375
3651,0,8,872,85.15625
2490,0,8,872,85.15625
1161,0,8,872,85.15625
7034,0,2,872,85.15625
6069,0,8,872,85.15625
4591,0,8,873,85.25390625
3048,0,4,873,85.25390625
6331,0,2,874,85.3515625
868,0,8,874,85.3515625
6302,0,8,874,85.3515625
8736,3,8,875,85.44921875
3740,0,8,875,85.44921875
622,1,8,876,85.546875
7774,0,2,876,85.546875
6740,2,0,877,85.64453125
7024,9,0,877,85.64453125
6363,0,8,879,85.83984375
6601,0,8,880,85.9375
7811,0,8,881,86.03515625
1819,0,8,881,86.03515625
1077,0,8,881,86.03515625
2388,0,8,882,86.1328125
7737,0,8,882,86.1328125
1811,1,0,882,86.1328125
2122,0,8,883,86.23046875
4953,0,8,884,86.328125
2148,9,0,884,86.328125
38,9,0,884,86.328125
2552,9,0,884,86.328125
9658,9,8,884,86.328125
133,9,0,884,86.328125
5587,0,8,885,86.42578125
4515,0,8,885,86.42578125
8262,0,8,885,86.42578125
1197,0,8,885,86.42578125
9181,0,8,885,86.42578125
1067,0,8,885,86.42578125
7616,0,8,886,86.5234375
9086,0,8,886,86.5234375
2318,2,8,887,86.62109375
6222,0,8,887,86.62109375
1152,0,8,888,86.71875
359,0,8,889,86.81640625
7696,0,8,889,86.81640625
4666,0,2,889,86.81640625
9664,0,8,890,86.9140625
5328,0,8,891,87.01171875
1109,0,8,891,87.01171875
716,3,8,892,87.109375
4340,0,8,892,87.109375
2113,0,8,892,87.109375
4759,0,8,892,87.109375
8903,0,8,892,87.109375
4056,0,8,892,87.109375
8761,0,8,892,87.109375
4461,0,8,892,87.109375
7031,0,8,892,87.109375
9890,0,8,892,87.109375
9499,0,8,892,87.109375
5242,0,8,892,87.109375
7692,0,8,893,87.20703125
1295,0,8,893,87.20703125
6812,0,8,893,87.20703125
2548,0,2,893,87.20703125
4374,0,8,893,87.20703125
6306,0,8,893,87.20703125
1646,0,2,894,87.3046875
956,0,8,894,87.3046875
6851,0,8,894,87.3046875
7748,0,8,894,87.3046875
6022,0,8,894,87.3046875
3112,0,8,895,87.40234375
4426,0,8,895,87.40234375
4102,0,8,895,87.40234375
496,0,8,895,87.40234375
6247,0,8,895,87.40234375
8358,0,8,895,87.40234375
5124,0,8,895,87.40234375
44,0,8,895,87.40234375
6418,0,8,895,87.40234375
9413,0,8,895,87.40234375
3903,0,8,895,87.40234375
2956,0,8,895,87.40234375
9512,0,8,895,87.40234375
7513,0,8,895,87.40234375
522,0,8,895,87.40234375
4415,0,8,895,87.40234375
1210,0,8,895,87.40234375
5255,0,8,895,87.40234375
7871,0,8,895,87.40234375
9565,0,8,895,87.40234375
7652,0,8,895,87.40234375
4356,0,8,895,87.40234375
6583,0,8,895,87.40234375
9151,0,8,895,87.40234375
2892,0,8,895,87.40234375
6187,0,8,895,87.40234375
4840,0,8,895,87.40234375
6797,0,8,895,87.40234375
1694,0,8,895,87.40234375
4771,0,8,895,87.40234375
9931,0,8,895,87.40234375
2833,0,8,895,87.40234375
9111,0,8,896,87.5
4176,3,0,896,87.5
5173,0,2,896,87.5
9954,0,8,896,87.5
2724,0,8,896,87.5
5781,0,8,896,87.5
382,0,8,896,87.5
6476,0,8,896,87.5
5951,0,2,896,87.5
4113,0,8,896,87.5
4305,0,8,896,87.5
9469,0,8,896,87.5
7115,0,8,896,87.5
7594,0,8,897,87.59765625
9802,0,8,897,87.59765625
2425,0,8,897,87.59765625
90,0,8,899,87.79296875
7045,3,0,899,87.79296875
3426,0,8,900,87.890625
9632,2,8,900,87.890625
9243,3,8,901,87.98828125
5091,0,8,901,87.98828125
4050,3,0,903,88.18359375
2856,2,0,909,88.76953125
5478,3,5,910,88.8671875
1070,3,0,910,88.8671875
4203,2,8,911,88.96484375
1705,0,8,913,89.16015625
8299,3,0,913,89.16015625
1879,0,8,914,89.2578125
4458,3,0,917,89.55078125
911,3,1,917,89.55078125
6049,8,0,919,89.74609375
7193,8,0,921,89.94140625
8805,9,0,924,90.234375
4393,3,8,934,91.2109375
3234,3,0,938,91.6015625
5336,3,8,940,91.796875
9089,3,0,941,91.89453125
2249,0,8,955,93.26171875
9462,2,0,962,93.9453125
537,2,0,962,93.9453125
5244,2,8,964,94.140625
7494,2,8,965,94.23828125
2212,2,8,968,94.53125
2610,2,8,968,94.53125
291,2,8,970,94.7265625
2513,2,8,970,94.7265625
765,2,0,970,94.7265625
3522,2,8,971,94.82421875
9639,2,8,971,94.82421875
650,3,8,974,95.1171875
3649,3,8,975,95.21484375
4266,3,8,976,95.3125
1392,2,8,977,95.41015625
1709,2,8,977,95.41015625
3783,2,8,978,95.5078125
5133,2,8,978,95.5078125
1257,2,8,979,95.60546875
9108,2,8,979,95.60546875
3541,2,0,981,95.80078125
7902,2,8,982,95.8984375
847,0,8,982,95.8984375
6456,2,8,984,96.09375
7721,2,8,985,96.19140625
2839,2,8,985,96.19140625
2070,2,8,985,96.19140625
1678,2,8,986,96.2890625
559,2,8,987,96.38671875
4809,0,8,988,96.484375
182,2,8,990,96.6796875
1597,3,0,992,96.875
6699,2,8,992,96.875
6163,3,8,993,96.97265625
3468,2,0,993,96.97265625
4043,3,8,993,96.97265625
3386,2,8,994,97.0703125
3960,2,8,994,97.0703125
8754,3,0,994,97.0703125
8203,3,0,994,97.0703125
6928,2,8,995,97.16796875
1451,2,8,996,97.265625
8924,2,0,998,97.4609375
5944,2,0,1004,98.046875
4234,2,8,1005,98.14453125
2883,2,8,1008,98.4375
7944,2,8,1009,98.53515625
7340,2,8,1010,98.6328125
7019,2,8,1012,98.828125
9638,2,8,1016,99.21875
6458,2,8,1016,99.21875
6230,2,8,1018,99.4140625
4640,2,8,1018,99.4140625
6252,2,8,1019,99.51171875
7216,2,8,1019,99.51171875
1767,2,8,1020,99.609375
9419,2,8,1020,99.609375
4813,8,8,1024,100.0
9814,8,8,1024,100.0
3848,8,8,1024,100.0
5892,8,8,1024,100.0
55,8,8,1024,100.0
4014,8,8,1024,100.0
2574,8,8,1024,100.0
8890,8,8,1024,100.0
3521,8,8,1024,100.0
8011,8,8,1024,100.0
7485,8,8,1024,100.0
8377,8,8,1024,100.0
7392,8,8,1024,100.0
6366,8,8,1024,100.0
2994,8,8,1024,100.0
2431,8,8,1024,100.0
2546,8,8,1024,100.0
1946,8,8,1024,100.0
4351,8,8,1024,100.0
4254,8,8,1024,100.0
185,8,8,1024,100.0
5989,8,8,1024,100.0
908,8,8,1024,100.0
7655,8,8,1024,100.0
3718,8,8,1024,100.0
7185,8,8,1024,100.0
8075,8,8,1024,100.0
3870,8,8,1024,100.0
2591,8,8,1024,100.0
6751,8,8,1024,100.0
3423,8,8,1024,100.0
